fonte,fracao_parada,recorte,estrategia,referencia,intervencoes,perda_referencia_mwh,perda_estrategia_mwh,perda_oraculo_mwh,economia_media_mwh,economia_mediana_mwh,fracao_melhor,fracao_pior,fracao_do_teto
eolica,0.05,todos,curtamap,fixo_08h,3654,2.2543353995621245,1.1219726943076085,0.2555421866447729,1.132362705254516,0.0,0.19239189928845102,0.05309250136836344,0.5665231890605475
eolica,0.05,todos,curtamap,historico,3654,1.1766953201970445,1.1219726943076085,0.2555421866447729,0.05472262588943629,0.0,0.040229885057471264,0.02681992337164751,0.059406654438016966
eolica,0.05,todos,curtamap,menor_potencial,3654,2.390942344006568,1.1219726943076085,0.2555421866447729,1.26896964969896,0.0,0.4373289545703339,0.07060755336617405,0.5942537960972725
eolica,0.05,todos,curtamap_so_alerta,fixo_08h,3654,2.2543353995621245,1.121873994252874,0.2555421866447729,1.1324614053092505,0.0,0.19239189928845102,0.05309250136836344,0.566572568883381
eolica,0.05,todos,curtamap_so_alerta,historico,3654,1.1766953201970445,1.121873994252874,0.2555421866447729,0.05482132594417083,0.0,0.039956212370005476,0.02654625068418172,0.05951380280579585
eolica,0.05,todos,curtamap_so_alerta,menor_potencial,3654,2.390942344006568,1.121873994252874,0.2555421866447729,1.2690683497536948,0.0,0.4370552818828681,0.07033388067870827,0.5943000169680513
eolica,0.05,dias_com_alerta,curtamap,fixo_08h,3630,2.269234745179064,1.129247011019284,0.25723172176308545,1.13998773415978,0.0,0.1933884297520661,0.053168044077134984,0.5665934498569037
eolica,0.05,dias_com_alerta,curtamap,historico,3630,1.1844307920110195,1.129247011019284,0.25723172176308545,0.0551837809917356,0.0,0.04022038567493113,0.02672176308539945,0.059516648325563346
eolica,0.05,dias_com_alerta,curtamap,menor_potencial,3630,2.4067058953168043,1.129247011019284,0.25723172176308545,1.2774588842975207,0.0,0.4399449035812672,0.07079889807162534,0.5943122741435417
eolica,0.05,dias_com_alerta,curtamap_so_alerta,fixo_08h,3630,2.269234745179064,1.129247011019284,0.25723172176308545,1.13998773415978,0.0,0.1933884297520661,0.053168044077134984,0.5665934498569037
eolica,0.05,dias_com_alerta,curtamap_so_alerta,historico,3630,1.1844307920110195,1.129247011019284,0.25723172176308545,0.0551837809917356,0.0,0.04022038567493113,0.02672176308539945,0.059516648325563346
eolica,0.05,dias_com_alerta,curtamap_so_alerta,menor_potencial,3630,2.4067058953168043,1.129247011019284,0.25723172176308545,1.2774588842975207,0.0,0.4399449035812672,0.07079889807162534,0.5943122741435417
fotovoltaica,0.05,todos,curtamap,fixo_08h,1986,9.90543033736153,6.891758207452168,0.6919337361530716,3.0136721299093656,0.0,0.25226586102719034,0.10876132930513595,0.327093204713842
fotovoltaica,0.05,todos,curtamap,historico,1986,5.483986417421956,6.891758207452168,0.6919337361530716,-1.4077717900302114,0.0,0.05840886203423968,0.06797583081570997,-0.29377218567168356
fotovoltaica,0.05,todos,curtamap,menor_potencial,1986,8.572011883182276,6.891758207452168,0.6919337361530716,1.6802536757301105,1.2000125000000001,0.7749244712990937,0.17925478348439072,0.21322804728320713
fotovoltaica,0.05,todos,curtamap_so_alerta,fixo_08h,1986,9.90543033736153,6.845225264350454,0.6919337361530716,3.0602050730110784,0.0,0.2502517623363545,0.10976837865055387,0.33214372408947285
fotovoltaica,0.05,todos,curtamap_so_alerta,historico,1986,5.483986417421956,6.845225264350454,0.6919337361530716,-1.3612388469284995,0.0,0.05991943605236657,0.0689828801611279,-0.28406174503241444
fotovoltaica,0.05,todos,curtamap_so_alerta,menor_potencial,1986,8.572011883182276,6.845225264350454,0.6919337361530716,1.7267866188318224,1.14695,0.7633434038267876,0.1661631419939577,0.21913318454625
fotovoltaica,0.05,dias_com_alerta,curtamap,fixo_08h,1906,8.488821366736623,5.5286456190975874,0.5883570173137462,2.960175747639035,0.0,0.24554039874081846,0.10230849947534103,0.37468376752504096
fotovoltaica,0.05,dias_com_alerta,curtamap,historico,1906,5.185592444910809,5.5286456190975874,0.5883570173137462,-0.34305317418677866,0.0,0.05613850996852046,0.05666316894018888,-0.07462162414555516
fotovoltaica,0.05,dias_com_alerta,curtamap,menor_potencial,1906,7.327910165267577,5.5286456190975874,0.5883570173137462,1.799264546169989,1.2715874999999999,0.7953830010493179,0.1731374606505771,0.2669708965372959
fotovoltaica,0.05,dias_com_alerta,curtamap_so_alerta,fixo_08h,1906,8.488821366736623,5.5286456190975874,0.5883570173137462,2.960175747639035,0.0,0.24554039874081846,0.10230849947534103,0.37468376752504096
fotovoltaica,0.05,dias_com_alerta,curtamap_so_alerta,historico,1906,5.185592444910809,5.5286456190975874,0.5883570173137462,-0.34305317418677866,0.0,0.05613850996852046,0.05666316894018888,-0.07462162414555516
fotovoltaica,0.05,dias_com_alerta,curtamap_so_alerta,menor_potencial,1906,7.327910165267577,5.5286456190975874,0.5883570173137462,1.799264546169989,1.2715874999999999,0.7953830010493179,0.1731374606505771,0.2669708965372959
eolica,0.1,todos,curtamap,fixo_08h,3654,3.9493131773399015,1.7592297619047617,0.5315172550629447,2.1900834154351396,0.0,0.2222222222222222,0.059113300492610835,0.6407882346515567
eolica,0.1,todos,curtamap,historico,3654,1.8907050903119864,1.7592297619047617,0.5315172550629447,0.13147532840722495,0.0,0.05008210180623974,0.03503010399562124,0.09673080128997397
eolica,0.1,todos,curtamap,menor_potencial,3654,4.194304488232075,1.7592297619047617,0.5315172550629447,2.4350747263273127,0.0,0.4616858237547893,0.07963875205254516,0.6648146810920352
eolica,0.1,todos,curtamap_so_alerta,fixo_08h,3654,3.9493131773399015,1.7590323617952928,0.5315172550629447,2.1902808155446083,0.0,0.2222222222222222,0.059113300492610835,0.6408459912040126
eolica,0.1,todos,curtamap_so_alerta,historico,3654,1.8907050903119864,1.7590323617952928,0.5315172550629447,0.13167272851669404,0.0,0.04980842911877394,0.03475643130815544,0.09687603516004675
eolica,0.1,todos,curtamap_so_alerta,menor_potencial,3654,4.194304488232075,1.7590323617952928,0.5315172550629447,2.435272126436782,0.0,0.4614121510673235,0.07936507936507936,0.6648685745062312
eolica,0.1,dias_com_alerta,curtamap,fixo_08h,3630,3.975413636363636,1.7705736639118455,0.5350314187327824,2.2048399724517904,0.0,0.2234159779614325,0.05922865013774105,0.64087064546279
eolica,0.1,dias_com_alerta,curtamap,historico,3630,1.9031169559228647,1.7705736639118455,0.5350314187327824,0.13254329201101928,0.0,0.050137741046831955,0.0349862258953168,0.09688231357466916
eolica,0.1,dias_com_alerta,curtamap,menor_potencial,3630,4.221946763085399,1.7705736639118455,0.5350314187327824,2.451373099173554,0.0,0.4644628099173554,0.07988980716253444,0.6648845634409294
eolica,0.1,dias_com_alerta,curtamap_so_alerta,fixo_08h,3630,3.975413636363636,1.7705736639118455,0.5350314187327824,2.2048399724517904,0.0,0.2234159779614325,0.05922865013774105,0.64087064546279
eolica,0.1,dias_com_alerta,curtamap_so_alerta,historico,3630,1.9031169559228647,1.7705736639118455,0.5350314187327824,0.13254329201101928,0.0,0.050137741046831955,0.0349862258953168,0.09688231357466916
eolica,0.1,dias_com_alerta,curtamap_so_alerta,menor_potencial,3630,4.221946763085399,1.7705736639118455,0.5350314187327824,2.451373099173554,0.0,0.4644628099173554,0.07988980716253444,0.6648845634409294
fotovoltaica,0.1,todos,curtamap,fixo_08h,1986,14.432132527693856,9.987361052366566,1.4917628398791538,4.4447714753272916,0.0,0.2799597180261833,0.11883182275931521,0.34348102740161357
fotovoltaica,0.1,todos,curtamap,historico,1986,8.62000949144008,9.987361052366566,1.4917628398791538,-1.3673515609264855,0.0,0.06747230614300101,0.07603222557905337,-0.19182158359055468
fotovoltaica,0.1,todos,curtamap,menor_potencial,1986,12.676768202416918,9.987361052366566,1.4917628398791538,2.689407150050353,2.277725,0.7683786505538771,0.19184290030211482,0.24044755124195613
fotovoltaica,0.1,todos,curtamap_so_alerta,fixo_08h,1986,14.432132527693856,9.889048716012082,1.4917628398791538,4.543083811681773,0.0,0.27844914400805637,0.11933534743202417,0.3510783633917172
fotovoltaica,0.1,todos,curtamap_so_alerta,historico,1986,8.62000949144008,9.889048716012082,1.4917628398791538,-1.2690392245720044,0.0,0.06948640483383686,0.07653575025176233,-0.17802964552217246
fotovoltaica,0.1,todos,curtamap_so_alerta,menor_potencial,1986,12.676768202416918,9.889048716012082,1.4917628398791538,2.7877194864048347,2.1899,0.756797583081571,0.17875125881168177,0.24923720606713498
fotovoltaica,0.1,dias_com_alerta,curtamap,fixo_08h,1906,13.109161831059808,8.61998457502623,1.3461362801678904,4.489177256033578,0.0,0.27492130115424973,0.11227701993704092,0.38163457493239833
fotovoltaica,0.1,dias_com_alerta,curtamap,historico,1906,8.332357266526756,8.61998457502623,1.3461362801678904,-0.2876273084994756,0.0,0.06558237145855195,0.06505771248688352,-0.04117065707785225
fotovoltaica,0.1,dias_com_alerta,curtamap,menor_potencial,1906,11.524712224554039,8.61998457502623,1.3461362801678904,2.9047276495278074,2.405074999999999,0.7885624344176285,0.1862539349422875,0.2853766249226513
fotovoltaica,0.1,dias_com_alerta,curtamap_so_alerta,fixo_08h,1906,13.109161831059808,8.61998457502623,1.3461362801678904,4.489177256033578,0.0,0.27492130115424973,0.11227701993704092,0.38163457493239833
fotovoltaica,0.1,dias_com_alerta,curtamap_so_alerta,historico,1906,8.332357266526756,8.61998457502623,1.3461362801678904,-0.2876273084994756,0.0,0.06558237145855195,0.06505771248688352,-0.04117065707785225
fotovoltaica,0.1,dias_com_alerta,curtamap_so_alerta,menor_potencial,1906,11.524712224554039,8.61998457502623,1.3461362801678904,2.9047276495278074,2.405074999999999,0.7885624344176285,0.1862539349422875,0.2853766249226513
eolica,0.25,todos,curtamap,fixo_08h,3654,11.97364750957854,5.3658063423645315,2.1342764094143405,6.607841167214012,0.0,0.3286808976464149,0.07635467980295567,0.671571495774129
eolica,0.25,todos,curtamap,historico,3654,5.860490489874111,5.3658063423645315,2.1342764094143405,0.49468414750957856,0.0,0.08921729611384784,0.05993431855500821,0.13275784397458465
eolica,0.25,todos,curtamap,menor_potencial,3654,11.377046900656813,5.3658063423645315,2.1342764094143405,6.011240558292283,0.4692500000000005,0.5336617405582923,0.11767925561029009,0.6503721545382886
eolica,0.25,todos,curtamap_so_alerta,fixo_08h,3654,11.97364750957854,5.36531284209086,2.1342764094143405,6.608334667487685,0.0,0.3286808976464149,0.07635467980295567,0.6716216514465443
eolica,0.25,todos,curtamap_so_alerta,historico,3654,5.860490489874111,5.36531284209086,2.1342764094143405,0.49517764778325124,0.0,0.08894362342638204,0.05966064586754242,0.1328902841036316
eolica,0.25,todos,curtamap_so_alerta,menor_potencial,3654,11.377046900656813,5.36531284209086,2.1342764094143405,6.011734058565955,0.4658750000000009,0.5333880678708265,0.1174055829228243,0.6504255476496007
eolica,0.25,dias_com_alerta,curtamap,fixo_08h,3630,12.052785365013776,5.400564325068871,2.148387327823692,6.6522210399449015,0.0,0.3305785123966942,0.0765840220385675,0.6716431442846338
eolica,0.25,dias_com_alerta,curtamap,historico,3630,5.899015874655646,5.400564325068871,2.148387327823692,0.49845154958677684,0.0,0.08953168044077135,0.06005509641873278,0.132898137835538
eolica,0.25,dias_com_alerta,curtamap,menor_potencial,3630,11.45204538567493,5.400564325068871,2.148387327823692,6.0514810606060605,0.50525,0.5369146005509642,0.11818181818181818,0.6504410440471092
eolica,0.25,dias_com_alerta,curtamap_so_alerta,fixo_08h,3630,12.052785365013776,5.400564325068871,2.148387327823692,6.6522210399449015,0.0,0.3305785123966942,0.0765840220385675,0.6716431442846338
eolica,0.25,dias_com_alerta,curtamap_so_alerta,historico,3630,5.899015874655646,5.400564325068871,2.148387327823692,0.49845154958677684,0.0,0.08953168044077135,0.06005509641873278,0.132898137835538
eolica,0.25,dias_com_alerta,curtamap_so_alerta,menor_potencial,3630,11.45204538567493,5.400564325068871,2.148387327823692,6.0514810606060605,0.50525,0.5369146005509642,0.11818181818181818,0.6504410440471092
fotovoltaica,0.25,todos,curtamap,fixo_08h,1986,31.45155866062437,23.16939891742195,5.180412134944612,8.282159743202417,0.0,0.3580060422960725,0.13494461228600202,0.3152568821123469
fotovoltaica,0.25,todos,curtamap,historico,1986,22.001402756797585,23.16939891742195,5.180412134944612,-1.1679961606243703,0.0,0.0891238670694864,0.08761329305135952,-0.06943682372112908
fotovoltaica,0.25,todos,curtamap,menor_potencial,1986,26.380175604229606,23.16939891742195,5.180412134944612,3.210776686807653,5.259,0.7210473313192346,0.24269889224572003,0.15145342029214362
fotovoltaica,0.25,todos,curtamap_so_alerta,fixo_08h,1986,31.45155866062437,22.897953801611283,5.180412134944612,8.553604859013092,0.0,0.3564954682779456,0.13544813695871097,0.3255893247998155
fotovoltaica,0.25,todos,curtamap_so_alerta,historico,1986,22.001402756797585,22.897953801611283,5.180412134944612,-0.896551044813696,0.0,0.09063444108761329,0.08811681772406849,-0.053299538949206866
fotovoltaica,0.25,todos,curtamap_so_alerta,menor_potencial,1986,26.380175604229606,22.897953801611283,5.180412134944612,3.482221802618328,4.897812500000001,0.7089627391742196,0.23011077542799596,0.16425757804625982
fotovoltaica,0.25,dias_com_alerta,curtamap,fixo_08h,1906,30.54590070828961,21.931762526232955,5.025430613850997,8.614138182056662,0.0,0.35624344176285416,0.12906610703043023,0.33753838194124186
fotovoltaica,0.25,dias_com_alerta,curtamap,historico,1906,21.896995212486885,21.931762526232955,5.025430613850997,-0.03476731374606512,0.0,0.08709338929695698,0.07712486883525708,-0.0020607047759445
fotovoltaica,0.25,dias_com_alerta,curtamap,menor_potencial,1906,25.560142641657926,21.931762526232955,5.025430613850997,3.6283801154249744,5.714250000000001,0.7387198321091291,0.2397691500524659,0.17669495975943714
fotovoltaica,0.25,dias_com_alerta,curtamap_so_alerta,fixo_08h,1906,30.54590070828961,21.931762526232955,5.025430613850997,8.614138182056662,0.0,0.35624344176285416,0.12906610703043023,0.33753838194124186
fotovoltaica,0.25,dias_com_alerta,curtamap_so_alerta,historico,1906,21.896995212486885,21.931762526232955,5.025430613850997,-0.03476731374606512,0.0,0.08709338929695698,0.07712486883525708,-0.0020607047759445
fotovoltaica,0.25,dias_com_alerta,curtamap_so_alerta,menor_potencial,1906,25.560142641657926,21.931762526232955,5.025430613850997,3.6283801154249744,5.714250000000001,0.7387198321091291,0.2397691500524659,0.17669495975943714
eolica,0.5,todos,curtamap,fixo_08h,3654,37.178802887246846,18.751173371647507,9.893311029009306,18.427629515599342,0.0,0.47071702244116037,0.09906951286261631,0.6753636552106353
eolica,0.5,todos,curtamap,historico,3654,20.538626573617957,18.751173371647507,9.893311029009306,1.7874532019704432,0.0,0.15599343185550082,0.0905856595511768,0.16790983738154236
eolica,0.5,todos,curtamap,menor_potencial,3654,30.903052681992335,18.751173371647507,9.893311029009306,12.151879310344828,3.38075,0.620415982484948,0.17925561029009304,0.5783926100119116
eolica,0.5,todos,curtamap_so_alerta,fixo_08h,3654,37.178802887246846,18.750186371100163,9.893311029009306,18.428616516146686,0.0,0.47071702244116037,0.09906951286261631,0.6753998283004397
eolica,0.5,todos,curtamap_so_alerta,historico,3654,20.538626573617957,18.750186371100163,9.893311029009306,1.7884402025177886,0.0,0.15571975916803504,0.090311986863711,0.16800255427125874
eolica,0.5,todos,curtamap_so_alerta,menor_potencial,3654,30.903052681992335,18.750186371100163,9.893311029009306,12.152866310892172,3.38075,0.6201423097974822,0.17898193760262726,0.5784395882453256
eolica,0.5,dias_com_alerta,curtamap,fixo_08h,3630,37.42455964187329,18.873711225895317,9.95872134986226,18.55084841597796,0.0,0.4735537190082645,0.09944903581267217,0.6754153366356138
eolica,0.5,dias_com_alerta,curtamap,historico,3630,20.67397582644628,18.873711225895317,9.95872134986226,1.8002646005509648,0.0,0.15674931129476585,0.09090909090909091,0.16800950499916467
eolica,0.5,dias_com_alerta,curtamap,menor_potencial,3630,31.1069270661157,18.873711225895317,9.95872134986226,12.233215840220387,3.464125,0.6242424242424243,0.18016528925619835,0.5784517137933151
eolica,0.5,dias_com_alerta,curtamap_so_alerta,fixo_08h,3630,37.42455964187329,18.873711225895317,9.95872134986226,18.55084841597796,0.0,0.4735537190082645,0.09944903581267217,0.6754153366356138
eolica,0.5,dias_com_alerta,curtamap_so_alerta,historico,3630,20.67397582644628,18.873711225895317,9.95872134986226,1.8002646005509648,0.0,0.15674931129476585,0.09090909090909091,0.16800950499916467
eolica,0.5,dias_com_alerta,curtamap_so_alerta,menor_potencial,3630,31.1069270661157,18.873711225895317,9.95872134986226,12.233215840220387,3.464125,0.6242424242424243,0.18016528925619835,0.5784517137933151
fotovoltaica,0.5,todos,curtamap,fixo_08h,1986,75.422832326284,61.013907980866065,18.554865307150052,14.408924345417926,0.9052499999999963,0.5191339375629406,0.19939577039274925,0.25337505630489415
fotovoltaica,0.5,todos,curtamap,historico,1986,60.68884642497483,61.013907980866065,18.554865307150052,-0.32506155589123853,0.0,0.16767371601208458,0.1203423967774421,-0.0077149499588521275
fotovoltaica,0.5,todos,curtamap,menor_potencial,1986,52.0491214753273,61.013907980866065,18.554865307150052,-8.96478650553877,4.112499999999999,0.6027190332326284,0.37462235649546827,-0.2676514582239381
fotovoltaica,0.5,todos,curtamap_so_alerta,fixo_08h,1986,75.422832326284,60.359821626384694,18.554865307150052,15.063010699899298,0.7403750000000073,0.5171198388721048,0.20040281973816718,0.2648768980053597
fotovoltaica,0.5,todos,curtamap_so_alerta,historico,1986,60.68884642497483,60.359821626384694,18.554865307150052,0.3290247985901311,0.0,0.1701913393756294,0.11983887210473314,0.007809012817232627
fotovoltaica,0.5,todos,curtamap_so_alerta,menor_potencial,1986,52.0491214753273,60.359821626384694,18.554865307150052,-8.3107001510574,3.7766249999999992,0.5911379657603223,0.3610271903323263,-0.24812314413936334
fotovoltaica,0.5,dias_com_alerta,curtamap,fixo_08h,1906,75.82530679433368,60.54619136935992,18.693213798530955,15.279115424973769,1.0718749999999977,0.5236096537250787,0.19622245540398742,0.26743489733688325
fotovoltaica,0.5,dias_com_alerta,curtamap,historico,1906,61.50151967471144,60.54619136935992,18.693213798530955,0.9553283053515217,0.0,0.16998950682056663,0.11017838405036726,0.02231642401628157
fotovoltaica,0.5,dias_com_alerta,curtamap,menor_potencial,1906,51.88666854669465,60.54619136935992,18.693213798530955,-8.659522822665268,4.728375000000003,0.6159496327387198,0.3761804826862539,-0.2608804322528171
fotovoltaica,0.5,dias_com_alerta,curtamap_so_alerta,fixo_08h,1906,75.82530679433368,60.54619136935992,18.693213798530955,15.279115424973769,1.0718749999999977,0.5236096537250787,0.19622245540398742,0.26743489733688325
fotovoltaica,0.5,dias_com_alerta,curtamap_so_alerta,historico,1906,61.50151967471144,60.54619136935992,18.693213798530955,0.9553283053515217,0.0,0.16998950682056663,0.11017838405036726,0.02231642401628157
fotovoltaica,0.5,dias_com_alerta,curtamap_so_alerta,menor_potencial,1906,51.88666854669465,60.54619136935992,18.693213798530955,-8.659522822665268,4.728375000000003,0.6159496327387198,0.3761804826862539,-0.2608804322528171
