fonte,cenario,baseline,oportunidades,avaliaveis,diferenca_soma_brl,diferenca_media_brl,diferenca_mediana_brl,melhores,piores,empates,custo_curtamap_brl,custo_baseline_brl,semana
eolica,PLD_CCEE_observado,fixo_08h,306,306,117376.27000550002,383.5825817173203,159.56966575000007,277,13,16,63464.83037400001,180841.1003795,2026-07-27
eolica,PLD_CCEE_observado,historico_corte,306,306,-1036.6261455000001,-3.387667142156863,0.0,38,28,240,63464.83037400001,62428.204228500006,2026-07-27
eolica,PLD_CCEE_observado,menor_geracao_historica,306,306,-2211.857008000001,-7.228290875816996,-0.4699420000000014,70,182,54,63464.83037400001,61252.973366000006,2026-07-27
eolica,cenario_50,fixo_08h,306,306,102404.70250000001,334.65589052287584,139.21625000000003,277,13,16,55369.770000000004,157774.47250000003,2026-07-27
eolica,cenario_50,historico_corte,306,306,-904.4024999999995,-2.9555637254901943,0.0,38,28,240,55369.770000000004,54465.36750000001,2026-07-27
eolica,cenario_50,menor_geracao_historica,306,306,-2178.5525000000007,-7.119452614379087,-0.4100000000000019,70,182,54,55369.770000000004,53191.2175,2026-07-27
eolica,cenario_100,fixo_08h,306,306,204809.40500000003,669.3117810457517,278.43250000000006,277,13,16,110739.54000000001,315548.94500000007,2026-07-27
eolica,cenario_100,historico_corte,306,306,-1808.804999999999,-5.911127450980389,0.0,38,28,240,110739.54000000001,108930.73500000002,2026-07-27
eolica,cenario_100,menor_geracao_historica,306,306,-4357.105000000001,-14.238905228758174,-0.8200000000000038,71,183,52,110739.54000000001,106382.435,2026-07-27
eolica,cenario_200,fixo_08h,306,306,409618.81000000006,1338.6235620915033,556.8650000000001,278,13,15,221479.08000000002,631097.8900000001,2026-07-27
eolica,cenario_200,historico_corte,306,306,-3617.609999999998,-11.822254901960777,0.0,38,28,240,221479.08000000002,217861.47000000003,2026-07-27
eolica,cenario_200,menor_geracao_historica,306,306,-8714.210000000003,-28.477810457516348,-1.6400000000000077,71,183,52,221479.08000000002,212764.87,2026-07-27
eolica,PLD_CCEE_observado,fixo_08h,1071,1071,456379.6775890001,426.12481567600383,145.64190300000004,889,140,42,608642.4865725001,1065022.1641615,2026-08-03
eolica,PLD_CCEE_observado,historico_corte,1071,1071,-8258.735961000004,-7.711238058823533,0.0,122,137,812,608642.4865725001,600383.7506115001,2026-08-03
eolica,PLD_CCEE_observado,menor_geracao_historica,1071,1071,-120911.02000650001,-112.89544351680674,-4.455852500000006,304,616,151,608642.4865725001,487731.4665660001,2026-08-03
eolica,cenario_50,fixo_08h,1071,1071,354973.7975,331.44145424836603,109.89250000000001,889,140,42,494524.48750000005,849498.2850000001,2026-08-03
eolica,cenario_50,historico_corte,1071,1071,-7853.450000000001,-7.332819794584501,0.0,122,137,812,494524.48750000005,486671.0375000001,2026-08-03
eolica,cenario_50,menor_geracao_historica,1071,1071,-103496.5625,-96.63544584500467,-3.7475,302,616,153,494524.48750000005,391027.92500000005,2026-08-03
eolica,cenario_100,fixo_08h,1071,1071,709947.595,662.8829084967321,219.78500000000003,889,140,42,989048.9750000001,1698996.5700000003,2026-08-03
eolica,cenario_100,historico_corte,1071,1071,-15706.900000000001,-14.665639589169002,0.0,122,137,812,989048.9750000001,973342.0750000002,2026-08-03
eolica,cenario_100,menor_geracao_historica,1071,1071,-206993.125,-193.27089169000934,-7.495,303,617,151,989048.9750000001,782055.8500000001,2026-08-03
eolica,cenario_200,fixo_08h,1071,1071,1419895.19,1325.7658169934641,439.57000000000005,889,140,42,1978097.9500000002,3397993.1400000006,2026-08-03
eolica,cenario_200,historico_corte,1071,1071,-31413.800000000003,-29.331279178338004,0.0,122,137,812,1978097.9500000002,1946684.1500000004,2026-08-03
eolica,cenario_200,menor_geracao_historica,1071,1071,-413986.25,-386.54178338001867,-14.99,304,618,149,1978097.9500000002,1564111.7000000002,2026-08-03
eolica,PLD_CCEE_observado,fixo_08h,1071,1070,250309.20196700003,233.9338336140187,64.4393640000003,819,167,84,735255.8568685,985565.0588355002,2026-08-10
eolica,PLD_CCEE_observado,historico_corte,1071,1070,18746.396146500007,17.51999639859814,0.0,262,150,658,735255.8568685,754002.2530150001,2026-08-10
eolica,PLD_CCEE_observado,menor_geracao_historica,1071,1070,-147805.340223,-138.13583198411214,-1.8983937499999985,321,588,161,735255.8568685,587450.5166455,2026-08-10
eolica,cenario_50,fixo_08h,1071,1070,218381.78500000003,204.09512616822434,56.2199999999999,819,167,84,641472.5675000001,859854.3525,2026-08-10
eolica,cenario_50,historico_corte,1071,1070,16355.257499999994,15.285287383177565,0.0,262,150,658,641472.5675000001,657827.825,2026-08-10
eolica,cenario_50,menor_geracao_historica,1071,1070,-130389.21500000003,-121.85907943925235,-1.9762499999999799,317,592,161,641472.5675000001,511083.35250000004,2026-08-10
eolica,cenario_100,fixo_08h,1071,1070,436763.57000000007,408.1902523364487,112.4399999999998,821,168,81,1282945.1350000002,1719708.705,2026-08-10
eolica,cenario_100,historico_corte,1071,1070,32710.51499999999,30.57057476635513,0.0,262,150,658,1282945.1350000002,1315655.65,2026-08-10
eolica,cenario_100,menor_geracao_historica,1071,1070,-260778.43000000005,-243.7181588785047,-3.9524999999999597,318,593,159,1282945.1350000002,1022166.7050000001,2026-08-10
eolica,cenario_200,fixo_08h,1071,1070,873527.1400000001,816.3805046728974,224.8799999999996,821,168,81,2565890.2700000005,3439417.41,2026-08-10
eolica,cenario_200,historico_corte,1071,1070,65421.02999999998,61.14114953271026,0.0,262,151,657,2565890.2700000005,2631311.3,2026-08-10
eolica,cenario_200,menor_geracao_historica,1071,1070,-521556.8600000001,-487.4363177570094,-7.904999999999919,319,594,157,2565890.2700000005,2044333.4100000001,2026-08-10
eolica,PLD_CCEE_observado,fixo_08h,1071,1070,331294.0357545001,309.6205941630842,106.55648300000001,895,120,55,581127.7183085,912421.7540630001,2026-08-17
eolica,PLD_CCEE_observado,historico_corte,1071,1070,48651.439001000006,45.46863458037384,0.0,339,96,635,581127.7183085,629779.1573095,2026-08-17
eolica,PLD_CCEE_observado,menor_geracao_historica,1071,1070,-53261.26222450001,-49.77688058364487,-2.7494472499999967,364,569,137,581127.7183085,527866.4560840001,2026-08-17
eolica,cenario_50,fixo_08h,1071,1070,270800.09750000003,253.08420327102806,86.06624999999994,889,125,56,507003.7675,777803.8650000001,2026-08-17
eolica,cenario_50,historico_corte,1071,1070,42445.854999999996,39.66902336448598,0.0,338,96,636,507003.7675,549449.6225,2026-08-17
eolica,cenario_50,menor_geracao_historica,1071,1070,-110739.16750000001,-103.49454906542057,-5.991249999999988,327,606,137,507003.7675,396264.6,2026-08-17
eolica,cenario_100,fixo_08h,1071,1070,541600.1950000001,506.1684065420561,172.13249999999988,890,128,52,1014007.535,1555607.7300000002,2026-08-17
eolica,cenario_100,historico_corte,1071,1070,84891.70999999999,79.33804672897196,0.0,339,99,632,1014007.535,1098899.245,2026-08-17
eolica,cenario_100,menor_geracao_historica,1071,1070,-221478.33500000002,-206.98909813084114,-11.982499999999977,330,606,134,1014007.535,792529.2,2026-08-17
eolica,cenario_200,fixo_08h,1071,1070,1083200.3900000001,1012.3368130841122,344.26499999999976,890,128,52,2028015.07,3111215.4600000004,2026-08-17
eolica,cenario_200,historico_corte,1071,1070,169783.41999999998,158.67609345794392,0.0,339,99,632,2028015.07,2197798.49,2026-08-17
eolica,cenario_200,menor_geracao_historica,1071,1070,-442956.67000000004,-413.9781962616823,-23.964999999999954,331,606,133,2028015.07,1585058.4,2026-08-17
eolica,PLD_CCEE_observado,fixo_08h,1071,1071,290898.08920550003,271.6135286699347,62.59971299999998,806,197,68,786793.8048200001,1077691.8940255002,2026-08-24
eolica,PLD_CCEE_observado,historico_corte,1071,1071,51249.44244550001,47.851953730625596,0.0,315,119,637,786793.8048200001,838043.2472655,2026-08-24
eolica,PLD_CCEE_observado,menor_geracao_historica,1071,1071,-17472.53683499999,-16.31422673669467,-0.13754400000001965,377,547,147,786793.8048200001,769321.2679850002,2026-08-24
eolica,cenario_50,fixo_08h,1071,1071,238403.5125,222.59898459383754,50.10749999999999,796,207,68,661634.5875000001,900038.1000000001,2026-08-24
eolica,cenario_50,historico_corte,1071,1071,44329.2925,41.39056255835668,0.0,310,122,639,661634.5875000001,705963.8800000001,2026-08-24
eolica,cenario_50,menor_geracao_historica,1071,1071,-90901.1825,-84.87505368814192,-4.872500000000002,296,628,147,661634.5875000001,570733.405,2026-08-24
eolica,cenario_100,fixo_08h,1071,1071,476807.025,445.1979691876751,100.21499999999997,799,207,65,1323269.1750000003,1800076.2000000002,2026-08-24
eolica,cenario_100,historico_corte,1071,1071,88658.585,82.78112511671335,0.0,311,124,636,1323269.1750000003,1411927.7600000002,2026-08-24
eolica,cenario_100,menor_geracao_historica,1071,1071,-181802.365,-169.75010737628384,-9.745000000000005,297,630,144,1323269.1750000003,1141466.81,2026-08-24
eolica,cenario_200,fixo_08h,1071,1071,953614.05,890.3959383753502,200.42999999999995,799,207,65,2646538.3500000006,3600152.4000000004,2026-08-24
eolica,cenario_200,historico_corte,1071,1071,177317.17,165.5622502334267,0.0,312,124,635,2646538.3500000006,2823855.5200000005,2026-08-24
eolica,cenario_200,menor_geracao_historica,1071,1071,-363604.73,-339.5002147525677,-19.49000000000001,298,630,143,2646538.3500000006,2282933.62,2026-08-24
eolica,PLD_CCEE_observado,fixo_08h,153,153,46851.7531295,306.2206086895425,51.495900500000005,126,23,4,119385.88813800001,166237.64126750003,2026-08-31
eolica,PLD_CCEE_observado,historico_corte,153,153,16375.690628,107.0306576993464,0.0,53,18,82,119385.88813800001,135761.57876600002,2026-08-31
eolica,PLD_CCEE_observado,menor_geracao_historica,153,153,-15820.5450385,-103.40225515359478,0.0,64,72,17,119385.88813800001,103565.3430995,2026-08-31
eolica,cenario_50,fixo_08h,153,153,40875.722499999996,267.1615849673202,44.92750000000001,126,23,4,104157.99000000002,145033.71250000005,2026-08-31
eolica,cenario_50,historico_corte,153,153,14286.939999999999,93.37869281045751,0.0,53,18,82,104157.99000000002,118444.92999999998,2026-08-31
eolica,cenario_50,menor_geracao_historica,153,153,-15106.259999999998,-98.73372549019606,0.0,64,72,17,104157.99000000002,89051.73000000001,2026-08-31
eolica,cenario_100,fixo_08h,153,153,81751.44499999999,534.3231699346404,89.85500000000002,126,23,4,208315.98000000004,290067.4250000001,2026-08-31
eolica,cenario_100,historico_corte,153,153,28573.879999999997,186.75738562091502,0.0,53,18,82,208315.98000000004,236889.85999999996,2026-08-31
eolica,cenario_100,menor_geracao_historica,153,153,-30212.519999999997,-197.46745098039213,0.0,64,72,17,208315.98000000004,178103.46000000002,2026-08-31
eolica,cenario_200,fixo_08h,153,153,163502.88999999998,1068.6463398692808,179.71000000000004,126,23,4,416631.9600000001,580134.8500000002,2026-08-31
eolica,cenario_200,historico_corte,153,153,57147.759999999995,373.51477124183003,0.0,53,18,82,416631.9600000001,473779.7199999999,2026-08-31
eolica,cenario_200,menor_geracao_historica,153,153,-60425.03999999999,-394.93490196078426,0.0,64,72,17,416631.9600000001,356206.92000000004,2026-08-31
fotovoltaica,PLD_CCEE_observado,fixo_08h,162,162,44647.21222500001,275.60007546296305,161.77466800000008,136,21,5,62242.97257750001,106890.1848025,2026-07-27
fotovoltaica,PLD_CCEE_observado,historico_corte,162,162,-897.1422019999998,-5.537914827160493,0.0,43,48,71,62242.97257750001,61345.830375500016,2026-07-27
fotovoltaica,PLD_CCEE_observado,menor_geracao_historica,162,162,68013.46519549999,419.83620491049373,212.63636624999998,133,25,4,62242.97257750001,130256.43777299998,2026-07-27
fotovoltaica,cenario_50,fixo_08h,162,162,38952.374999999985,240.44675925925918,141.14000000000007,136,21,5,54303.76249999999,93256.13750000001,2026-07-27
fotovoltaica,cenario_50,historico_corte,162,162,-782.7100000000004,-4.831543209876545,0.0,43,48,71,54303.76249999999,53521.0525,2026-07-27
fotovoltaica,cenario_50,menor_geracao_historica,162,162,42099.322500000024,259.8723611111113,129.66374999999994,131,27,4,54303.76249999999,96403.085,2026-07-27
fotovoltaica,cenario_100,fixo_08h,162,162,77904.74999999997,480.89351851851836,282.28000000000014,136,21,5,108607.52499999998,186512.27500000002,2026-07-27
fotovoltaica,cenario_100,historico_corte,162,162,-1565.4200000000008,-9.66308641975309,0.0,43,48,71,108607.52499999998,107042.105,2026-07-27
fotovoltaica,cenario_100,menor_geracao_historica,162,162,84198.64500000005,519.7447222222225,259.3274999999999,131,27,4,108607.52499999998,192806.17,2026-07-27
fotovoltaica,cenario_200,fixo_08h,162,162,155809.49999999994,961.7870370370367,564.5600000000003,136,21,5,217215.04999999996,373024.55000000005,2026-07-27
fotovoltaica,cenario_200,historico_corte,162,162,-3130.8400000000015,-19.32617283950618,0.0,43,48,71,217215.04999999996,214084.21,2026-07-27
fotovoltaica,cenario_200,menor_geracao_historica,162,162,168397.2900000001,1039.489444444445,518.6549999999997,131,27,4,217215.04999999996,385612.34,2026-07-27
fotovoltaica,PLD_CCEE_observado,fixo_08h,567,567,22876.478862000004,40.34652356613757,0.0,271,276,20,878599.588506,901476.067368,2026-08-03
fotovoltaica,PLD_CCEE_observado,historico_corte,567,567,9243.804161500002,16.303005575837744,0.0,87,95,385,878599.588506,887843.3926675001,2026-08-03
fotovoltaica,PLD_CCEE_observado,menor_geracao_historica,567,567,17414.24528549999,30.71295464814813,-22.870603500000016,250,300,17,878599.588506,896013.8337915001,2026-08-03
fotovoltaica,cenario_50,fixo_08h,567,567,-6402.000000000002,-11.291005291005295,0.0,271,276,20,727361.95,720959.9500000002,2026-08-03
fotovoltaica,cenario_50,historico_corte,567,567,3833.3149999999996,6.760696649029982,0.0,84,98,385,727361.95,731195.2650000001,2026-08-03
fotovoltaica,cenario_50,menor_geracao_historica,567,567,-375131.0675,-661.6068209876544,-329.19749999999993,125,425,17,727361.95,352230.88250000007,2026-08-03
fotovoltaica,cenario_100,fixo_08h,567,567,-12804.000000000004,-22.58201058201059,0.0,272,276,19,1454723.9,1441919.9000000004,2026-08-03
fotovoltaica,cenario_100,historico_corte,567,567,7666.629999999999,13.521393298059964,0.0,84,98,385,1454723.9,1462390.5300000003,2026-08-03
fotovoltaica,cenario_100,menor_geracao_historica,567,567,-750262.135,-1323.2136419753087,-658.3949999999999,125,425,17,1454723.9,704461.7650000001,2026-08-03
fotovoltaica,cenario_200,fixo_08h,567,567,-25608.000000000007,-45.16402116402118,0.0,272,276,19,2909447.8,2883839.8000000007,2026-08-03
fotovoltaica,cenario_200,historico_corte,567,567,15333.259999999998,27.042786596119928,0.0,85,98,384,2909447.8,2924781.0600000005,2026-08-03
fotovoltaica,cenario_200,menor_geracao_historica,567,567,-1500524.27,-2646.4272839506175,-1316.7899999999997,125,425,17,2909447.8,1408923.5300000003,2026-08-03
fotovoltaica,PLD_CCEE_observado,fixo_08h,567,567,15640.065956000006,27.58389057495592,-0.10029250000000034,253,291,23,817532.8429915002,833172.9089475002,2026-08-10
fotovoltaica,PLD_CCEE_observado,historico_corte,567,567,9457.996279000003,16.680769451499124,0.0,149,112,306,817532.8429915002,826990.8392705,2026-08-10
fotovoltaica,PLD_CCEE_observado,menor_geracao_historica,567,567,122999.10714849998,216.9296422372134,0.091696,287,257,23,817532.8429915002,940531.95014,2026-08-10
fotovoltaica,cenario_50,fixo_08h,567,567,14131.527499999993,24.923328924162245,-0.08750000000000013,253,291,23,712768.585,726900.1125,2026-08-10
fotovoltaica,cenario_50,historico_corte,567,567,8064.924999999996,14.223853615520275,0.0,147,113,307,712768.585,720833.51,2026-08-10
fotovoltaica,cenario_50,menor_geracao_historica,567,567,-336161.6275,-592.8776499118165,-341.2149999999999,129,415,23,712768.585,376606.9575,2026-08-10
fotovoltaica,cenario_100,fixo_08h,567,567,28263.054999999986,49.84665784832449,-0.17500000000000027,253,292,22,1425537.17,1453800.225,2026-08-10
fotovoltaica,cenario_100,historico_corte,567,567,16129.849999999991,28.44770723104055,0.0,147,114,306,1425537.17,1441667.02,2026-08-10
fotovoltaica,cenario_100,menor_geracao_historica,567,567,-672323.255,-1185.755299823633,-682.4299999999998,129,415,23,1425537.17,753213.915,2026-08-10
fotovoltaica,cenario_200,fixo_08h,567,567,56526.10999999997,99.69331569664898,-0.35000000000000053,253,292,22,2851074.34,2907600.45,2026-08-10
fotovoltaica,cenario_200,historico_corte,567,567,32259.699999999983,56.8954144620811,0.0,148,115,304,2851074.34,2883334.04,2026-08-10
fotovoltaica,cenario_200,menor_geracao_historica,567,567,-1344646.51,-2371.510599647266,-1364.8599999999997,130,415,22,2851074.34,1506427.83,2026-08-10
fotovoltaica,PLD_CCEE_observado,fixo_08h,567,567,266591.95069950004,470.1798072301588,121.79234650000001,401,146,20,677101.8609045,943693.811604,2026-08-17
fotovoltaica,PLD_CCEE_observado,historico_corte,567,567,19354.9599635,34.13573185802469,0.0,166,91,310,677101.8609045,696456.820868,2026-08-17
fotovoltaica,PLD_CCEE_observado,menor_geracao_historica,567,567,361845.984148,638.1763388853616,182.88030400000025,373,176,18,677101.8609045,1038947.8450525001,2026-08-17
fotovoltaica,cenario_50,fixo_08h,567,567,94081.7375,165.92899029982362,67.08750000000009,380,167,20,580286.17,674367.9075000001,2026-08-17
fotovoltaica,cenario_50,historico_corte,567,567,10494.242499999997,18.50836419753086,0.0,165,92,310,580286.17,590780.4125,2026-08-17
fotovoltaica,cenario_50,menor_geracao_historica,567,567,-191686.6775,-338.07174162257496,-153.20749999999998,177,372,18,580286.17,388599.4925,2026-08-17
fotovoltaica,cenario_100,fixo_08h,567,567,188163.475,331.85798059964725,134.17500000000018,380,167,20,1160572.34,1348735.8150000002,2026-08-17
fotovoltaica,cenario_100,historico_corte,567,567,20988.484999999993,37.01672839506172,0.0,165,92,310,1160572.34,1181560.825,2026-08-17
fotovoltaica,cenario_100,menor_geracao_historica,567,567,-383373.355,-676.1434832451499,-306.41499999999996,177,372,18,1160572.34,777198.985,2026-08-17
fotovoltaica,cenario_200,fixo_08h,567,567,376326.95,663.7159611992945,268.35000000000036,380,167,20,2321144.68,2697471.6300000004,2026-08-17
fotovoltaica,cenario_200,historico_corte,567,567,41976.96999999999,74.03345679012344,0.0,165,92,310,2321144.68,2363121.65,2026-08-17
fotovoltaica,cenario_200,menor_geracao_historica,567,567,-766746.71,-1352.2869664902998,-612.8299999999999,177,372,18,2321144.68,1554397.97,2026-08-17
fotovoltaica,PLD_CCEE_observado,fixo_08h,579,579,328715.676842,567.7300118169258,0.0,280,279,20,976175.345555,1304891.022397,2026-08-24
fotovoltaica,PLD_CCEE_observado,historico_corte,579,579,82442.3764985,142.38752417702938,0.0,208,105,266,976175.345555,1058617.7220535,2026-08-24
fotovoltaica,PLD_CCEE_observado,menor_geracao_historica,579,579,-7669.604302500018,-13.246294132124383,-34.38313450000001,242,317,20,976175.345555,968505.7412525001,2026-08-24
fotovoltaica,cenario_50,fixo_08h,579,579,31913.125,55.1176597582038,-2.8374999999999995,258,301,20,748190.2950000002,780103.42,2026-08-24
fotovoltaica,cenario_50,historico_corte,579,579,2378.4125000000004,4.107793609671849,0.0,182,131,266,748190.2950000002,750568.7075,2026-08-24
fotovoltaica,cenario_50,menor_geracao_historica,579,579,-394505.1875,-681.356109671848,-387.1225,86,473,20,748190.2950000002,353685.10750000004,2026-08-24
fotovoltaica,cenario_100,fixo_08h,579,579,63826.25,110.2353195164076,-5.674999999999999,258,301,20,1496380.5900000003,1560206.84,2026-08-24
fotovoltaica,cenario_100,historico_corte,579,579,4756.825000000001,8.215587219343698,0.0,182,131,266,1496380.5900000003,1501137.415,2026-08-24
fotovoltaica,cenario_100,menor_geracao_historica,579,579,-789010.375,-1362.712219343696,-774.245,86,473,20,1496380.5900000003,707370.2150000001,2026-08-24
fotovoltaica,cenario_200,fixo_08h,579,579,127652.5,220.4706390328152,-11.349999999999998,258,301,20,2992761.1800000006,3120413.68,2026-08-24
fotovoltaica,cenario_200,historico_corte,579,579,9513.650000000001,16.431174438687396,0.0,182,131,266,2992761.1800000006,3002274.83,2026-08-24
fotovoltaica,cenario_200,menor_geracao_historica,579,579,-1578020.75,-2725.424438687392,-1548.49,86,473,20,2992761.1800000006,1414740.4300000002,2026-08-24
fotovoltaica,PLD_CCEE_observado,fixo_08h,83,83,-8255.505086500001,-99.4639167048193,-108.12391149999985,22,60,1,151054.657291,142799.1522045,2026-08-31
fotovoltaica,PLD_CCEE_observado,historico_corte,83,83,5147.5306235,62.01844124698795,0.0,30,13,40,151054.657291,156202.18791449998,2026-08-31
fotovoltaica,PLD_CCEE_observado,menor_geracao_historica,83,83,53840.4088895,648.6796251746988,134.0051074999999,53,28,2,151054.657291,204895.0661804999,2026-08-31
fotovoltaica,cenario_50,fixo_08h,83,83,-6696.5675,-80.68153614457832,-94.33250000000044,22,60,1,131281.415,124584.84750000003,2026-08-31
fotovoltaica,cenario_50,historico_corte,83,83,3996.332500000003,48.14858433734943,0.0,30,13,40,131281.415,135277.7475,2026-08-31
fotovoltaica,cenario_50,menor_geracao_historica,83,83,-66692.01249999998,-803.5182228915661,-468.3125000000001,5,76,2,131281.415,64589.402500000004,2026-08-31
fotovoltaica,cenario_100,fixo_08h,83,83,-13393.135,-161.36307228915663,-188.66500000000087,22,60,1,262562.83,249169.69500000007,2026-08-31
fotovoltaica,cenario_100,historico_corte,83,83,7992.665000000006,96.29716867469887,0.0,30,13,40,262562.83,270555.495,2026-08-31
fotovoltaica,cenario_100,menor_geracao_historica,83,83,-133384.02499999997,-1607.0364457831322,-936.6250000000002,5,76,2,262562.83,129178.80500000001,2026-08-31
fotovoltaica,cenario_200,fixo_08h,83,83,-26786.27,-322.72614457831327,-377.33000000000175,22,60,1,525125.66,498339.39000000013,2026-08-31
fotovoltaica,cenario_200,historico_corte,83,83,15985.330000000013,192.59433734939773,0.0,30,13,40,525125.66,541110.99,2026-08-31
fotovoltaica,cenario_200,menor_geracao_historica,83,83,-266768.04999999993,-3214.0728915662644,-1873.2500000000005,5,76,2,525125.66,258357.61000000002,2026-08-31
