fonte,cenario,baseline,oportunidades,avaliaveis,diferenca_soma_brl,diferenca_media_brl,diferenca_mediana_brl,melhores,piores,empates,custo_curtamap_brl,custo_baseline_brl
eolica,PLD_CCEE_observado,fixo_08h,4743,4741,1493109.027651,314.9354624870281,94.44974549999998,3812,660,269,2894670.5850815005,4387779.6127325
eolica,PLD_CCEE_observado,historico_corte,4743,4741,125727.60611450003,26.51921664511707,0.0,1129,548,3064,2894670.5850815005,3020398.191196
eolica,PLD_CCEE_observado,menor_geracao_historica,4743,4741,-357482.5613355,-75.40235421546087,-1.2264340000000011,1500,2574,667,2894670.5850815005,2537188.0237459997
eolica,cenario_50,fixo_08h,4743,4741,1225839.6175000002,258.56140423961193,77.85250000000002,3796,675,270,2464163.1700000004,3690002.7875
eolica,cenario_50,historico_corte,4743,4741,108659.4925,22.91910831048302,0.0,1123,551,3067,2464163.1700000004,2572822.6625000006
eolica,cenario_50,menor_geracao_historica,4743,4741,-452810.94000000006,-95.509584475849,-2.5024999999999693,1376,2696,669,2464163.1700000004,2011352.23
eolica,cenario_100,fixo_08h,4743,4741,2451679.2350000003,517.1228084792239,155.70500000000004,3802,679,260,4928326.340000001,7380005.575
eolica,cenario_100,historico_corte,4743,4741,217318.985,45.83821662096604,0.0,1125,556,3060,4928326.340000001,5145645.325000001
eolica,cenario_100,menor_geracao_historica,4743,4741,-905621.8800000001,-191.019168951698,-5.004999999999939,1383,2701,657,4928326.340000001,4022704.46
eolica,cenario_200,fixo_08h,4743,4741,4903358.470000001,1034.2456169584477,311.4100000000001,3803,679,259,9856652.680000002,14760011.15
eolica,cenario_200,historico_corte,4743,4741,434637.97,91.67643324193207,0.0,1126,557,3058,9856652.680000002,10291290.650000002
eolica,cenario_200,menor_geracao_historica,4743,4741,-1811243.7600000002,-382.038337903396,-10.009999999999877,1387,2703,651,9856652.680000002,8045408.92
fotovoltaica,PLD_CCEE_observado,fixo_08h,2525,2525,670215.879498,265.43203148435646,7.278369999999995,1363,1073,89,3562707.2678255,4232923.1473235
fotovoltaica,PLD_CCEE_observado,historico_corte,2525,2525,124749.52532400002,49.405752603564366,0.0,683,464,1378,3562707.2678255,3687456.7931495
fotovoltaica,PLD_CCEE_observado,menor_geracao_historica,2525,2525,616443.6063645,244.13608172851485,19.412788499999994,1338,1103,84,3562707.2678255,4179150.87419
fotovoltaica,cenario_50,fixo_08h,2525,2525,165980.1975,65.73473168316832,1.1650000000000205,1320,1116,89,2954192.1775,3120172.3750000005
fotovoltaica,cenario_50,historico_corte,2525,2525,27984.517499999998,11.082977227722772,0.0,651,495,1379,2954192.1775,2982176.6950000003
fotovoltaica,cenario_50,menor_geracao_historica,2525,2525,-1322077.25,-523.5949504950495,-256.5575,653,1788,84,2954192.1775,1632114.9275
fotovoltaica,cenario_100,fixo_08h,2525,2525,331960.395,131.46946336633664,2.330000000000041,1321,1117,87,5908384.355,6240344.750000001
fotovoltaica,cenario_100,historico_corte,2525,2525,55969.034999999996,22.165954455445544,0.0,651,496,1378,5908384.355,5964353.390000001
fotovoltaica,cenario_100,menor_geracao_historica,2525,2525,-2644154.5,-1047.189900990099,-513.115,653,1788,84,5908384.355,3264229.855
fotovoltaica,cenario_200,fixo_08h,2525,2525,663920.79,262.9389267326733,4.660000000000082,1321,1117,87,11816768.71,12480689.500000002
fotovoltaica,cenario_200,historico_corte,2525,2525,111938.06999999999,44.33190891089109,0.0,653,497,1375,11816768.71,11928706.780000001
fotovoltaica,cenario_200,menor_geracao_historica,2525,2525,-5288309.0,-2094.379801980198,-1026.23,654,1788,83,11816768.71,6528459.71
