fonte,mes,recorte,valor,modelo,limiar,linhas_grade,linhas_rotuladas,n,nulos_score_rotulado,cobertura_comum,prevalencia,ap,brier,precisao,recall,f1,alertas,tp,fp,fn,tn
eolica,2026-08,idade,2,hgb_servido,0.3025,154224,154221,154221,0,1.0,0.46361390472114694,0.9050898759808549,0.0968891192697398,0.7840911704501023,0.9536217289752305,0.860586783796235,86958,68183,18775,3316,63947
eolica,2026-08,idade,2,historico_28d,0.3025,154224,154221,154221,0,1.0,0.46361390472114694,0.8875221625347203,0.09994038194417953,0.7779824069731529,0.9512300871340857,0.8559275106972062,87421,68012,19409,3487,63313
eolica,2026-08,idade,2,mesmo_slot_ultimo_dia,0.5,154224,154221,154221,0,1.0,0.46361390472114694,0.7433057512737097,0.1733032464981079,0.7953220231656157,0.8431866179946572,0.81855520329122,75802,60287,15515,11212,67207
eolica,2026-08,idade,2,ultimo_valor,0.5,154224,154221,154221,0,1.0,0.46361390472114694,0.654391654435565,0.2722002863883972,0.8331527627302275,0.5162589686569042,0.6374964379161162,44304,36912,7392,34587,75330
eolica,2026-08,idade,3,hgb_servido,0.3025,36720,36719,36719,0,1.0,0.5823415670361394,0.9675185174921823,0.0804370080017021,0.9166897060178786,0.9303652434176682,0.923476848090983,21702,19894,1808,1489,13528
eolica,2026-08,idade,3,historico_28d,0.3025,36720,36719,36719,0,1.0,0.5823415670361394,0.9572431409285985,0.09839311242103577,0.929638041849901,0.89963990085582,0.9143930031371803,20693,19237,1456,2146,13880
eolica,2026-08,idade,3,mesmo_slot_ultimo_dia,0.5,36720,36719,36719,0,1.0,0.5823415670361394,0.8266820993944435,0.20537051558494568,0.9324543864033992,0.6978908478698032,0.7982988739401397,16004,14923,1081,6460,14255
eolica,2026-08,idade,3,ultimo_valor,0.5,36720,36719,36719,0,1.0,0.5823415670361394,0.7032904589998152,0.3710068464279175,0.8624813153961136,0.43174484403498103,0.5754355346401969,10704,9232,1472,12151,13864
eolica,2026-08,idade,4,hgb_servido,0.3025,36720,36720,36720,0,1.0,0.5014978213507625,0.9312475338637898,0.09678683671395093,0.8510448205688191,0.9310887863155036,0.8892692287744411,20147,17146,3001,1269,15304
eolica,2026-08,idade,4,historico_28d,0.3025,36720,36720,36720,0,1.0,0.5014978213507625,0.9255112940815325,0.08671940863132477,0.8485551367546149,0.9535704588650556,0.8980030172083152,20694,17560,3134,855,15171
eolica,2026-08,idade,4,mesmo_slot_ultimo_dia,0.5,36720,36720,36720,0,1.0,0.5014978213507625,0.7915083730964743,0.1698257029056549,0.8804748516088722,0.7652457235948955,0.8188262638001162,16005,14092,1913,4323,16392
eolica,2026-08,idade,4,ultimo_valor,0.5,36720,36720,36720,0,1.0,0.5014978213507625,0.6611606992093982,0.3080882430076599,0.8317451420029895,0.48346456692913387,0.6114907792163192,10704,8903,1801,9512,16504
eolica,2026-08,mes,todos,hgb_servido,0.3025,227664,227660,227660,0,1.0,0.48887375911446895,0.9209935584313841,0.09421908110273795,0.8169043607878453,0.9454253034672992,0.8764785259720788,128807,105223,23584,6074,92779
eolica,2026-08,mes,todos,historico_28d,0.3025,227664,227660,227660,0,1.0,0.48887375911446895,0.9031835928839804,0.09755836427211761,0.8136839326749892,0.941705526653908,0.8730263842902064,128808,104809,23999,6488,92364
eolica,2026-08,mes,todos,mesmo_slot_ultimo_dia,0.5,227664,227660,227660,0,1.0,0.48887375911446895,0.7612370930281757,0.17791444063186646,0.8283199302483049,0.8023756255784074,0.8151413914599193,107811,89302,18509,21995,97854
eolica,2026-08,mes,todos,ultimo_valor,0.5,227664,227660,227660,0,1.0,0.48887375911446895,0.6614020962088769,0.2939251661300659,0.8377008765522279,0.4945955416588048,0.6219683744894328,65712,55047,10665,56250,105698
fotovoltaica,2026-08,idade,2,hgb_servido,0.3235,82128,82128,82128,0,1.0,0.25585671147477107,0.8781696424031596,0.06710654588990159,0.7452566215646441,0.9252843477847047,0.8255700394887691,26089,19443,6646,1570,54469
fotovoltaica,2026-08,idade,2,historico_28d,0.3235,82128,82128,82128,0,1.0,0.25585671147477107,0.8512653091199036,0.07092099636793137,0.7148339910930881,0.9395612240041878,0.8119345287053792,27619,19743,7876,1270,53239
fotovoltaica,2026-08,idade,2,mesmo_slot_ultimo_dia,0.5,82128,82128,82128,0,1.0,0.25585671147477107,0.601864833277338,0.14039060473442078,0.7111556446225785,0.7599581211630895,0.7347474003864912,22455,15969,6486,5044,54629
fotovoltaica,2026-08,idade,2,ultimo_valor,0.5,82128,82128,82128,0,1.0,0.25585671147477107,0.25585671147477107,0.2558567225933075,,0.0,0.0,0,0,0,21013,61115
fotovoltaica,2026-08,idade,3,hgb_servido,0.3235,19536,19536,19536,0,1.0,0.4014127764127764,0.9823296978846977,0.041959350364408066,0.9522334107926672,0.9405763835756185,0.9463690017962535,7746,7376,370,466,11324
fotovoltaica,2026-08,idade,3,historico_28d,0.3235,19536,19536,19536,0,1.0,0.4014127764127764,0.9759865682669708,0.08273043483495712,0.9758150926067657,0.8129303749043612,0.8869565217391304,6533,6375,158,1467,11536
fotovoltaica,2026-08,idade,3,mesmo_slot_ultimo_dia,0.5,19536,19536,19536,0,1.0,0.4014127764127764,0.7027892944252916,0.1965090036392212,0.9794011976047904,0.5214231063504208,0.6805359074644254,4175,4089,86,3753,11608
fotovoltaica,2026-08,idade,3,ultimo_valor,0.5,19536,19536,19536,0,1.0,0.4014127764127764,0.4014127764127764,0.4014127850532532,,0.0,0.0,0,0,0,7842,11694
fotovoltaica,2026-08,idade,4,hgb_servido,0.3235,19536,19536,19536,0,1.0,0.2790233415233415,0.8582448250104173,0.07959449009891723,0.8152539373562201,0.8451660245826453,0.8299405512520267,5651,4607,1044,844,13041
fotovoltaica,2026-08,idade,4,historico_28d,0.3235,19536,19536,19536,0,1.0,0.2790233415233415,0.863585568159802,0.06713428348302841,0.7812643502219501,0.9363419556044762,0.8518024032042724,6533,5104,1429,347,12656
fotovoltaica,2026-08,idade,4,mesmo_slot_ultimo_dia,0.5,19536,19536,19536,0,1.0,0.2790233415233415,0.6234176975175743,0.14035627245903015,0.8244311377245509,0.6314437717849936,0.7151464782879701,4175,3442,733,2009,13352
fotovoltaica,2026-08,idade,4,ultimo_valor,0.5,19536,19536,19536,0,1.0,0.2790233415233415,0.2790233415233415,0.27902334928512573,,0.0,0.0,0,0,0,5451,14085
fotovoltaica,2026-08,mes,todos,hgb_servido,0.3235,121200,121200,121200,0,1.0,0.28305280528052806,0.9077125155751432,0.06506602498463168,0.7958770197031859,0.9160496706115548,0.8517454466608847,39486,31426,8060,2880,78834
fotovoltaica,2026-08,mes,todos,historico_28d,0.3235,121200,121200,121200,0,1.0,0.28305280528052806,0.8663672749652754,0.07221417129039764,0.7674081356765393,0.91010318894654,0.8326865890573536,40685,31222,9463,3084,77431
fotovoltaica,2026-08,mes,todos,mesmo_slot_ultimo_dia,0.5,121200,121200,121200,0,1.0,0.28305280528052806,0.6117283607996633,0.14943069219589233,0.7628631715630579,0.6850113682737714,0.7218442352290704,30805,23500,7305,10806,79589
fotovoltaica,2026-08,mes,todos,ultimo_valor,0.5,121200,121200,121200,0,1.0,0.28305280528052806,0.28305280528052806,0.28305280208587646,,0.0,0.0,0,0,0,34306,86894
