etapa,candidato,ajustes,treino_medio_s,inferencia_media_s,epocas_medias
hgb,B0_original,22,59.290909090909096,1.1795454545454545,
hgb,B1_mudanca,14,62.05,1.1878571428571427,
hgb,B2_janela180,14,44.6,1.4021428571428571,
hgb,B3_recencia60,14,258.4214285714286,1.5492857142857144,
hgb,B4_hp_rapido,8,79.1,1.71,
hgb,B5_hp_suave,14,94.17857142857143,1.425,
rede,C_gru32_k14_s0,20,115.9,0.2465,3.6
rede,C_gru32_k14_s1,20,426.45,0.1625,4.0
rede,C_gru32_k14_s2,20,101.02000000000001,0.178,4.6
rede,C_gru64_k28_s0,8,268.1,0.87375,2.25
