dia,real_mwh,historico_mwh,B0_mwh,idade
2026-01-01,36102.562,53757.769018908846,64181.397382264084,3
2026-01-02,26824.723,53757.769018908846,46511.04001914025,4
2026-01-03,33249.94,55153.066366823274,50724.86905155489,2
2026-01-04,28245.607,55153.066366823274,67993.85275016991,3
2026-01-05,27044.934,55153.066366823274,35486.38366514566,4
2026-01-06,28485.27,54265.76683887874,39435.584689995005,2
2026-01-07,56582.914,51641.642667538836,45831.80865760547,2
2026-01-08,62339.82,50987.621837791405,41878.3924999986,2
2026-01-09,90493.73,52172.2921779867,50066.80116132254,2
2026-01-10,137836.5,53508.451227438054,73807.58363178065,2
2026-01-11,132570.0,53508.451227438054,89061.6463890037,3
2026-01-12,138526.5,53508.451227438054,49929.05088485797,4
2026-01-13,204769.75,62154.4004938507,57698.3119104241,2
2026-01-14,178159.2,66087.12252297916,67282.61944413044,2
2026-01-15,105872.37,72871.38692185224,83862.65951350078,2
2026-01-16,119364.26,78633.28372308938,95620.87209629339,2
2026-01-17,115058.164,80123.5373157966,70763.52132564307,2
2026-01-18,46442.535,80123.5373157966,81558.93444997912,3
2026-01-19,57.927002,80123.5373157966,66797.51670484233,4
2026-01-20,0.0,79815.39907176048,45617.51862354362,2
2026-01-21,52915.887,79815.39907176048,50490.4433535869,3
2026-01-22,73790.19,74715.73041287379,35450.48396069404,2
2026-01-23,150091.34,72198.12380460405,64965.222608057054,2
2026-01-24,82697.29,70815.4869839715,62417.39704444211,2
2026-01-25,173580.6,70815.4869839715,80152.83927233858,3
2026-01-26,159065.86,70815.4869839715,53042.05763908388,4
2026-01-27,95396.92,79221.93365831347,67137.45986692036,2
2026-01-28,39474.49,83777.4927149606,91180.71791099338,2
2026-01-29,28951.814,85782.42696269369,74978.79084043343,2
2026-01-30,297.7535,85537.1169356606,58799.2720069786,2
2026-01-31,25898.14,85281.73299904354,60638.21423166139,2
2026-02-01,60769.426,85281.73299904354,83337.57649781776,3
2026-02-02,19712.01,85281.73299904354,44711.73957539707,4
2026-02-03,2162.77,85233.34202650329,58757.123265647315,2
2026-02-04,869.574,84971.45187661843,50984.922450437065,2
2026-02-05,0.0,83724.64812343242,34223.845671988616,2
2026-02-06,198.843,81753.48122130753,23521.02713718515,2
2026-02-07,11694.969,79546.18841554644,16313.093244158359,2
2026-02-08,16996.62,79546.18841554644,43466.738331346154,3
2026-02-09,1824.924,79546.18841554644,41396.8603015413,4
2026-02-10,35776.97,67780.84037145041,18493.419521355238,2
2026-02-11,5481.42,62927.45289203746,8756.914674223732,2
2026-02-12,28781.355,56929.32169163751,19673.05439511595,2
2026-02-13,29443.967,50781.66519601934,16772.227931193185,2
2026-02-14,43278.617,48054.17261161574,41342.011701178846,2
2026-02-15,85053.414,48054.17261161574,63042.2588990974,3
2026-02-16,65205.633,48054.17261161574,23878.40112535476,4
2026-02-17,46699.305,48054.17261161574,24319.918530570507,5
2026-02-18,13466.799,48054.17261161574,29398.073524731826,6
2026-02-19,0.0,48054.17261161574,33216.952650075895,7
2026-02-20,0.0,46287.621302825515,34254.36116808426,2
2026-02-21,0.0,43644.051159544964,37295.53660086925,2
2026-02-22,15622.822,43644.051159544964,80157.07662758013,3
2026-02-23,0.0,43644.051159544964,54538.050308077276,4
2026-02-24,7.8345,29708.5746242182,18887.147740532542,2
2026-02-25,0.0,24039.690052883438,9179.884624694896,2
2026-02-26,258.96948,20638.891764826927,6490.086834476743,2
2026-02-27,8548.057,19230.863859044475,6361.925202675691,2
2026-02-28,10421.362,18205.706117594003,10597.46912708672,2
2026-03-01,31170.723,18205.706117594003,23731.562648997966,3
2026-03-02,4752.6255,18205.706117594003,5988.497517281622,4
2026-03-03,10675.113,16888.35435969525,15120.538756708393,2
2026-03-04,12831.157,16352.231589318806,7666.362144318678,2
2026-03-05,30310.67,16653.76329712718,8905.540725025448,2
2026-03-06,55073.05,17078.26787653714,14063.799353548726,2
2026-03-07,67692.64,18160.791797035927,32690.690461672108,2
2026-03-08,71396.555,18160.791797035927,40137.344713156126,3
2026-03-09,21854.035,18160.791797035927,11673.494122405733,4
2026-03-10,43420.832,24063.356632344847,34058.81055927955,2
2026-03-11,46340.418,24778.681987981734,34971.544998486395,2
2026-03-12,25399.117,25051.677154476478,39879.917635200196,2
2026-03-13,0.0,26510.927123866233,39108.26401456071,2
2026-03-14,14148.218,26390.132924713384,34933.25505721216,2
2026-03-15,10069.653,26390.132924713384,45020.183094937456,3
2026-03-16,11998.893,26390.132924713384,23274.960107644874,4
2026-03-17,14095.09,21620.199718005213,11302.187534829889,2
2026-03-18,13528.051,19719.958955769063,19745.648421297505,2
2026-03-19,66.11,18555.522652974047,15307.688746399683,2
2026-03-20,13700.299,18557.710264572626,13884.32047507298,2
2026-03-21,18799.469,18560.07133556319,14050.383170940984,2
2026-03-22,23557.615,18560.07133556319,33147.19530128481,3
2026-03-23,20502.973,18560.07133556319,10679.335137847935,4
2026-03-24,23214.396,20004.1627686195,17556.887156047727,2
2026-03-25,15315.817,20736.411735678455,24634.0389606566,2
2026-03-26,45361.594,21565.2175138764,23977.57317288614,2
2026-03-27,57148.34,22112.211005956065,26787.660776632147,2
2026-03-28,72451.79,23723.01908320807,42018.25244802937,2
2026-03-29,42938.09,23723.01908320807,48980.48653048323,3
2026-03-30,26110.52,23723.01908320807,32427.172042767437,4
2026-03-31,344.3795,28094.379054702775,24725.907368553413,2
