fonte,id_ons,erro_abs_mwmed,energia_real_mwh,energia_prevista_mwh,parcela_erro,parcela_acumulada,candidato
eolica,CJU_BASAR,121068.71543848515,12737.397,62562.567593336105,0.03968687606335008,0.03968687606335008,historico
eolica,CJU_BANHZ,84789.90348672867,11326.773,40536.30057120323,0.027794516353078766,0.06748139241642884,historico
eolica,CJU_BALRA,80016.32175688446,6030.599,40726.25554275513,0.02622971453120053,0.09371110694762937,historico
eolica,CJU_BAVSE,78933.27976543922,6541.758,39748.702656686306,0.025874688436059293,0.11958579538368866,historico
eolica,CJU_BASVT,73932.14410584792,8479.029,37846.7196931839,0.024235293400113385,0.14382108878380204,historico
eolica,CJU_BAIGD,72619.92038825154,10700.674,35027.402532458305,0.023805140491832986,0.16762622927563503,historico
eolica,CJU_RNCAJ1,68008.36484590173,5158.4854,33785.65152415633,0.022293451591809236,0.18991968086744426,historico
eolica,CJU_RNSAG,61021.76636799425,10736.758,32758.908366110176,0.020003212805572275,0.20992289367301653,historico
eolica,CJU_BASDB,52007.53240853548,5841.709,27553.95303042233,0.01704830587805265,0.2269711995510692,historico
eolica,CJU_BAEMS2,51795.08682749048,2809.7634,25875.97271219082,0.016978665249467447,0.24394986480053665,historico
eolica,CJU_RNRDV,49454.361087977886,9023.879,27103.93795916438,0.016211364696340408,0.26016122949687703,historico
eolica,CJU_BA5EIGT,47920.96176597476,7409.508,23572.434925928712,0.015708709418075034,0.2758699389149521,historico
eolica,CJU_BACTN,47679.56978528947,4616.7983,24247.185016464442,0.01562958002791469,0.29149951894286674,historico
eolica,CJU_PI4ECNP,44785.129580795765,12775.214,15837.86610764265,0.014680769352485615,0.3061802882953524,historico
eolica,CJU_RNUVT,42160.185289235786,8659.26,23763.52384334337,0.013820300664145805,0.3200005889594982,historico
eolica,CJU_BASAR,55003.29898039016,12737.397,25041.532642026054,0.027457302409693254,0.027457302409693254,B0_original
eolica,CJU_BANHZ,44745.57187948261,11326.773,16540.182050979638,0.022336709276795198,0.049794011686488455,B0_original
eolica,CJU_RNSAG,40190.65551077001,10736.758,19228.67616271444,0.020062923549302884,0.06985693523579133,B0_original
eolica,CJU_BAIGD,39401.489924337824,10700.674,15020.575092674962,0.01966897703046377,0.0895259122662551,B0_original
eolica,CJU_PI4ECNP,37587.34753152296,12775.214,11738.413280583853,0.018763368508481825,0.10828928077473694,B0_original
eolica,CJU_BASVT,36421.74704796199,8479.029,16408.52352615049,0.018181508046304303,0.12647078882104124,B0_original
eolica,CJU_RNCAJ1,35887.3467721676,5158.4854,16206.029748175915,0.017914738775145832,0.14438552759618706,B0_original
eolica,CJU_BALRA,35168.91216749635,6030.599,15402.798020263634,0.017556100719470672,0.16194162831565773,B0_original
eolica,CJU_RNRDV,34259.7878632369,9023.879,16536.873120119715,0.01710227155989693,0.17904389987555466,B0_original
eolica,CJU_BAVSE,33962.86710009032,6541.758,14345.379840713464,0.016954050574309515,0.19599795044986418,B0_original
eolica,CJU_RNUVT,30247.750004308276,8659.26,14038.53726815512,0.01509948738487834,0.21109743783474252,B0_original
eolica,CJU_RNCUT,28473.94323477272,8976.602,12284.305272734751,0.014214014153447934,0.22531145198819047,B0_original
eolica,CJU_RNRVE,27833.323896686063,6880.6914,13517.572562910376,0.013894220991557517,0.23920567297974799,B0_original
eolica,CJU_PILDV,27108.23409142395,6996.711,11718.447944797632,0.013532260701423549,0.25273793368117153,B0_original
eolica,CJU_BAUBN,27100.964517158023,8386.262,12167.453796550724,0.013528631775473482,0.26626656545664507,B0_original
