fonte,meses_vencidos,meses,media_candidato,media_referencia,candidato,referencia,metrica
eolica,1,4,0.7507478601657084,0.7248290490766846,B_ajustado,servido,wape_diario
fotovoltaica,3,4,0.6066205253371247,0.6110358250955019,B_ajustado,servido,wape_diario
eolica,2,4,0.9197454459596888,0.9208333580989017,B_ajustado,servido,wape
fotovoltaica,3,4,0.723846106563443,0.7284363066648338,B_ajustado,servido,wape
eolica,2,4,0.8238725182233293,0.8256909681402649,B_ajustado,servido,ap
fotovoltaica,3,4,0.8601121757206277,0.8604533442463778,B_ajustado,servido,ap
eolica,1,4,0.1275364512853958,0.12316206388974243,B_ajustado,servido,brier
fotovoltaica,3,4,0.07353020544369225,0.07327521362367515,B_ajustado,servido,brier
eolica,2,4,0.7727993925355194,0.777140286375788,B_ajustado,servido,f1
fotovoltaica,3,4,0.8060824298587903,0.8062265013201143,B_ajustado,servido,f1
eolica,2,4,0.750311113265258,0.7248290490766846,C_gru32_k14_sementes,servido,wape_diario
fotovoltaica,2,4,0.6142208024502617,0.6110358250955019,C_gru32_k14_sementes,servido,wape_diario
eolica,1,4,0.9745098974622226,0.9208333580989017,C_gru32_k14_sementes,servido,wape
fotovoltaica,0,4,0.7582438569032421,0.7284363066648338,C_gru32_k14_sementes,servido,wape
eolica,2,4,0.8174968299922774,0.8256909681402649,C_gru32_k14_sementes,servido,ap
fotovoltaica,3,4,0.8618056280517125,0.8604533442463778,C_gru32_k14_sementes,servido,ap
eolica,1,4,0.12710656543324733,0.12316206388974243,C_gru32_k14_sementes,servido,brier
fotovoltaica,3,4,0.07097289686771188,0.07327521362367515,C_gru32_k14_sementes,servido,brier
eolica,0,4,0.7679415821603639,0.777140286375788,C_gru32_k14_sementes,servido,f1
fotovoltaica,2,4,0.8044115754627398,0.8062265013201143,C_gru32_k14_sementes,servido,f1
eolica,3,4,0.7111031450059302,0.7248290490766846,B0_original,servido,wape_diario
fotovoltaica,0,4,0.6110358250955019,0.6110358250955019,B0_original,servido,wape_diario
eolica,4,4,0.9053743816130234,0.9208333580989017,B0_original,servido,wape
fotovoltaica,0,4,0.7284363066648338,0.7284363066648338,B0_original,servido,wape
eolica,0,4,0.8256909681402649,0.8256909681402649,B0_original,servido,ap
fotovoltaica,0,4,0.8604533442463778,0.8604533442463778,B0_original,servido,ap
eolica,0,4,0.12316206388974243,0.12316206388974243,B0_original,servido,brier
fotovoltaica,0,4,0.07327521362367515,0.07327521362367515,B0_original,servido,brier
eolica,0,4,0.777140286375788,0.777140286375788,B0_original,servido,f1
fotovoltaica,0,4,0.8062265013201143,0.8062265013201143,B0_original,servido,f1
eolica,1,4,0.7507478601657084,0.7248290490766846,B_ajustado,historico,wape_diario
fotovoltaica,4,4,0.6066205253371247,0.6871782291979003,B_ajustado,historico,wape_diario
eolica,2,4,0.9197454459596888,0.9208333580989017,B_ajustado,historico,wape
fotovoltaica,4,4,0.723846106563443,0.7976571323677935,B_ajustado,historico,wape
eolica,4,4,0.8238725182233293,0.8055269681197306,B_ajustado,historico,ap
fotovoltaica,4,4,0.8601121757206277,0.8165109603548641,B_ajustado,historico,ap
eolica,1,4,0.1275364512853958,0.12356867504259443,B_ajustado,historico,brier
fotovoltaica,4,4,0.07353020544369225,0.07728781295458559,B_ajustado,historico,brier
eolica,1,4,0.7727993925355194,0.7907752444497532,B_ajustado,historico,f1
fotovoltaica,3,4,0.8060824298587903,0.8004694384634242,B_ajustado,historico,f1
eolica,2,4,0.750311113265258,0.7248290490766846,C_gru32_k14_sementes,historico,wape_diario
fotovoltaica,4,4,0.6142208024502617,0.6871782291979003,C_gru32_k14_sementes,historico,wape_diario
eolica,1,4,0.9745098974622226,0.9208333580989017,C_gru32_k14_sementes,historico,wape
fotovoltaica,4,4,0.7582438569032421,0.7976571323677935,C_gru32_k14_sementes,historico,wape
eolica,3,4,0.8174968299922774,0.8055269681197306,C_gru32_k14_sementes,historico,ap
fotovoltaica,4,4,0.8618056280517125,0.8165109603548641,C_gru32_k14_sementes,historico,ap
eolica,2,4,0.12710656543324733,0.12356867504259443,C_gru32_k14_sementes,historico,brier
fotovoltaica,4,4,0.07097289686771188,0.07728781295458559,C_gru32_k14_sementes,historico,brier
eolica,1,4,0.7679415821603639,0.7907752444497532,C_gru32_k14_sementes,historico,f1
fotovoltaica,3,4,0.8044115754627398,0.8004694384634242,C_gru32_k14_sementes,historico,f1
eolica,0,4,0.7248290490766846,0.7248290490766846,servido,historico,wape_diario
fotovoltaica,4,4,0.6110358250955019,0.6871782291979003,servido,historico,wape_diario
eolica,0,4,0.9208333580989017,0.9208333580989017,servido,historico,wape
fotovoltaica,4,4,0.7284363066648338,0.7976571323677935,servido,historico,wape
eolica,4,4,0.8256909681402649,0.8055269681197306,servido,historico,ap
fotovoltaica,4,4,0.8604533442463778,0.8165109603548641,servido,historico,ap
eolica,2,4,0.12316206388974243,0.12356867504259443,servido,historico,brier
fotovoltaica,3,4,0.07327521362367515,0.07728781295458559,servido,historico,brier
eolica,1,4,0.777140286375788,0.7907752444497532,servido,historico,f1
fotovoltaica,3,4,0.8062265013201143,0.8004694384634242,servido,historico,f1
eolica,3,4,0.7111031450059302,0.7248290490766846,B0_original,historico,wape_diario
fotovoltaica,4,4,0.6110358250955019,0.6871782291979003,B0_original,historico,wape_diario
eolica,4,4,0.9053743816130234,0.9208333580989017,B0_original,historico,wape
fotovoltaica,4,4,0.7284363066648338,0.7976571323677935,B0_original,historico,wape
eolica,4,4,0.8256909681402649,0.8055269681197306,B0_original,historico,ap
fotovoltaica,4,4,0.8604533442463778,0.8165109603548641,B0_original,historico,ap
eolica,2,4,0.12316206388974243,0.12356867504259443,B0_original,historico,brier
fotovoltaica,3,4,0.07327521362367515,0.07728781295458559,B0_original,historico,brier
eolica,1,4,0.777140286375788,0.7907752444497532,B0_original,historico,f1
fotovoltaica,3,4,0.8062265013201143,0.8004694384634242,B0_original,historico,f1
eolica,0,4,0.7507478601657084,0.7111031450059302,B_ajustado,B0_original,wape_diario
fotovoltaica,3,4,0.6066205253371247,0.6110358250955019,B_ajustado,B0_original,wape_diario
eolica,1,4,0.9197454459596888,0.9053743816130234,B_ajustado,B0_original,wape
fotovoltaica,3,4,0.723846106563443,0.7284363066648338,B_ajustado,B0_original,wape
eolica,2,4,0.8238725182233293,0.8256909681402649,B_ajustado,B0_original,ap
fotovoltaica,3,4,0.8601121757206277,0.8604533442463778,B_ajustado,B0_original,ap
eolica,1,4,0.1275364512853958,0.12316206388974243,B_ajustado,B0_original,brier
fotovoltaica,3,4,0.07353020544369225,0.07327521362367515,B_ajustado,B0_original,brier
eolica,2,4,0.7727993925355194,0.777140286375788,B_ajustado,B0_original,f1
fotovoltaica,3,4,0.8060824298587903,0.8062265013201143,B_ajustado,B0_original,f1
eolica,1,4,0.750311113265258,0.7111031450059302,C_gru32_k14_sementes,B0_original,wape_diario
fotovoltaica,2,4,0.6142208024502617,0.6110358250955019,C_gru32_k14_sementes,B0_original,wape_diario
eolica,1,4,0.9745098974622226,0.9053743816130234,C_gru32_k14_sementes,B0_original,wape
fotovoltaica,0,4,0.7582438569032421,0.7284363066648338,C_gru32_k14_sementes,B0_original,wape
eolica,2,4,0.8174968299922774,0.8256909681402649,C_gru32_k14_sementes,B0_original,ap
fotovoltaica,3,4,0.8618056280517125,0.8604533442463778,C_gru32_k14_sementes,B0_original,ap
eolica,1,4,0.12710656543324733,0.12316206388974243,C_gru32_k14_sementes,B0_original,brier
fotovoltaica,3,4,0.07097289686771188,0.07327521362367515,C_gru32_k14_sementes,B0_original,brier
eolica,0,4,0.7679415821603639,0.777140286375788,C_gru32_k14_sementes,B0_original,f1
fotovoltaica,2,4,0.8044115754627398,0.8062265013201143,C_gru32_k14_sementes,B0_original,f1
eolica,1,4,0.7248290490766846,0.7111031450059302,servido,B0_original,wape_diario
fotovoltaica,0,4,0.6110358250955019,0.6110358250955019,servido,B0_original,wape_diario
eolica,0,4,0.9208333580989017,0.9053743816130234,servido,B0_original,wape
fotovoltaica,0,4,0.7284363066648338,0.7284363066648338,servido,B0_original,wape
eolica,0,4,0.8256909681402649,0.8256909681402649,servido,B0_original,ap
fotovoltaica,0,4,0.8604533442463778,0.8604533442463778,servido,B0_original,ap
eolica,0,4,0.12316206388974243,0.12316206388974243,servido,B0_original,brier
fotovoltaica,0,4,0.07327521362367515,0.07327521362367515,servido,B0_original,brier
eolica,0,4,0.777140286375788,0.777140286375788,servido,B0_original,f1
fotovoltaica,0,4,0.8062265013201143,0.8062265013201143,servido,B0_original,f1
