bloco,fonte,candidato,ap,brier,f1,wape,wape_diario,vies
avaliacao_mai_ago,eolica,B0_original,0.8256909681402649,0.12316206388974243,0.777140286375788,0.9053743816130234,0.7111031450059302,-0.11996147102374266
avaliacao_mai_ago,eolica,servido,0.8256909681402649,0.12316206388974243,0.777140286375788,0.9208333580989017,0.7248290490766846,-0.09838447591635091
avaliacao_mai_ago,eolica,historico,0.8055269681197306,0.12356867504259443,0.7907752444497532,0.9208333580989017,0.7248290490766846,-0.09838447591635091
avaliacao_mai_ago,eolica,C_gru32_k14_s2,0.8158893800962226,0.12700018548851882,0.7669315971054957,0.9507100108418401,0.7295002541331311,-0.04743194075101623
avaliacao_mai_ago,eolica,C_gru32_k14_s0,0.8179247662139392,0.12836206753543458,0.7641349748204838,0.961087349750161,0.7405988217402848,-0.04774542845806723
avaliacao_mai_ago,eolica,C_gru32_k14_sementes,0.8174968299922774,0.12710656543324733,0.7679415821603639,0.9745098974622226,0.7503111132652579,-0.004895809865513134
avaliacao_mai_ago,eolica,B_ajustado,0.8238725182233293,0.1275364512853958,0.7727993925355194,0.9197454459596888,0.7507478601657084,-0.29043217321522086
avaliacao_mai_ago,eolica,C_gru32_k14_s1,0.8186763436666702,0.12595744327578856,0.7727581745551121,1.0117323317946667,0.7808342639223579,0.08048993961254405
avaliacao_mai_ago,fotovoltaica,B_ajustado,0.8601121757206277,0.07353020544369225,0.8060824298587903,0.723846106563443,0.6066205253371247,-0.07319861366803707
avaliacao_mai_ago,fotovoltaica,C_gru32_k14_s2,0.8656203924508044,0.069983713239328,0.8078178880208896,0.7436827813945748,0.6094072626708117,-0.029218027386559486
avaliacao_mai_ago,fotovoltaica,servido,0.8604533442463778,0.07327521362367515,0.8062265013201143,0.7284363066648338,0.6110358250955019,-0.07335008642820942
avaliacao_mai_ago,fotovoltaica,B0_original,0.8604533442463778,0.07327521362367515,0.8062265013201143,0.7284363066648338,0.6110358250955019,-0.07335008642820942
avaliacao_mai_ago,fotovoltaica,C_gru32_k14_sementes,0.8618056280517125,0.07097289686771188,0.8044115754627398,0.7582438569032421,0.6142208024502617,-0.0002684273543825215
avaliacao_mai_ago,fotovoltaica,C_gru32_k14_s0,0.8578427749039101,0.07141902706981895,0.8039037554321757,0.7579167966639806,0.6150545862910826,-0.010663316075303936
avaliacao_mai_ago,fotovoltaica,C_gru32_k14_s1,0.8619537168004229,0.07151595029398866,0.801513082935154,0.7731319926511712,0.6182005583888909,0.03907606139871586
avaliacao_mai_ago,fotovoltaica,historico,0.8165109603548641,0.07728781295458559,0.8004694384634242,0.7976571323677935,0.6871782291979003,-0.03762651438389478
reserva_25_09,eolica,C_gru32_k14_s0,0.8552765242015163,0.11259943397613227,0.8574657437491171,0.7719497364684192,0.36169349134376677,0.11344750012678495
reserva_25_09,eolica,C_gru32_k14_s2,0.8653214993468223,0.11800110009391027,0.8463390454609828,0.7676962880123224,0.3726527568710573,0.114095259274968
reserva_25_09,eolica,B_ajustado,0.8444620217875314,0.13115741761485492,0.8500370096225018,0.7455003658341826,0.381954029966382,-0.1107636099102226
reserva_25_09,eolica,C_gru32_k14_sementes,0.8596671359404082,0.11694818865865199,0.8478367516945967,0.8292088992328085,0.439855633289927,0.2386299756305775
reserva_25_09,eolica,B0_original,0.871799092898676,0.13427518323387466,0.8568015529341496,0.7188583891678088,0.4597657337283531,-0.26549643198755934
reserva_25_09,eolica,historico,0.8751829810648801,0.08997639063918231,0.8720341242335378,0.8584496250280751,0.5381262247026197,0.4731279716416035
reserva_25_09,eolica,servido,0.871799092898676,0.13427518323387466,0.8568015529341496,0.8584496250280751,0.5381262247026197,0.4731279716416035
reserva_25_09,eolica,C_gru32_k14_s1,0.8584033842728861,0.12024403190591343,0.8397054658736902,0.9479806732176839,0.5852206516549567,0.48834716748997953
reserva_25_09,fotovoltaica,historico,0.8871286557596502,0.0632907363976637,0.8427051671732523,0.6646118500989505,0.44596106641841177,0.26796599605318305
reserva_25_09,fotovoltaica,C_gru32_k14_s1,0.8970154447266437,0.10630495815381893,0.8157389635316699,0.6800521043327801,0.4945801641501875,-0.27154022146352996
reserva_25_09,fotovoltaica,C_gru32_k14_s2,0.8859033734261685,0.09263741926164033,0.815813953488372,0.7058561572728101,0.5189914020677723,-0.2742137566836076
reserva_25_09,fotovoltaica,C_gru32_k14_sementes,0.8880294298955888,0.09784099841617112,0.809621065199444,0.6968095753687376,0.5190329046517068,-0.29426756072830657
reserva_25_09,fotovoltaica,C_gru32_k14_s0,0.8811694715339538,0.0945806178330541,0.7973102785782901,0.7045204645006226,0.5435271477371606,-0.3370487040377821
reserva_25_09,fotovoltaica,servido,0.8360148400681117,0.10594137637285322,0.7430457331447431,0.7487701620846061,0.6050691109451799,-0.2382002554761039
reserva_25_09,fotovoltaica,B0_original,0.8360148400681117,0.10594137637285322,0.7430457331447431,0.7487701620846061,0.60506911094518,-0.2382002554761039
reserva_25_09,fotovoltaica,B_ajustado,0.8450514809059722,0.1068966679002709,0.7567820392890552,0.8248214936232674,0.6899665365826638,-0.23073565965608622
selecao_jan_abr,eolica,B_ajustado,0.7535650177005158,0.12703118028534122,0.682821878047821,1.1932903474534617,0.9540427643891147,-0.01169994862472315
selecao_jan_abr,eolica,B0_original,0.7501599541889092,0.12347292526642178,0.6892832489650557,1.2611203719043953,0.9956475904271889,0.1105265432374567
selecao_jan_abr,eolica,C_gru32_k14_s2,0.7485108848711498,0.11915244546782332,0.683142040096099,1.279774427996832,1.0068608049145646,0.13638301747953924
selecao_jan_abr,eolica,C_gru32_k14_s1,0.7397831380367251,0.1229509558360995,0.6804867131944834,1.3017840966821175,1.0258420978665117,0.1567863355324808
selecao_jan_abr,eolica,C_gru32_k14_sementes,0.7456846687069774,0.12094284773696391,0.6845942760268268,1.342851382017088,1.0616714781704115,0.20516660672517006
selecao_jan_abr,eolica,C_gru32_k14_s0,0.7487599832130573,0.12072514190696891,0.690154074789898,1.4469956213723143,1.1523115317301584,0.3223304671634901
selecao_jan_abr,eolica,historico,0.6737901327189795,0.1331859103243006,0.6801002657903727,1.506239920494365,1.2376137131770553,0.37367985711858276
selecao_jan_abr,eolica,servido,0.7501599541889092,0.12347292526642178,0.6892832489650557,1.506239920494365,1.2376137131770553,0.37367985711858276
selecao_jan_abr,fotovoltaica,B_ajustado,0.766470613276508,0.07906103563838637,0.7124403183533781,0.9590314527966317,0.7793254133301417,-0.006207589236596062
selecao_jan_abr,fotovoltaica,B0_original,0.7649054202412119,0.07930468044350512,0.711991014131439,0.973256786826254,0.7905430870239928,0.0183144130647942
selecao_jan_abr,fotovoltaica,servido,0.7649054202412119,0.07930468044350512,0.711991014131439,0.973256786826254,0.7905430870239928,0.0183144130647942
selecao_jan_abr,fotovoltaica,C_gru32_k14_s1,0.7540269968378327,0.07947956479844043,0.7052971992621883,1.0228487339944894,0.8293284724731146,0.11006208479502766
selecao_jan_abr,fotovoltaica,C_gru32_k14_sementes,0.7583426218777545,0.07870632274466967,0.7079874760057536,1.0664548816905388,0.8646366590969264,0.21294911297169877
selecao_jan_abr,fotovoltaica,C_gru32_k14_s2,0.7625693673277664,0.07791287617308698,0.7090834636335975,1.0711105475012797,0.8732341304362212,0.2593970984422832
selecao_jan_abr,fotovoltaica,C_gru32_k14_s0,0.758431501467664,0.07872652726248158,0.709581765121475,1.1054053635758474,0.8913473743814434,0.2693881556777855
selecao_jan_abr,fotovoltaica,historico,0.6767719096748468,0.08850081464977153,0.6892282212239128,1.1031963621915768,0.9278933516869179,0.04470425296879535
setembro_nao_cego,eolica,B0_original,0.9214645693753996,0.09465672400217974,0.8755353275909318,0.7379878826768514,0.553483117823511,-0.020248299193029395
setembro_nao_cego,eolica,servido,0.9214645693753996,0.09465672400217974,0.8755353275909318,0.7535154079431591,0.5873840055950054,-0.003050660160951013
setembro_nao_cego,eolica,historico,0.8996597957549735,0.09486077586735439,0.8777336255759676,0.7535154079431591,0.5873840055950054,-0.003050660160951013
setembro_nao_cego,eolica,B_ajustado,0.9199973530347304,0.09740937521160563,0.871177126042602,0.7848030115451257,0.6175406367768262,-0.13485358675976178
setembro_nao_cego,eolica,C_gru32_k14_s0,0.908400402257002,0.09883518978245918,0.8678514774285484,0.8095590658511678,0.6204756102843911,0.043800049925814655
setembro_nao_cego,eolica,C_gru32_k14_s2,0.9116084359812369,0.09863815595991401,0.8681231305138011,0.8014068379694862,0.6219490919388669,0.04614126993866341
setembro_nao_cego,eolica,C_gru32_k14_sementes,0.9100879186787343,0.09930325652774802,0.8672564606524807,0.8189479966170089,0.6321943746169886,0.0931799820701013
setembro_nao_cego,eolica,C_gru32_k14_s1,0.910254917797964,0.10043642384087087,0.8657947740150925,0.8458780860303727,0.6541584216277077,0.1895986263458258
setembro_nao_cego,fotovoltaica,B_ajustado,0.9054819196685331,0.06819543294385093,0.8540381310858358,0.6103662513978858,0.5161310667121273,-0.10964968522078777
setembro_nao_cego,fotovoltaica,servido,0.9073503656412969,0.06839747523133372,0.8543776652452025,0.6070957883342477,0.516849200000271,-0.1310590053884393
setembro_nao_cego,fotovoltaica,B0_original,0.9073503656412969,0.06839747523133372,0.8543776652452025,0.6070957883342477,0.5168492000002711,-0.1310590053884393
setembro_nao_cego,fotovoltaica,C_gru32_k14_s1,0.8840789760837824,0.0760776815338976,0.8390323875802997,0.6422835544624061,0.5467752754620049,-0.08086959196550669
setembro_nao_cego,fotovoltaica,C_gru32_k14_s0,0.8818108535023991,0.0734649041870689,0.8380075907701608,0.6510378773466343,0.5577421985937636,-0.12123430852097938
setembro_nao_cego,fotovoltaica,C_gru32_k14_sementes,0.8846599059420545,0.074086623750171,0.8392293332804351,0.6515811470411804,0.559563981453625,-0.07760618207181129
setembro_nao_cego,fotovoltaica,historico,0.8667082847877721,0.073311213051563,0.8463429131391669,0.6518504736627169,0.5645127617615981,-0.10007860504396948
setembro_nao_cego,fotovoltaica,C_gru32_k14_s2,0.8880898882399819,0.07271728552954651,0.8406480214908449,0.6614220093145009,0.5741744703051064,-0.030714645728947776
