fonte,periodo,candidato,n,linhas_sem_previsao,prevalencia,ap,brier,limiar,vp,fp,fn,vn,precisao,recall,f1,acuracia,mae_mwmed,wape,wape_diario,vies,energia_real_mwh,energia_prevista_mwh,usina_dias_com_corte,wape_diario_dias_com_corte,usina_dias_sem_corte,energia_prevista_dias_sem_corte_mwh,ap_desvio,wape_desvio,wape_diario_desvio,vies_desvio,bloco
eolica,2026-01-01,historico,229152,0,0.4042207792207792,0.7427210228603213,0.16435177616553953,0.3636,72286,35102,20342,101422,0.6731292136924051,0.7803903787191778,0.722802175825934,0.7580470604664153,21.175826001712682,0.9902270550855679,0.8144989013089473,-0.1424017629489176,2450186.982381101,2101276.036535544,3939,0.6930745670735131,835,297512.3230879529,,,,,selecao_jan_abr
eolica,2026-01-01,servido,229152,0,0.4042207792207792,0.8171380543895816,0.15118004620090095,0.30245965899278776,76848,39321,15780,97203,0.6615189938796064,0.8296411452260656,0.7361025302087674,0.759543883535819,21.175826001712682,0.9902270550855679,0.8144989013089474,-0.1424017629489176,2450186.982381101,2101276.036535544,3939,0.6930745670735132,835,297512.3230879529,,,,,selecao_jan_abr
eolica,2026-01-01,B0_original,229152,0,0.4042207792207792,0.8171380543895816,0.15118004620090095,0.30245965899278776,76848,39321,15780,97203,0.6615189938796064,0.8296411452260656,0.7361025302087674,0.759543883535819,19.941391933061816,0.9325022696439715,0.7348033066757987,-0.21501367960201423,2450186.982381101,1923363.2635863852,3939,0.6524170377905439,835,201861.7635496003,,,,,selecao_jan_abr
eolica,2026-01-01,B_ajustado,229152,0,0.4042207792207792,0.8104387224526153,0.15623584835349466,0.2859840065328698,77324,40562,15304,95962,0.655921822777938,0.8347799801355962,0.7346209753270566,0.7562054880603267,19.533585861815034,0.9134323828332254,0.7252201772699007,-0.2313581901424514,2450186.982381101,1883316.1566268152,3939,0.6548917281877481,835,172317.85043214267,,,,,selecao_jan_abr
eolica,2026-01-01,C_gru32_k14_s0,229152,0,0.4042207792207792,0.8182765391202342,0.14917379102480552,0.4003618359565735,70991,29404,21637,107120,0.7071168882912495,0.7664097249211901,0.7355703724426623,0.7772613810920262,21.144283743214174,0.9887520714064804,0.7712787891961026,-0.17094334437144443,2450186.982381101,2031343.8252774985,3939,0.6810166643388581,835,221159.08332727815,,,,,selecao_jan_abr
eolica,2026-01-01,C_gru32_k14_s1,229152,0,0.4042207792207792,0.8069640540357413,0.15257980902782398,0.37767964601516724,73956,35868,18672,100656,0.6734047202797203,0.7984194843891695,0.7306028095548575,0.7619920402178467,21.9626840659428,1.0270222263176088,0.8034375807002759,-0.1255531525801844,2450186.982381101,2142558.2823322252,3939,0.6966176816771502,835,261728.72604572633,,,,,selecao_jan_abr
eolica,2026-01-01,C_gru32_k14_s2,229152,0,0.4042207792207792,0.8118045022590459,0.14965931938993615,0.3743310272693634,75314,37759,17314,98765,0.6660652852581961,0.813080278101654,0.7322667366711878,0.7596660731741377,24.00985782038459,1.1227524631426282,0.8686176603176085,0.08368517014301657,2450186.982381101,2655231.296883868,3939,0.7331302327151473,835,331969.5313878525,,,,,selecao_jan_abr
eolica,2026-02-01,historico,205728,0,0.15071842432726706,0.3963219192621561,0.13840223195645002,0.3636,25723,51005,5284,123716,0.3352491919507872,0.8295868674815364,0.4775235531628533,0.726391157256183,14.828308589223493,3.0367769107976694,2.6052388320029447,2.10720364940535,502275.66249548295,1560672.7715134546,2294,1.3382303685135841,1992,636387.5153865026,,,,,selecao_jan_abr
eolica,2026-02-01,servido,205728,0,0.15071842432726706,0.5692569808409521,0.11248147215293916,0.30245965899278776,25410,41003,5597,133718,0.38260581512655656,0.8194923726900377,0.5216587969616095,0.773487323067351,14.828308589223493,3.0367769107976694,2.6052388320029447,2.10720364940535,502275.66249548295,1560672.7715134546,2294,1.3382303685135841,1992,636387.5153865025,,,,,selecao_jan_abr
eolica,2026-02-01,B0_original,205728,0,0.15071842432726706,0.5692569808409521,0.11248147215293916,0.30245965899278776,25410,41003,5597,133718,0.38260581512655656,0.8194923726900377,0.5216587969616095,0.773487323067351,9.737275711835068,1.9941542137355899,1.6550844706778618,0.8582777692735364,502275.66249548295,933367.6976624937,2294,0.9374510143471935,1992,360449.8197074097,,,,,selecao_jan_abr
eolica,2026-02-01,B_ajustado,205728,0,0.15071842432726706,0.5899632653078257,0.11259040833913636,0.2859840065328698,26999,46810,4008,127911,0.3657954991938652,0.8707388654174864,0.5151694397801863,0.7529845232540053,9.399704074323306,1.92502092396302,1.5732660522087798,0.8417322098566495,502275.66249548295,925057.2658450184,2294,0.9640729010303684,1992,305982.8935958475,,,,,selecao_jan_abr
eolica,2026-02-01,C_gru32_k14_s0,205728,0,0.15071842432726706,0.5858984979886476,0.10240878059863519,0.4003618359565735,21076,28820,9931,145901,0.42239858906525574,0.6797174831489664,0.5210189980594044,0.8116396406906207,11.420108974051514,2.338791578453992,1.9771552167554505,1.2263272358504458,502275.66249548295,1118229.98731852,2294,1.125501614437287,1992,427764.87732102023,,,,,selecao_jan_abr
eolica,2026-02-01,C_gru32_k14_s1,205728,0,0.15071842432726706,0.5462079623914629,0.10798938632189013,0.37767964601516724,21274,29207,9733,145514,0.4214258830054872,0.6861031380010966,0.5221382289416847,0.8107209519365376,8.935844638173263,1.8300244098912932,1.549086165058766,0.5967409800249202,502275.66249548295,802004.1335757035,2294,1.0312911451316904,1992,260075.83667073373,,,,,selecao_jan_abr
eolica,2026-02-01,C_gru32_k14_s2,205728,0,0.15071842432726706,0.5766838477727639,0.09477750228160406,0.3743310272693634,18839,20187,12168,154534,0.4827294624096756,0.6075724836327281,0.5380035126297602,0.8427292347176855,8.338006045995284,1.707589513005664,1.4199493408104353,0.4687960715030146,502275.66249548295,737740.5198849394,2294,0.9561723509945081,1992,232943.89480995573,,,,,selecao_jan_abr
eolica,2026-03-01,historico,227664,0,0.269880174291939,0.755074052012319,0.10398024803381241,0.3636,47043,15466,14399,150756,0.7525796285334911,0.7656489046580515,0.7590580148607111,0.8688198397638626,7.4172849837670425,1.0000665047196253,0.7900752794174547,-0.22387641384729462,844268.2364498163,655256.4913482516,3909,0.6920260308833892,834,82779.86614508515,,,,,selecao_jan_abr
eolica,2026-03-01,servido,227664,0,0.269880174291939,0.7860973687581372,0.10522020306428168,0.30245965899278776,47921,19093,13521,147129,0.7150893843077566,0.7799388040753882,0.7461076166158062,0.856745027760208,7.4172849837670425,1.0000665047196253,0.7900752794174547,-0.22387641384729462,844268.2364498163,655256.4913482516,3909,0.6920260308833892,834,82779.86614508515,,,,,selecao_jan_abr
eolica,2026-03-01,B0_original,227664,0,0.269880174291939,0.7860973687581372,0.10522020306428168,0.30245965899278776,47921,19093,13521,147129,0.7150893843077566,0.7799388040753882,0.7461076166158062,0.856745027760208,7.772486092169571,1.0479579814162974,0.7797967428704634,-0.08743516587342093,844268.2364498163,770449.503154166,3909,0.6704084108261044,834,92353.09418327789,,,,,selecao_jan_abr
eolica,2026-03-01,B_ajustado,227664,0,0.269880174291939,0.7930735007252568,0.10773523975746996,0.2859840065328698,46535,17925,14907,148297,0.7219205708966802,0.7573809446307086,0.7392257470095789,0.855787476280835,6.764927508935473,0.9121096767009732,0.7219754511209937,-0.42907497738655753,844268.2364498163,482013.86198692257,3909,0.662924578595082,834,49854.776008274246,,,,,selecao_jan_abr
eolica,2026-03-01,C_gru32_k14_s0,227664,0,0.269880174291939,0.782040110972259,0.09734172728229679,0.4003618359565735,53750,24680,7692,141542,0.6853244931786306,0.874808762735588,0.7685598261267444,0.8578079977510717,9.459875118609103,1.2754672721428613,0.9884905713738112,0.17101919506778795,844268.2364498163,988654.3106687646,3909,0.8105847741622194,834,150200.21366602927,,,,,selecao_jan_abr
eolica,2026-03-01,C_gru32_k14_s1,227664,0,0.269880174291939,0.7765781140099725,0.10553733023539569,0.37767964601516724,44826,17921,16616,148301,0.7143927199706759,0.7295660948536832,0.7218996851573005,0.8482983695270223,8.164545165091454,1.1008189875066248,0.8400718858211507,-0.0648595579604272,844268.2364498163,789509.3718336518,3909,0.7130690592242819,834,107224.45243508025,,,,,selecao_jan_abr
eolica,2026-03-01,C_gru32_k14_s2,227664,0,0.269880174291939,0.7770553705036577,0.10608624929283449,0.3743310272693634,43899,17445,17543,148777,0.7156201095461658,0.7144786953549689,0.7150489469483492,0.8463173799985945,8.156316275213563,1.0997094929737983,0.8582298281218299,-0.1101529423811265,844268.2364498163,751269.6060459444,3909,0.740277835070214,834,99583.12115942879,,,,,selecao_jan_abr
eolica,2026-04-01,historico,220320,0,0.34409495279593316,0.8010435367411213,0.1260093851414004,0.3636,57496,17796,18315,126713,0.7636402273813951,0.7584123675983696,0.7610173193119925,0.8360974945533769,12.725477265836671,0.9978892113745972,0.7406418399788746,-0.24620604413480673,1404803.8195277494,1058932.6283363553,4154,0.7156190240179365,436,35152.14743726583,,,,,selecao_jan_abr
eolica,2026-04-01,servido,220320,0,0.34409495279593316,0.8281474127669658,0.12500997964756538,0.30245965899278776,59944,23403,15867,121106,0.7192100495518735,0.790703196106106,0.7532640520740397,0.8217592592592593,12.725477265836671,0.9978892113745972,0.7406418399788747,-0.24620604413480673,1404803.8195277494,1058932.6283363553,4154,0.7156190240179364,436,35152.14743726583,,,,,selecao_jan_abr
eolica,2026-04-01,B0_original,220320,0,0.34409495279593316,0.8281474127669658,0.12500997964756538,0.30245965899278776,59944,23403,15867,121106,0.7192100495518735,0.790703196106106,0.7532640520740397,0.8217592592592593,13.64336673971257,1.069867022821722,0.8129058414846313,-0.11372275084827443,1404803.8195277494,1245045.664768891,4154,0.78951899250203,436,32853.93477747725,,,,,selecao_jan_abr
eolica,2026-04-01,B_ajustado,220320,0,0.34409495279593316,0.8207845823163652,0.1315632246912639,0.2859840065328698,57817,22156,17994,122353,0.7229564978180136,0.762646581630634,0.7422713500744621,0.8177650689905592,13.040578676802738,1.022598406316629,0.7957093769567846,-0.2280988368265332,1404803.8195277494,1084369.7023239988,4154,0.7856307561208546,436,14158.485045886577,,,,,selecao_jan_abr
eolica,2026-04-01,C_gru32_k14_s0,220320,0,0.34409495279593316,0.8088247847710881,0.13397626872213814,0.4003618359565735,54896,18575,20915,125934,0.7471791591240081,0.7241165530068195,0.7354671025307806,0.8207607116920842,15.111225294270094,1.184971563485923,0.8723215495952694,0.06291878210717128,1404803.8195277494,1493192.364951938,4154,0.8273960767599364,436,63111.475833165925,,,,,selecao_jan_abr
eolica,2026-04-01,C_gru32_k14_s1,220320,0,0.34409495279593316,0.829382421709724,0.12569729775928817,0.37767964601516724,61689,27597,14122,116912,0.6909145890733149,0.813720963976204,0.7473061291240907,0.8106436092955701,15.931194076842125,1.2492707630129432,0.9107727598858544,0.22081707264561468,1404803.8195277494,1715008.4865972456,4154,0.8595122685308607,436,72010.93404636439,,,,,selecao_jan_abr
eolica,2026-04-01,C_gru32_k14_s2,220320,0,0.34409495279593316,0.8284998189491316,0.12608671090691856,0.3743310272693634,60776,26079,15035,118430,0.6997409475562719,0.8016778567754019,0.7472489641350989,0.8133896151053014,15.163187214707749,1.1890462428652375,0.8806463904083847,0.10320377065325226,1404803.8195277494,1549784.8707311042,4154,0.8329466394337771,436,67008.79235965107,,,,,selecao_jan_abr
eolica,agregado,historico,882864,0,0.29550191195925984,0.7022949668221776,0.13316852823373188,0.3636,202548,119369,58340,502607,0.6291932392511113,0.7763791358743982,0.6950798294455264,0.7987130520669096,14.039996045984106,1.1915144069985966,0.9635069075194104,0.033567636653617505,5201534.700854151,5376137.927733606,14296,0.761291232233406,4097,1051831.8520568064,,,,,selecao_jan_abr
eolica,agregado,servido,882864,0,0.29550191195925984,0.7798333253576851,0.12377993584117934,0.30245965899278776,210123,122820,50765,499156,0.6311080275002028,0.8054145840360615,0.7076861935466487,0.8033842131970496,14.039996045984106,1.1915144069985966,0.9635069075194104,0.033567636653617505,5201534.700854151,5376137.927733606,14296,0.761291232233406,4097,1051831.8520568064,,,,,selecao_jan_abr
eolica,agregado,B0_original,882864,0,0.29550191195925984,0.7798333253576851,0.12377993584117934,0.30245965899278776,210123,122820,50765,499156,0.6311080275002028,0.8054145840360615,0.7076861935466487,0.8033842131970496,12.853918537476387,1.0908570824113737,0.8520648717045248,-0.06330988652793923,5201534.700854151,4872226.129171936,14296,0.7198887637368385,4097,687518.6122177651,,,,,selecao_jan_abr
eolica,agregado,B_ajustado,882864,0,0.29550191195925984,0.7719772291591624,0.12740150457694252,0.2859840065328698,208675,127453,52213,494523,0.6208200447448591,0.7998643095887891,0.6990599916920149,0.7964964026169375,12.259162609050192,1.0403826908911327,0.825620715078063,-0.15894880292457314,5201534.700854151,4374756.986782756,14296,0.7213603311200176,4097,542314.0050821509,,,,,selecao_jan_abr
eolica,agregado,C_gru32_k14_s0,882864,0,0.29550191195925984,0.7737428586699935,0.12111795780637849,0.4003618359565735,200713,101479,60175,520497,0.6641903160904326,0.769345466253718,0.7129111316331604,0.8168981859040577,14.359708010718858,1.2186469938471696,0.9502668569690327,0.0826459520287306,5201534.700854151,5631420.4882167205,14296,0.7845012320649241,4097,862235.6501474936,,,,,selecao_jan_abr
eolica,agregado,C_gru32_k14_s1,882864,0,0.29550191195925984,0.7711644259676378,0.12334978916414219,0.37767964601516724,201745,110593,59143,511383,0.6459188443289001,0.7733011867161387,0.7038934032999201,0.8077438880733613,13.863834196746351,1.1765643044029241,0.9103743250564561,0.047590872256225936,5201534.700854151,5449080.274338827,14296,0.7755987271770868,4097,701039.9491979047,,,,,selecao_jan_abr
eolica,agregado,C_gru32_k14_s2,882864,0,0.29550191195925984,0.7832490835400322,0.11975181041728813,0.3743310272693634,198828,101470,62060,520506,0.6621023117037077,0.7621201435098587,0.70859928793662,0.8147732833143043,14.062099307154806,1.1933902162253431,0.9234184817433692,0.09468197772684905,5201534.700854151,5694026.293545856,14296,0.7827858835225466,4097,731505.3397168881,,,,,selecao_jan_abr
fotovoltaica,2026-01-01,historico,106224,0,0.206940051212532,0.6816028688815114,0.0935359823117529,0.3043,19423,14413,2559,69829,0.5740335737084762,0.8835865708306796,0.6959403776559533,0.8402244313902696,15.226026286934987,1.0900551602020143,0.9068917612853402,0.09737118892823005,741875.033188065,814112.2872057571,1695,0.6587781357666651,518,184069.30416607822,,,,,selecao_jan_abr
fotovoltaica,2026-01-01,servido,106224,0,0.206940051212532,0.7784662166312946,0.08196781482177874,0.32354527415640666,18887,11162,3095,73080,0.6285400512496256,0.859202984259849,0.7259902750283485,0.8657836270522669,13.475803683399473,0.9647539723193196,0.7737410534240279,0.035579454237664176,741875.033188065,768270.5419814454,1695,0.6225994092558368,518,112128.21228337545,,,,,selecao_jan_abr
fotovoltaica,2026-01-01,B0_original,106224,0,0.206940051212532,0.7784662166312946,0.08196781482177874,0.32354527415640666,18887,11162,3095,73080,0.6285400512496256,0.859202984259849,0.7259902750283485,0.8657836270522669,13.475803683399473,0.9647539723193196,0.7737410534240279,0.035579454237664176,741875.033188065,768270.5419814454,1695,0.6225994092558369,518,112128.21228337544,,,,,selecao_jan_abr
fotovoltaica,2026-01-01,B_ajustado,106224,0,0.206940051212532,0.7828692110909125,0.08017823119004033,0.28848043860606487,19200,11500,2782,72742,0.6254071661237784,0.8734419070148303,0.728901712159751,0.8655482753426721,13.41873245364573,0.9606681532540049,0.7709003916415117,0.017396199957683933,741875.033188065,754780.8396090181,1695,0.6251201366685676,518,108150.73149621749,,,,,selecao_jan_abr
fotovoltaica,2026-01-01,C_gru32_k14_s0,106224,0,0.206940051212532,0.772886706065506,0.08336244063919981,0.3938,16992,8732,4990,75510,0.6605504587155964,0.7729960877081248,0.7123632247516035,0.870820153637596,13.623133346871857,0.975301534558635,0.7875586744140989,0.0331180822756163,741875.033188065,766444.5115754129,1695,0.6447326305168818,518,105959.07605636789,,,,,selecao_jan_abr
fotovoltaica,2026-01-01,C_gru32_k14_s1,106224,0,0.206940051212532,0.7658682363001216,0.0841712986134631,0.33570924401283264,17434,9458,4548,74784,0.6482968912687789,0.7931034482758621,0.7134263616646888,0.8681465582165989,13.630133104746438,0.975802658229878,0.7864779876296537,-0.06029848052600639,741875.033188065,697141.0959466442,1695,0.6401759171998538,518,108537.85335559034,,,,,selecao_jan_abr
fotovoltaica,2026-01-01,C_gru32_k14_s2,106224,0,0.206940051212532,0.767612956425019,0.0835848618415332,0.35488811135292053,18411,11231,3571,73011,0.6211119357668173,0.8375489036484396,0.7132728963272896,0.8606529597830999,17.247097042138225,1.2347467930893865,1.033968986868968,0.6163009414938507,741875.033188065,1199093.3146126512,1695,0.7686472716980911,518,196835.55624790862,,,,,selecao_jan_abr
fotovoltaica,2026-02-01,historico,98016,0,0.12170461965393405,0.4644409832280074,0.08676133899179687,0.3043,9615,16000,2314,70087,0.3753659964864337,0.8060189454271104,0.5121990198167483,0.813152954619654,11.197996865862711,1.6266918701558366,1.4080485337714423,0.5153358099885672,337366.55384502886,511223.62013380835,1169,0.8107216431442612,873,201518.11460985857,,,,,selecao_jan_abr
fotovoltaica,2026-02-01,servido,98016,0,0.12170461965393405,0.6113831890401685,0.07507995588069592,0.32354527415640666,9069,10866,2860,75221,0.454928517682468,0.7602481347975522,0.5692317348732111,0.8599616389160953,9.636154067706732,1.3998087041168328,1.1885673633822444,0.4051794858976574,337366.55384502886,474060.560691022,1169,0.798310560439696,873,131659.59272330615,,,,,selecao_jan_abr
fotovoltaica,2026-02-01,B0_original,98016,0,0.12170461965393405,0.6113831890401685,0.07507995588069592,0.32354527415640666,9069,10866,2860,75221,0.454928517682468,0.7602481347975522,0.5692317348732111,0.8599616389160953,9.636154067706732,1.3998087041168328,1.1885673633822444,0.4051794858976574,337366.55384502886,474060.560691022,1169,0.7983105604396957,873,131659.59272330612,,,,,selecao_jan_abr
fotovoltaica,2026-02-01,B_ajustado,98016,0,0.12170461965393405,0.6093520696840341,0.07463920274449347,0.28848043860606487,9249,11665,2680,74422,0.44223964808262406,0.7753374130270768,0.5632250403434522,0.8536463434541299,9.20197118987934,1.336736552375498,1.1288471970096197,0.32416886409991985,337366.55384502886,446730.2863902763,1169,0.7712665767612071,873,120635.74157497492,,,,,selecao_jan_abr
fotovoltaica,2026-02-01,C_gru32_k14_s0,98016,0,0.12170461965393405,0.5965401168101497,0.07337411461465938,0.3938,7908,8509,4021,77578,0.4816958031309009,0.6629222902171179,0.5579623227263106,0.8721637283708782,12.015716790917416,1.7454790398688411,1.4948739364707775,0.9332993664827314,337366.55384502886,652230.5448210565,1169,0.8212538618957304,873,227256.883160215,,,,,selecao_jan_abr
fotovoltaica,2026-02-01,C_gru32_k14_s1,98016,0,0.12170461965393405,0.5919803947665379,0.07303997417074179,0.33570924401283264,8262,8937,3667,77150,0.4803767660910518,0.6925978707351832,0.567289206262016,0.8714087495919034,9.945390819956414,1.4447303911706537,1.2348618023229847,0.5381967155110243,337366.55384502886,518936.1250476965,1169,0.8143035352671986,873,141882.29324764782,,,,,selecao_jan_abr
fotovoltaica,2026-02-01,C_gru32_k14_s2,98016,0,0.12170461965393405,0.6077999342181938,0.06995245623509846,0.35488811135292053,7774,7278,4155,78809,0.5164762157852777,0.6516891608684718,0.5762573662948001,0.8833557786483839,9.916758786207328,1.4405711208043928,1.2248546242854805,0.5600658054288128,337366.55384502886,526314.0245489879,1169,0.771640278244723,873,152899.3620768987,,,,,selecao_jan_abr
fotovoltaica,2026-03-01,historico,112416,0,0.22892648733276402,0.7301329788663726,0.0952041950150199,0.3043,20960,9581,4775,77100,0.6862905602305098,0.8144550223431125,0.7449001350486886,0.8722957586108739,13.882655922753715,0.9041692679610933,0.7570595179904116,-0.31221244897113254,863020.1796902015,593574.5358776168,2000,0.6705325478424399,342,74674.52132515126,,,,,selecao_jan_abr
fotovoltaica,2026-03-01,servido,112416,0,0.22892648733276402,0.7945428803121645,0.08972113259323299,0.32354527415640666,19440,7905,6295,78776,0.7109160724081185,0.7553914901884593,0.7324792765636775,0.8736834614289781,12.587476754336864,0.8198150055561203,0.6571650188962502,-0.25682857310732665,863020.1796902015,641371.9383775385,2000,0.5751615972273192,342,70770.60770393215,,,,,selecao_jan_abr
fotovoltaica,2026-03-01,B0_original,112416,0,0.22892648733276402,0.7945428803121645,0.08972113259323299,0.32354527415640666,19440,7905,6295,78776,0.7109160724081185,0.7553914901884593,0.7324792765636775,0.8736834614289781,12.587476754336864,0.8198150055561203,0.65716501889625,-0.25682857310732665,863020.1796902015,641371.9383775385,2000,0.5751615972273192,342,70770.60770393215,,,,,selecao_jan_abr
fotovoltaica,2026-03-01,B_ajustado,112416,0,0.22892648733276402,0.801092086553042,0.0886880785333621,0.28848043860606487,20040,8335,5695,78346,0.7062555066079295,0.7787060423547698,0.7407133616706708,0.8751957016794762,12.78327907713379,0.8325674964233909,0.6769243147887292,-0.25871114283293084,863020.1796902015,639747.2427146682,2000,0.6017017757694548,342,64918.569141167245,,,,,selecao_jan_abr
fotovoltaica,2026-03-01,C_gru32_k14_s0,112416,0,0.22892648733276402,0.7842404721774819,0.08624217130711867,0.3938,22933,12656,2802,74025,0.6443845008289079,0.8911210413833301,0.7479290326788859,0.8624928835752917,14.975370672064091,0.9753371410591307,0.7411853293311037,0.17613729662855881,863020.1796902015,1015030.2210767267,2000,0.6120684493028209,342,111430.4730030469,,,,,selecao_jan_abr
fotovoltaica,2026-03-01,C_gru32_k14_s1,112416,0,0.22892648733276402,0.7925980359473502,0.08870690549314676,0.33570924401283264,19597,8442,6138,78239,0.6989193623167731,0.7614921313386439,0.7288652508647302,0.8703031596925704,13.014563735961175,0.8476309311023301,0.6628320925459779,-0.21423036328859257,863020.1796902015,678135.0530697833,2000,0.5845700567014267,342,67541.71623748554,,,,,selecao_jan_abr
fotovoltaica,2026-03-01,C_gru32_k14_s2,112416,0,0.22892648733276402,0.7941999345501252,0.08882858481661503,0.35488811135292053,19082,7969,6653,78712,0.705408302835385,0.7414804740625607,0.7229947334520517,0.8699295473953885,13.08400276486957,0.852153454478648,0.6702485005313439,-0.16554600638561956,863020.1796902015,720150.6355122889,2000,0.5846519528836414,342,73871.54793178113,,,,,selecao_jan_abr
fotovoltaica,2026-04-01,historico,112320,0,0.26006944444444446,0.8309108077234955,0.07850174228051644,0.3043,26316,9946,2895,73163,0.72571838288015,0.9008934990243401,0.8038733523742612,0.8856748575498575,14.721677769956337,0.7918691504473627,0.6395735937004774,-0.12167753807048332,1044073.2829327527,917033.0163003282,2193,0.6038039005020551,147,37346.18100717405,,,,,selecao_jan_abr
fotovoltaica,2026-04-01,servido,112320,0,0.26006944444444446,0.8752293949812199,0.07044981847831286,0.32354527415640666,26159,8412,3052,74697,0.7566746695206965,0.8955188114066619,0.8202627700605186,0.8979344729344729,13.174536568689742,0.7086494653127434,0.5426989123934487,-0.11067271476881813,1044073.2829327527,928522.8582929927,2193,0.5181022493424008,147,25680.71874089822,,,,,selecao_jan_abr
fotovoltaica,2026-04-01,B0_original,112320,0,0.26006944444444446,0.8752293949812199,0.07044981847831286,0.32354527415640666,26159,8412,3052,74697,0.7566746695206965,0.8955188114066619,0.8202627700605186,0.8979344729344729,13.174536568689742,0.7086494653127434,0.5426989123934487,-0.11067271476881813,1044073.2829327527,928522.8582929927,2193,0.5181022493424008,147,25680.71874089822,,,,,selecao_jan_abr
fotovoltaica,2026-04-01,B_ajustado,112320,0,0.26006944444444446,0.8725690857780437,0.07273863008564961,0.28848043860606487,26215,8754,2996,74355,0.749663988103749,0.8974358974358975,0.8169211592396385,0.8953881766381766,13.128135985451639,0.7061536091336329,0.5406297498807062,-0.10768427817105719,1044073.2829327527,931643.0051024533,2193,0.5181681375809911,147,23451.569293726196,,,,,selecao_jan_abr
fotovoltaica,2026-04-01,C_gru32_k14_s0,112320,0,0.26006944444444446,0.8800587108175184,0.07192738248894844,0.3938,25118,6929,4093,76180,0.7837863138515305,0.8598815514703365,0.8200724803290999,0.9018696581196581,13.487875184587327,0.7255037388167823,0.5417715573097934,-0.06500212267576455,1044073.2829327527,976206.3033130697,2193,0.5099972256431475,147,33174.73077618904,,,,,selecao_jan_abr
fotovoltaica,2026-04-01,C_gru32_k14_s1,112320,0,0.26006944444444446,0.8656613203373211,0.07200008091641007,0.33570924401283264,27324,10798,1887,72311,0.7167514820838361,0.9354010475505803,0.8116079782573181,0.8870637464387464,15.3047266078125,0.8232309554750957,0.633142007393842,0.17658046748368528,1044073.2829327527,1228436.2313202443,2193,0.5932542818074541,147,41645.708601700695,,,,,selecao_jan_abr
fotovoltaica,2026-04-01,C_gru32_k14_s2,112320,0,0.26006944444444446,0.8806646441177276,0.06928560179910126,0.35488811135292053,26532,8670,2679,74439,0.7537071757286518,0.9082879737085344,0.8238088584602488,0.8989583333333333,14.0728812469079,0.7569708216326917,0.5638644100590923,0.02676765323208885,1044073.2829327527,1072020.6745191852,2193,0.5287647417959194,147,36646.625873381505,,,,,selecao_jan_abr
fotovoltaica,agregado,historico,428976,0,0.20713746223564955,0.7087118007656923,0.0884887640974313,0.3043,76314,49940,12543,290179,0.6044481758993775,0.8588406090685033,0.7095313582290074,0.8543438327552124,13.821574569303547,0.9927090687839005,0.8267485526030114,-0.050359918642035595,2986335.0496560484,2835943.4595175106,7057,0.6601201894641954,1880,497608.1211082621,,,,,selecao_jan_abr
fotovoltaica,agregado,servido,428976,0,0.20713746223564955,0.7887279859293224,0.07941003825462473,0.32354527415640666,73555,38345,15302,301774,0.6573279714030384,0.8277907199207716,0.7327764411701709,0.8749417216813994,12.286815070718484,0.8824778020777662,0.7061385001419568,-0.05830194784510301,2986335.0496560484,2812225.8993429984,7057,0.592206497940563,1880,340239.131451512,,,,,selecao_jan_abr
fotovoltaica,agregado,B0_original,428976,0,0.20713746223564955,0.7887279859293224,0.07941003825462473,0.32354527415640666,73555,38345,15302,301774,0.6573279714030384,0.8277907199207716,0.7327764411701709,0.8749417216813994,12.286815070718484,0.8824778020777662,0.7061385001419568,-0.05830194784510301,2986335.0496560484,2812225.8993429984,7057,0.592206497940563,1880,340239.131451512,,,,,selecao_jan_abr
fotovoltaica,agregado,B_ajustado,428976,0,0.20713746223564955,0.7906415355285872,0.07919475796725624,0.28848043860606487,74704,40254,14153,299865,0.6498373318951269,0.8407216088771847,0.7330569388906607,0.873170060795942,12.212639352607786,0.8771502681066667,0.7036730403519931,-0.07147010375283058,2986335.0496560484,2772901.373816416,7057,0.5974704186660525,1880,317156.61150608584,,,,,selecao_jan_abr
fotovoltaica,agregado,C_gru32_k14_s0,428976,0,0.20713746223564955,0.7852624794158275,0.07884080378237608,0.3938,72951,36826,15906,303293,0.6645381090756716,0.8209932813396806,0.7345268181680881,0.8770747081421805,13.57480517283084,0.9749853125976233,0.7681313893113578,0.14183824791494937,2986335.0496560484,3409911.5807862654,7057,0.6081288594375407,1880,477821.1629958188,,,,,selecao_jan_abr
fotovoltaica,agregado,C_gru32_k14_s1,428976,0,0.20713746223564955,0.7860036364859748,0.07962968256658809,0.33570924401283264,72617,37635,16240,302484,0.6586456481515075,0.817234432852786,0.7294195641583253,0.8744102234157621,13.065362106641736,0.9383955051701701,0.7477907008431577,0.04564573413958328,2986335.0496560484,3122648.505384368,7057,0.627373009772679,1880,359607.5714424244,,,,,selecao_jan_abr
fotovoltaica,agregado,C_gru32_k14_s2,428976,0,0.20713746223564955,0.7943958796765376,0.07810015315405543,0.35488811135292053,71799,35148,17058,304971,0.6713512300485287,0.8080286302711097,0.7333762333762334,0.8783008839655365,13.650120150920472,0.980394671812809,0.7860653503633288,0.17789149265024728,2986335.0496560484,3517578.649193113,7057,0.6319456402581349,1880,460253.09212996997,,,,,selecao_jan_abr
fotovoltaica,2026-02-01,C_gru32_k14_sementes,98016,0,0.12170461965393405,0.5987734819316272,0.07212218167349987,0.3614657851219177,,,,,0.4928495950024101,0.6690697739402577,0.5671696317610423,0.8756427522037219,10.62595546569372,1.5435935172812958,1.318196787693081,0.6771872958075228,337366.55384502886,565826.898139247,,0.802399225135884,,174012.84616158716,0.008142812593938165,0.17485035903689083,0.15308869023618565,0.2220689281115558,selecao_jan_abr
fotovoltaica,2026-04-01,C_gru32_k14_sementes,112320,0,0.26006944444444446,0.875461558424189,0.07107102173481993,0.3614657851219177,,,,,0.7514149905546729,0.9011901909098171,0.8184964390155556,0.8959639126305793,14.28849434643591,0.76856850530819,0.5795926582542426,0.046115332680003195,1044073.2829327527,1092221.0697174997,,0.5440054164155069,,37155.688417090416,0.00849266087339816,0.04988518736982874,0.04767256161154533,0.121947884327903,selecao_jan_abr
fotovoltaica,2026-03-01,C_gru32_k14_sementes,112416,0,0.22892648733276402,0.7903461475583192,0.08792588720562682,0.3614657851219177,,,,,0.6829040553270219,0.7980312155948449,0.7332630056652226,0.8675751968877502,13.691312390964946,0.8917071755467029,0.6914219741361419,-0.06787969101521778,863020.1796902014,804438.636552933,,0.593763486295963,,84281.24572410452,0.005347987815572688,0.07246096641040418,0.043255570936543024,0.21272225869856984,selecao_jan_abr
eolica,2026-02-01,C_gru32_k14_sementes,205728,0,0.15071842432726706,0.5695967693842915,0.10172522306737646,0.3841241697470347,,,,,0.44218464482680614,0.6577977015942637,0.5270535798769498,0.8216966091149479,9.564653219406686,1.9588018337836497,1.6487302408748838,0.7639547624594601,502275.66249548295,885991.5469263876,,1.0376550368544952,,306928.20293390326,0.02077269034239695,0.33472635171856807,0.2916612820222271,0.40550425770445736,selecao_jan_abr
eolica,agregado,C_gru32_k14_sementes,882864,0,0.29550191195925984,0.7760521227258877,0.1214065191292696,0.3841241697470347,,,,,0.6574038240410135,0.7682555988265718,0.708467940956567,0.8131384524305744,14.095213838206673,1.1962005048251456,0.9280198879229525,0.07497293400393519,5201534.700854151,5591509.018700468,,0.7809619475881858,,764926.9796874287,0.006364688721405892,0.02118163070270644,0.020340433371025205,0.024465270442363067,selecao_jan_abr
eolica,2026-01-01,C_gru32_k14_sementes,229152,0,0.4042207792207792,0.8123483651383405,0.1504709731475219,0.3841241697470347,,,,,0.6821956312763886,0.7926364958040045,0.7328133062229026,0.7663064981613369,22.37227520984719,1.0461755869555724,0.8144446767379957,-0.07093710893620409,2450186.982381101,2276377.801497864,,0.7035881929103852,,271619.1135869523,0.005675818867822058,0.06902292853940774,0.04959416377145577,0.13581643592898152,selecao_jan_abr
eolica,2026-04-01,C_gru32_k14_sementes,220320,0,0.34409495279593316,0.8222356751433146,0.12858675912944828,0.3841241697470347,,,,,0.7126115652511983,0.7798384579194751,0.74334073192999,0.8149313120309852,15.401868861939988,1.2077628564547014,0.8879135666298361,0.12897987513534606,1404803.8195277497,1585995.240760096,,0.8399516615748581,,67377.06741306046,0.01162255274628425,0.0360045897511256,0.020229502734321447,0.08204433685785102,selecao_jan_abr
fotovoltaica,2026-01-01,C_gru32_k14_sementes,106224,0,0.206940051212532,0.7687892995968822,0.08370620036473204,0.3614657851219177,,,,,0.6433197619170642,0.8012161465441422,0.713020827581194,0.866539890545765,14.833454497918842,1.0619503286259666,0.8693352163042403,0.1963735144144869,741875.033188065,887559.6407115696,,0.684518606471609,,137110.82855328894,0.003654116432928214,0.14964633767495591,0.1425780515323137,0.3666550784614038,selecao_jan_abr
eolica,2026-03-01,C_gru32_k14_sementes,227664,0,0.269880174291939,0.778557865161963,0.102988435603509,0.3841241697470347,,,,,0.7051124408984908,0.7729511843147466,0.7351694860774648,0.8508079157588962,8.593578852971374,1.1586652508744282,0.8955974284389306,-0.0013311017579219115,844268.2364498163,843144.4295161202,,0.7546438894855717,,119002.59575351277,0.0030251397244894754,0.10115503879601473,0.08095850616450889,0.15096801409571178,selecao_jan_abr
fotovoltaica,agregado,C_gru32_k14_sementes,428976,0,0.20713746223564955,0.7885539985261133,0.07885687983433987,0.3614657851219177,,,,,0.6648449957585693,0.8154187814878587,0.7324408719008823,0.8765952718411597,13.430095810131016,0.9645918298602009,0.7673291468392814,0.1217918249015933,2986335.0496560484,3350046.2451212485,,0.6224825031561182,,432560.6088560711,0.005072771430137476,0.02284733818694999,0.01914993195055759,0.0683639485967423,selecao_jan_abr
eolica,2026-05-01,historico,227663,0,0.3631947220233415,0.7763269537077007,0.12819826621970346,0.3636,64286,19446,18400,125531,0.7677590407490565,0.7774713978182521,0.7725846963669796,0.8337630620698138,17.50131906388929,0.964079380662639,0.714237998899201,-0.13025063303808282,2066428.8034578827,1797275.1436793655,4296,0.6711159479324665,447,89108.64818183891,,,,,avaliacao_mai_ago
eolica,2026-05-01,servido,227663,0,0.3631947220233415,0.810533802620832,0.1284681714087349,0.30245965899278776,67697,29751,14989,115226,0.6946987111074624,0.8187238468422707,0.7516293426005085,0.803481461634082,17.50131906388929,0.964079380662639,0.714237998899201,-0.13025063303808282,2066428.8034578827,1797275.1436793655,4296,0.6711159479324665,447,89108.64818183891,,,,,avaliacao_mai_ago
eolica,2026-05-01,B0_original,227663,0,0.3631947220233415,0.810533802620832,0.1284681714087349,0.30245965899278776,67697,29751,14989,115226,0.6946987111074624,0.8187238468422707,0.7516293426005085,0.803481461634082,17.122489561216206,0.9432111414756071,0.7021221318046184,-0.14305656010610357,2066428.8034578827,1770812.6071310265,4296,0.6619049812272484,447,83105.87834608005,,,,,avaliacao_mai_ago
eolica,2026-05-01,B_ajustado,227663,0,0.3631947220233415,0.8127547973340283,0.13084365446805293,0.2859840065328698,65954,25729,16732,119248,0.7193700031630728,0.7976440993638585,0.7564876784290786,0.8134918717578175,16.55056335223246,0.9117059581617702,0.703028942465006,-0.31820250702240716,2066428.8034578827,1408885.9776142715,4296,0.6654284266698566,447,77698.78886397002,,,,,avaliacao_mai_ago
eolica,2026-05-01,C_gru32_k14_s0,227663,0,0.3631947220233415,0.7926704512316464,0.14170562136832304,0.4003618359565735,64959,31187,17727,113790,0.6756287313044744,0.7856106233219651,0.7264807193343473,0.7851473449792017,19.823598818306394,1.0920047112729072,0.8275467117078835,0.1350026589306328,2066428.8034578827,2345402.186415543,4296,0.7727624786743109,447,113207.71711592295,,,,,avaliacao_mai_ago
eolica,2026-05-01,C_gru32_k14_s1,227663,0,0.3631947220233415,0.7956125443473381,0.13986087950583276,0.37767964601516724,65562,31464,17124,113513,0.6757157875208707,0.7929032726217256,0.7296340811965812,0.7865792860499949,20.3954854970667,1.1235077170209737,0.8648949778569781,0.2019681922786225,2066428.8034578827,2483781.6933647483,4296,0.8080044102605497,447,117560.3075263272,,,,,avaliacao_mai_ago
eolica,2026-05-01,C_gru32_k14_s2,227663,0,0.3631947220233415,0.7925165729485306,0.14177645298345867,0.3743310272693634,64905,32589,17781,112388,0.6657332758939012,0.7849575502503446,0.7204462204462204,0.7787519271906282,19.973705584065854,1.1002735073127008,0.8217061638968505,0.13580506768292078,2066428.8034578827,2347060.3069734173,4296,0.7708193958554138,447,105153.88319570455,,,,,avaliacao_mai_ago
eolica,2026-06-01,historico,220320,0,0.3133260711692084,0.6631602065782691,0.1519987353321551,0.3636,54838,38841,14194,112447,0.5853819959649441,0.7943852126550006,0.6740539975785288,0.7592819535221496,18.704440896297072,1.1709543201546517,0.9579298305259218,0.03589813551209464,1759659.7695322146,1822828.2743940633,3468,0.743228744278376,1122,377800.86394467263,,,,,avaliacao_mai_ago
eolica,2026-06-01,servido,220320,0,0.3133260711692084,0.6828450867868324,0.15916329045351088,0.30245965899278776,50240,36991,18792,114297,0.5759420389540416,0.7277784216015761,0.6430185008607284,0.746809186637618,18.704440896297072,1.1709543201546517,0.9579298305259218,0.03589813551209464,1759659.7695322146,1822828.2743940633,3468,0.7432287442783759,1122,377800.86394467263,,,,,avaliacao_mai_ago
eolica,2026-06-01,B0_original,220320,0,0.3133260711692084,0.6828450867868324,0.15916329045351088,0.30245965899278776,50240,36991,18792,114297,0.5759420389540416,0.7277784216015761,0.6430185008607284,0.746809186637618,18.355103712754946,1.1490847605924468,0.9582751769033974,-0.09788304170405748,1759659.7695322146,1587418.9189261408,3468,0.8005733022047584,1122,277501.6444870052,,,,,avaliacao_mai_ago
eolica,2026-06-01,B_ajustado,220320,0,0.3133260711692084,0.6707085671458191,0.16827613740383693,0.2859840065328698,49036,39054,19996,112234,0.5566579634464752,0.710337234905551,0.6241773908173267,0.731980755265069,18.57494286231411,1.1628473533019883,0.9849971981878869,-0.18163137720824374,1759659.7695322146,1440050.3421741377,3468,0.8346446577160236,1122,264569.31671530206,,,,,avaliacao_mai_ago
eolica,2026-06-01,C_gru32_k14_s0,220320,0,0.3133260711692084,0.6654064179011269,0.15658957927886552,0.4003618359565735,46573,31753,22459,119535,0.5946046012818221,0.6746581295631011,0.6321068418409588,0.7539397240377632,19.464549579790862,1.2185394124682274,0.9732422751081228,0.03686079222658889,1759659.7695322146,1824522.222686429,3468,0.7720829266297167,1122,353972.0127827624,,,,,avaliacao_mai_ago
eolica,2026-06-01,C_gru32_k14_s1,220320,0,0.3133260711692084,0.6607212936376481,0.15813537719394227,0.37767964601516724,53266,42525,15766,108763,0.5560647660009813,0.7716131649090276,0.6463418333606353,0.7354257443718228,21.863229682984517,1.3687040094789655,1.103805771526178,0.32912096762810705,1759659.7695322146,2338800.695576909,3468,0.8389242736435432,1122,466101.31551750493,,,,,avaliacao_mai_ago
eolica,2026-06-01,C_gru32_k14_s2,220320,0,0.3133260711692084,0.6607865610201683,0.157555554201633,0.3743310272693634,45852,29788,23180,121500,0.6061872025383395,0.6642136979951327,0.6338752488387525,0.7595860566448802,18.39526066752168,1.1515987068755282,0.9379385318936462,-0.12457138897297915,1759659.7695322146,1540456.5079217143,3468,0.7781818364993115,1122,281117.42979882297,,,,,avaliacao_mai_ago
eolica,2026-07-01,historico,227648,0,0.44353563396120327,0.8794371193089722,0.11651933059750202,0.3636,88714,20898,12256,105780,0.8093456920775097,0.8786174111122116,0.8425601428422183,0.8543628760191172,22.03470552796866,0.8173777720997951,0.6482944736194826,-0.2011900400770842,3068444.4911835566,2451104.021028029,4685,0.6452767248211805,58,9259.794675925747,,,,,avaliacao_mai_ago
eolica,2026-07-01,servido,227648,0,0.44353563396120327,0.8883914247220113,0.11079771259398602,0.30245965899278776,92469,27399,8501,99279,0.7714235659225148,0.9158066752500743,0.8374373975493348,0.842300393590104,22.03470552796866,0.8173777720997951,0.6482944736194826,-0.2011900400770842,3068444.4911835566,2451104.021028029,4685,0.6452767248211805,58,9259.794675925747,,,,,avaliacao_mai_ago
eolica,2026-07-01,B0_original,227648,0,0.44353563396120327,0.8883914247220113,0.11079771259398602,0.30245965899278776,92469,27399,8501,99279,0.7714235659225148,0.9158066752500743,0.8374373975493348,0.842300393590104,21.962088618571425,0.814684046624565,0.6448009161743239,-0.08520034363087547,3068444.4911835566,2807011.966122451,4685,0.6414122369166589,58,10397.974200569948,,,,,avaliacao_mai_ago
eolica,2026-07-01,B_ajustado,227648,0,0.44353563396120327,0.8871757732997636,0.11917572056743564,0.2859840065328698,89155,24581,11815,102097,0.7838766969121475,0.88298504506289,0.8304844764468622,0.8401215912285634,22.21033232770292,0.823892651189311,0.6825854354058987,-0.35816090121147215,3068444.4911835566,1969447.646903877,4685,0.6797720884980499,58,8632.598821176816,,,,,avaliacao_mai_ago
eolica,2026-07-01,C_gru32_k14_s0,227648,0,0.44353563396120327,0.8901530690715769,0.11896534470366962,0.4003618359565735,83617,18930,17353,107748,0.815401718236516,0.8281370704169555,0.8217200528702762,0.8406179716052854,21.16492995806003,0.785113432707723,0.5985683716400139,-0.21725901702894224,3068444.4911835566,2401797.257221144,4685,0.5959698652106687,58,7973.372738428967,,,,,avaliacao_mai_ago
eolica,2026-07-01,C_gru32_k14_s1,227648,0,0.44353563396120327,0.891130842797361,0.11089024436028998,0.37767964601516724,91233,25266,9737,101412,0.783122601910746,0.9035654154699415,0.8390437257724089,0.8462406873770031,21.83240929984584,0.8098735901157271,0.606270879873332,-0.10546185100057448,3068444.4911835566,2744840.655450823,4685,0.6029717578926647,58,10123.172667320818,,,,,avaliacao_mai_ago
eolica,2026-07-01,C_gru32_k14_s2,227648,0,0.44353563396120327,0.8871139677324232,0.11287068983776373,0.3743310272693634,91177,25758,9793,100920,0.7797237781673579,0.9030107952857285,0.8368509212730318,0.8438334621872364,21.845263177546666,0.8103504049251926,0.6063118028008899,-0.06772623560398872,3068444.4911835566,2860630.296635898,4685,0.6031786662904811,58,9613.855465490196,,,,,avaliacao_mai_ago
eolica,2026-08-01,historico,227660,0,0.48887375911446895,0.9031835928839804,0.09755836802101715,0.3636,102635,20957,8662,95406,0.8304340086737005,0.9221722058995301,0.8739021410112862,0.8698980936484231,25.29808234421513,0.7309219594785208,0.5788538932621329,-0.09799536606233128,3939792.3073709914,3553710.9180006143,4540,0.5571495400456222,203,85510.64383887127,,,,,avaliacao_mai_ago
eolica,2026-08-01,servido,227660,0,0.48887375911446895,0.9209935584313841,0.09421908110273795,0.30245965899278776,105224,23586,6073,92777,0.8168930983619285,0.9454342884354475,0.8764759044925804,0.869722393042256,25.29808234421513,0.7309219594785208,0.5788538932621327,-0.09799536606233128,3939792.3073709914,3553710.9180006143,4540,0.5571495400456222,203,85510.64383887127,,,,,avaliacao_mai_ago
eolica,2026-08-01,B0_original,227660,0,0.48887375911446895,0.9209935584313841,0.09421908110273795,0.30245965899278776,105224,23586,6073,92777,0.8168930983619285,0.9454342884354475,0.8764759044925804,0.869722393042256,24.730307092489973,0.7145175777594749,0.5392143551413812,-0.15370593865393412,3939792.3073709914,3334222.8326649843,4540,0.520834154659919,203,72414.17246480126,,,,,avaliacao_mai_ago
eolica,2026-08-01,B_ajustado,227660,0,0.48887375911446895,0.9248509351137063,0.09185029270225777,0.2859840065328698,104819,22096,6478,94267,0.8258992238900051,0.9417953763353909,0.8800480244488103,0.8744882719845384,27.015277377974723,0.7805358211856853,0.6323798646040418,-0.3037339074187605,3939792.3073709914,2743143.795434826,4540,0.6162934977897067,203,63376.94422866628,,,,,avaliacao_mai_ago
eolica,2026-08-01,C_gru32_k14_s0,227660,0,0.48887375911446895,0.9234691266514067,0.09618772479088016,0.4003618359565735,103193,21048,8104,95315,0.8305873262449593,0.9271858181262748,0.8762322852363525,0.8719493982254238,25.91311922935026,0.7486918425517861,0.563037928505119,-0.14558614796054836,3939792.3073709914,3366213.121576248,4540,0.5483467798254695,203,57880.074554526596,,,,,avaliacao_mai_ago
eolica,2026-08-01,C_gru32_k14_s1,227660,0,0.48887375911446895,0.9272406938843337,0.09494327204308918,0.37767964601516724,104253,22467,7044,93896,0.8227035984848485,0.9367098843634599,0.876013057890823,0.8703724852850743,25.779941166717613,0.7448440105630002,0.5483654264329434,-0.10366755045597886,3939792.3073709914,3531363.6895605316,4540,0.5330537237699462,203,60324.928364428415,,,,,avaliacao_mai_ago
eolica,2026-08-01,C_gru32_k14_s2,227660,0,0.48887375911446895,0.9231404186837684,0.09579804493121988,0.3743310272693634,103823,21769,7474,94594,0.8266688961080324,0.9328463480596961,0.8765539978639785,0.8715496793463937,25.633653964513627,0.7406174242539388,0.552044517941138,-0.13323520611001782,3939792.3073709914,3414873.2672677548,4540,0.5359672311530508,203,63341.17081110319,,,,,avaliacao_mai_ago
eolica,agregado,historico,903291,0,0.40295430819082667,0.8292404375436367,0.12333776588749547,0.3636,310473,100142,53512,439164,0.7561170439462757,0.8529829525942003,0.8016343919442293,0.8298953493392495,20.90232637193266,0.871345591134743,0.68591001519918,-0.11162734853975942,10834325.371544644,9624918.357102072,16989,0.6340673825128378,1830,561679.9506413086,,,,,avaliacao_mai_ago
eolica,agregado,servido,903291,0,0.40295430819082667,0.8516790899403375,0.12286970548869565,0.30245965899278776,315630,117727,48355,421579,0.7283371446636376,0.8671511188647884,0.791705441328815,0.8161367709852085,20.90232637193266,0.871345591134743,0.68591001519918,-0.11162734853975942,10834325.371544644,9624918.357102072,16989,0.6340673825128378,1830,561679.9506413086,,,,,avaliacao_mai_ago
eolica,agregado,B0_original,903291,0,0.40295430819082667,0.8516790899403375,0.12286970548869565,0.30245965899278776,315630,117727,48355,421579,0.7283371446636376,0.8671511188647884,0.791705441328815,0.8161367709852085,20.560241443218352,0.857085255269492,0.6682513043419533,-0.12320647580013855,10834325.371544644,9499466.324844602,16989,0.6273240057523192,1830,443419.66949845647,,,,,avaliacao_mai_ago
eolica,agregado,B_ajustado,903291,0,0.40295430819082667,0.8455230372870692,0.12720552908454227,0.2859840065328698,308964,111460,55021,427846,0.7348866858219322,0.8488371773562098,0.7877625065495168,0.8156950528677912,21.108167907674254,0.8799264118266295,0.7173441610380608,-0.30207673271593194,10834325.371544644,7561527.762127113,16989,0.6791066488329006,1830,414277.6486291152,,,,,avaliacao_mai_ago
eolica,agregado,C_gru32_k14_s0,903291,0,0.40295430819082667,0.842932283448165,0.12813286438289426,0.4003618359565735,298342,102918,65643,436388,0.7435129342570902,0.8196546560984656,0.7797293677188352,0.8133923619298764,21.608832856784737,0.9007973994995093,0.690173841416376,-0.08273616980338871,10834325.371544644,9937934.787899364,16989,0.640975284153955,1830,533033.177191641,,,,,avaliacao_mai_ago
eolica,agregado,C_gru32_k14_s1,903291,0,0.40295430819082667,0.8476001456103132,0.1256962168069501,0.37767964601516724,314314,121722,49671,417584,0.7208441504829877,0.8635355852576343,0.7857643736851908,0.8102571596528694,22.472680339757712,0.936808209124608,0.7153487335998207,0.024409582815645425,10834325.371544644,11098786.733953012,16989,0.6549749030525546,1830,654109.7240755813,,,,,avaliacao_mai_ago
eolica,agregado,C_gru32_k14_s2,903291,0,0.40295430819082667,0.8477616380933742,0.12675213416994707,0.3743310272693634,305757,109904,58228,429402,0.7355922253952139,0.8400263747132437,0.7843482811429803,0.8138672919358213,21.486880416230072,0.8957136246356684,0.6815214227985447,-0.06196094078076908,10834325.371544644,10163020.378798783,16989,0.6391351805986162,1830,459226.33927112096,,,,,avaliacao_mai_ago
fotovoltaica,2026-05-01,historico,116064,0,0.26439722911497104,0.8346425552542809,0.07273018217614186,0.3043,29206,11621,1481,73756,0.7153599333774218,0.9517385211979014,0.8167911178230836,0.887114006065619,15.879355787992777,0.8010984087743669,0.6736961247947914,0.04200594528832857,1150309.0818750393,1198628.9022329496,2215,0.6005492322887312,203,84141.53476065816,,,,,avaliacao_mai_ago
fotovoltaica,2026-05-01,servido,116064,0,0.26439722911497104,0.8702503172906615,0.07276109852059567,0.32354527415640666,28915,11151,1772,74226,0.7216842210352917,0.9422556783002575,0.8173505010388252,0.888656258615936,15.102313032512354,0.7618973402123971,0.6196967798596967,0.0822027887894603,1150309.0818750393,1244867.696375011,2215,0.5646784026577244,203,63288.13896545532,,,,,avaliacao_mai_ago
fotovoltaica,2026-05-01,B0_original,116064,0,0.26439722911497104,0.8702503172906615,0.07276109852059567,0.32354527415640666,28915,11151,1772,74226,0.7216842210352917,0.9422556783002575,0.8173505010388252,0.888656258615936,15.102313032512354,0.7618973402123971,0.6196967798596967,0.0822027887894603,1150309.0818750393,1244867.696375011,2215,0.5646784026577244,203,63288.13896545533,,,,,avaliacao_mai_ago
fotovoltaica,2026-05-01,B_ajustado,116064,0,0.26439722911497104,0.8711851560419149,0.07200920190561257,0.28848043860606487,29196,11489,1491,73888,0.7176109131129409,0.951412650307948,0.8181359636832372,0.8881651502619244,14.856397645305888,0.7494911426301755,0.6037526309456617,0.04866100795250694,1150309.0818750393,1206284.2812560014,2215,0.5511925499376966,203,60460.33852754993,,,,,avaliacao_mai_ago
fotovoltaica,2026-05-01,C_gru32_k14_s0,116064,0,0.26439722911497104,0.8822477294376826,0.069795099178434,0.3938,28123,9924,2564,75453,0.7391647173233107,0.9164467038159482,0.8183140803677947,0.8924041907912875,15.716349021991466,0.7928748723408644,0.6233726070475258,0.10790491426777438,1150309.0818750393,1274433.0847362077,2215,0.566376646403655,203,65562.97115883688,,,,,avaliacao_mai_ago
fotovoltaica,2026-05-01,C_gru32_k14_s1,116064,0,0.26439722911497104,0.8830610361564241,0.06950387041646118,0.33570924401283264,28863,11169,1824,74208,0.720998201438849,0.9405611496724997,0.8162728545369703,0.8880531430934657,15.784416475805479,0.7963088106988021,0.6192692221640983,0.08030973758706872,1150309.0818750393,1242690.1023844457,2215,0.5609061357923936,203,67135.58829962922,,,,,avaliacao_mai_ago
fotovoltaica,2026-05-01,C_gru32_k14_s2,116064,0,0.26439722911497104,0.8889205042166078,0.06845533856088681,0.35488811135292053,28623,10548,2064,74829,0.730719154476526,0.9327402483136181,0.8194623378854248,0.8913358147229115,15.75260494966917,0.7947039494368767,0.6191942671821911,0.15612619477241862,1150309.0818750393,1329902.4616403438,2215,0.5591922856417839,203,69020.82429642878,,,,,avaliacao_mai_ago
fotovoltaica,2026-06-01,historico,113424,0,0.20714310904217803,0.7005121072373945,0.0916494577035409,0.3043,21544,15856,1951,74073,0.5760427807486631,0.9169610555437328,0.707578618934231,0.8430050077584991,16.673854152270764,0.9480900879241833,0.8223171829154751,0.0014731070701026194,997381.6082751808,998850.8581739212,1723,0.5937726280639728,640,227946.13568032667,,,,,avaliacao_mai_ago
fotovoltaica,2026-06-01,servido,113424,0,0.20714310904217803,0.759414215046423,0.08826014483860431,0.32354527415640666,20035,13176,3460,76753,0.6032639788022041,0.8527346243881677,0.7066271646739322,0.8533291014247426,15.804876195703272,0.898679233077882,0.7802206357821787,-0.07406107025846598,997381.6082751808,923514.4589102109,1723,0.5943471674892954,640,185386.77874164179,,,,,avaliacao_mai_ago
fotovoltaica,2026-06-01,B0_original,113424,0,0.20714310904217803,0.759414215046423,0.08826014483860431,0.32354527415640666,20035,13176,3460,76753,0.6032639788022041,0.8527346243881677,0.7066271646739322,0.8533291014247426,15.804876195703272,0.898679233077882,0.7802206357821786,-0.07406107025846598,997381.6082751808,923514.4589102109,1723,0.5943471674892953,640,185386.77874164179,,,,,avaliacao_mai_ago
fotovoltaica,2026-06-01,B_ajustado,113424,0,0.20714310904217803,0.752814680637386,0.0909709818106477,0.28848043860606487,20414,14199,3081,75730,0.5897784069569237,0.8688657161098106,0.7026227025538652,0.8476512907321202,15.707511045149227,0.8931429645399348,0.7782996124884122,-0.07814604551407067,997381.6082751808,919440.1797200115,1723,0.5913634843797247,640,186446.65609777783,,,,,avaliacao_mai_ago
fotovoltaica,2026-06-01,C_gru32_k14_s0,113424,0,0.20714310904217803,0.7362091016072871,0.08710046600426202,0.3938,18083,10084,5412,79845,0.6419924024567757,0.7696531176846138,0.7000503271263211,0.8633798843278319,16.59154798366073,0.9434100864127413,0.7797754056338656,-0.1220889194531719,997381.6082751808,875612.3654383972,1723,0.6005329076116183,640,178773.17094868995,,,,,avaliacao_mai_ago
fotovoltaica,2026-06-01,C_gru32_k14_s1,113424,0,0.20714310904217803,0.7487830497533289,0.08770510518608145,0.33570924401283264,21004,15258,2491,74671,0.5792289449009983,0.893977442008938,0.7029804039694094,0.8435163633798843,17.13698683645387,0.9744242217877644,0.801115302545113,0.1505033553804893,997381.6082751808,1147490.8869153843,1723,0.5684210747631034,640,232084.94314157206,,,,,avaliacao_mai_ago
fotovoltaica,2026-06-01,C_gru32_k14_s2,113424,0,0.20714310904217803,0.7537018544171002,0.08479514090978896,0.35488811135292053,18795,10331,4700,79598,0.6452997321980362,0.7999574377527133,0.7143535850705992,0.8674795457751446,15.477515154818883,0.8800651948836733,0.7515234468634086,-0.1596162075683477,997381.6082751808,838183.3384638771,1723,0.5948652869620988,640,156247.96747179874,,,,,avaliacao_mai_ago
fotovoltaica,2026-07-01,historico,119040,0,0.2737483198924731,0.8645219039625055,0.0725574457061765,0.3043,30313,8710,2274,77743,0.7767982984393819,0.9302175714241876,0.8466136014523111,0.9077284946236559,15.136119134113923,0.7108378663841575,0.5908537189477545,-0.12393972441284862,1267380.1628564158,1110301.4147456805,2375,0.5803645210338729,105,13293.801360328449,,,,,avaliacao_mai_ago
fotovoltaica,2026-07-01,servido,119040,0,0.2737483198924731,0.9044363290732832,0.06701358615086893,0.32354527415640666,29307,7130,3280,79323,0.8043197848340972,0.8993463651149232,0.849182892906815,0.9125504032258065,13.16385913416888,0.6182145804616775,0.4904087062864336,-0.14854285157402614,1267380.1628564158,1079119.8994373702,2375,0.48177841580723935,105,10937.858953019519,,,,,avaliacao_mai_ago
fotovoltaica,2026-07-01,B0_original,119040,0,0.2737483198924731,0.9044363290732832,0.06701358615086893,0.32354527415640666,29307,7130,3280,79323,0.8043197848340972,0.8993463651149232,0.849182892906815,0.9125504032258065,13.16385913416888,0.6182145804616775,0.4904087062864337,-0.14854285157402614,1267380.1628564158,1079119.8994373702,2375,0.48177841580723935,105,10937.858953019519,,,,,avaliacao_mai_ago
fotovoltaica,2026-07-01,B_ajustado,119040,0,0.2737483198924731,0.9066794327921156,0.06674493062197555,0.28848043860606487,29827,7617,2760,78836,0.796576220489264,0.9153036486942646,0.8518227642044237,0.912827620967742,13.148529134534853,0.6174946373814886,0.49188476944015463,-0.15716841074151688,1267380.1628564158,1068188.0368549481,2375,0.48301540983343894,105,11240.850422791347,,,,,avaliacao_mai_ago
fotovoltaica,2026-07-01,C_gru32_k14_s0,119040,0,0.2737483198924731,0.9048961049291033,0.06342456554726306,0.3938,29449,7035,3138,79418,0.8071757482732157,0.9037039310154356,0.8527167697007427,0.9145413306451613,14.021959143241395,0.6585135483931982,0.5167618272211657,0.053545010908377044,1267380.1628564158,1335242.0475016234,2375,0.504884156523097,105,15053.524223673086,,,,,avaliacao_mai_ago
fotovoltaica,2026-07-01,C_gru32_k14_s1,119040,0,0.2737483198924731,0.9066975705769587,0.06296432152060376,0.33570924401283264,30476,8970,2111,77483,0.7726005171627034,0.935219566084635,0.8461677286799106,0.9069136424731182,14.314432922847537,0.6722490003691257,0.5085186969681903,-0.07833098755277923,1267380.1628564158,1168105.0230950706,2375,0.4983832067968919,105,12845.519183929679,,,,,avaliacao_mai_ago
fotovoltaica,2026-07-01,C_gru32_k14_s2,119040,0,0.2737483198924731,0.9106570800790533,0.0612415375602493,0.35488811135292053,30537,8480,2050,77973,0.7826588410180177,0.9370914781968269,0.8529411764705882,0.9115423387096774,13.989343506534974,0.6569818195925904,0.5158051757932149,0.02636275852921699,1267380.1628564158,1300791.8000545192,2375,0.5042095433414385,105,14696.074545155408,,,,,avaliacao_mai_ago
fotovoltaica,2026-08-01,historico,121200,0,0.28305280528052806,0.8663672749652754,0.07221416623248308,0.3043,31655,10234,2651,76660,0.7556876506958867,0.9227248877747333,0.8308944156440712,0.8936881188118811,18.957605116333447,0.7306021663884662,0.6618458901335804,-0.07004538548116168,1572443.831817172,1462301.3974700633,2314,0.6201113864698794,211,65625.16285993779,,,,,avaliacao_mai_ago
fotovoltaica,2026-08-01,servido,121200,0,0.28305280528052806,0.9077125155751432,0.06506602498463168,0.32354527415640666,31426,8060,2880,78834,0.7958770197031859,0.9160496706115548,0.8517454466608847,0.9097359735973597,16.47573622822439,0.6349540729073785,0.5538171784536986,-0.15299921266980587,1572443.831817172,1331861.163581652,2314,0.524374593456371,211,46296.811171800466,,,,,avaliacao_mai_ago
fotovoltaica,2026-08-01,B0_original,121200,0,0.28305280528052806,0.9077125155751432,0.06506602498463168,0.32354527415640666,31426,8060,2880,78834,0.7958770197031859,0.9160496706115548,0.8517454466608847,0.9097359735973597,16.47573622822439,0.6349540729073785,0.5538171784536986,-0.15299921266980587,1572443.831817172,1331861.163581652,2314,0.524374593456371,211,46296.81117180046,,,,,avaliacao_mai_ago
fotovoltaica,2026-08-01,B_ajustado,121200,0,0.28305280528052806,0.9097694334110943,0.06439570743653318,0.28848043860606487,31984,8812,2322,78082,0.7839984312187469,0.9323150469305661,0.8517482889936353,0.9081353135313531,16.483562348504858,0.6352556817021727,0.5525450884742704,-0.10614100636906765,1572443.831817172,1405543.0610492644,2314,0.5222186020752266,211,47686.696478863974,,,,,avaliacao_mai_ago
fotovoltaica,2026-08-01,C_gru32_k14_s0,121200,0,0.28305280528052806,0.9080181636415676,0.06535597754931674,0.3938,31279,8489,3027,78405,0.7865369141017904,0.9117647058823529,0.8445338445338445,0.9049834983498349,16.525416283360737,0.6368686795091184,0.5403085052617732,-0.08201427002419526,1572443.831817172,1443480.998796638,2314,0.5095065773493159,211,48434.30155402077,,,,,avaliacao_mai_ago
fotovoltaica,2026-08-01,C_gru32_k14_s1,121200,0,0.28305280528052806,0.9092732107149799,0.06589050405280827,0.33570924401283264,32089,9950,2217,76944,0.7633150170080164,0.9353757360228532,0.8406313445543258,0.8996122112211221,16.854364740846595,0.6495459377489923,0.543899011878162,0.0038221401800846433,1572443.831817172,1578453.9325676868,2314,0.5091330644046167,211,54667.499662056216,,,,,avaliacao_mai_ago
fotovoltaica,2026-08-01,C_gru32_k14_s2,121200,0,0.28305280528052806,0.9092021310904559,0.06544283592638696,0.35488811135292053,31364,8607,2942,78287,0.7846688849415826,0.9142424065761091,0.8445144526569462,0.9047112211221122,16.68399652130671,0.6429801616651585,0.5511061608444321,-0.13974485527952585,1572443.831817172,1352702.8961046983,2314,0.520077192623762,211,48791.3096862436,,,,,avaliacao_mai_ago
fotovoltaica,agregado,historico,469728,0,0.257755552149329,0.824679505956794,0.07712165176208008,0.3043,112718,46421,8357,302232,0.7082990341776686,0.9309766673549453,0.8045136931059833,0.8833835751754207,16.677102802833314,0.7853312361371049,0.6786294956847848,-0.04359528260895229,4987514.684823807,4770082.572622614,8627,0.6002324062785079,1159,391006.63466125104,,,,,avaliacao_mai_ago
fotovoltaica,agregado,servido,469728,0,0.257755552149329,0.8644455885867565,0.07306156399108647,0.32354527415640666,109683,39517,11392,309136,0.7351407506702413,0.9059095601899649,0.8116399963000648,0.8916202568294843,15.13508277049531,0.7127169150250203,0.5981739217207029,-0.08183463955735326,4987514.684823807,4579363.218304245,8627,0.5368388466054858,1159,305909.5878319171,,,,,avaliacao_mai_ago
fotovoltaica,agregado,B0_original,469728,0,0.257755552149329,0.8644455885867565,0.07306156399108647,0.32354527415640666,109683,39517,11392,309136,0.7351407506702413,0.9059095601899649,0.8116399963000648,0.8916202568294843,15.13508277049531,0.7127169150250203,0.5981739217207029,-0.08183463955735326,4987514.684823807,4579363.218304245,8627,0.5368388466054858,1159,305909.5878319171,,,,,avaliacao_mai_ago
fotovoltaica,agregado,B_ajustado,469728,0,0.257755552149329,0.8643402371241842,0.0732893183574573,0.28848043860606487,111421,42117,9654,306536,0.7256900571845406,0.9202642989882305,0.8114765142218322,0.8897851522583282,15.048943929047464,0.7086606035881104,0.5940864651876114,-0.07780611195479448,4987514.684823807,4599455.558880225,8627,0.5327664369062738,1159,305834.541526983,,,,,avaliacao_mai_ago
fotovoltaica,agregado,C_gru32_k14_s0,469728,0,0.257755552149329,0.8736097069934033,0.07121395021977943,0.3938,106934,35532,14141,313121,0.7505931239734392,0.883204625232294,0.8115169935607742,0.8942515668642278,15.70704011969039,0.7396506083272384,0.6013703165002617,-0.011778649700961652,4987514.684823807,4928768.496472865,8627,0.5396514069155184,1159,307823.9678852207,,,,,avaliacao_mai_ago
fotovoltaica,agregado,C_gru32_k14_s1,469728,0,0.257755552149329,0.8725308287239611,0.07130927471144,0.33570924401283264,112432,45347,8643,303306,0.7125916630223287,0.9286144951476357,0.8063861375486814,0.8850611417671503,16.014559937904934,0.7541318357820489,0.6037287155761182,0.029919763563373225,4987514.684823807,5136739.944962587,8627,0.530198395674886,1159,366733.55028718716,,,,,avaliacao_mai_ago
fotovoltaica,agregado,C_gru32_k14_s2,469728,0,0.257755552149329,0.8796761180138735,0.06979543229854906,0.35488811135292053,109319,37966,11756,310687,0.7422276538683504,0.9029031591988437,0.8147190341332539,0.8941472511751482,15.479647475132152,0.7289426005425129,0.5979180759393338,-0.033269914786472565,4987514.684823807,4821580.496263439,8627,0.5400222712656625,1159,288756.1759996265,,,,,avaliacao_mai_ago
eolica,2026-05-01,C_gru32_k14_sementes,227663,0,0.3631947220233415,0.7935998561758383,0.14111431795253815,0.3841241697470347,,,,,0.6723592649064155,0.7878238153980117,0.7255203403257163,0.7834928527399416,20.064263299812982,1.105261978535527,0.8380492844872375,0.1575919729640587,2066428.803457883,2392081.39558457,,0.7838620949300914,,111973.96927931823,0.0017447363377527338,0.0163332016655157,0.02343173999215267,0.03843302740407184,avaliacao_mai_ago
fotovoltaica,agregado,C_gru32_k14_sementes,469728,0,0.257755552149329,0.8752722179104127,0.07077288574325617,0.3614657851219177,,,,,0.7351374802880395,0.9049074265262579,0.8108740550809032,0.8911533199355087,15.733749177575826,0.7409083482172667,0.6010057026719046,-0.005042933641353664,4987514.684823807,4962362.979232964,,0.536624024618689,,321104.56472401146,0.0038518497726436913,0.012641630638940388,0.0029224289007629372,0.032128822972776146,avaliacao_mai_ago
eolica,agregado,C_gru32_k14_sementes,903291,0,0.40295430819082667,0.8460980223839508,0.12686040511993046,0.3841241697470347,,,,,0.7333164367117639,0.8410722053564479,0.7832806741823354,0.812505604506189,21.856131204257508,0.9111064110865952,0.6956813326049138,-0.040095842589504126,10834325.371544644,10399913.966883719,,0.645028455935042,,548789.7468461144,0.00274279915646113,0.022403080335227425,0.017573305989636568,0.05682090253823903,avaliacao_mai_ago
fotovoltaica,2026-06-01,C_gru32_k14_sementes,113424,0,0.20714310904217803,0.7462313352592388,0.08653357070004414,0.3614657851219177,,,,,0.62217369318527,0.8211959991487551,0.7057947720554433,0.8581252644942868,16.40201665831116,0.9326331676947263,0.7774713850141289,-0.04373392388034344,997381.6082751808,953762.1969392194,,0.5879397564456069,,189035.36052068693,0.00902122693212057,0.04809379349108127,0.02487608129812408,0.16925768765201743,avaliacao_mai_ago
fotovoltaica,2026-05-01,C_gru32_k14_sementes,116064,0,0.26439722911497104,0.8847430899369049,0.06925143605192734,0.3614657851219177,,,,,0.7302940244128951,0.9299160339340219,0.8180164242633966,0.890597716202555,15.751123482488703,0.7946292108255144,0.6206120321312717,0.11478028220908724,1150309.0818750393,1282341.8829203325,,0.5621583559459441,,67239.79458496497,0.003640530112893911,0.0017181887429937222,0.0023910217404943574,0.03837299582103049,avaliacao_mai_ago
eolica,2026-08-01,C_gru32_k14_sementes,227660,0,0.48887375911446895,0.9246167464065028,0.09564301392172973,0.3841241697470347,,,,,0.8266532736126134,0.9322473501831436,0.8762664469970513,0.8712905209522973,25.775571453527167,0.7447177591229085,0.5544826242930668,-0.12749630150884836,3939792.307370992,3437483.3594681784,,0.5391225782494888,,60515.39124335273,0.0022783409549073526,0.004038689426255364,0.007634058632338791,0.021540507740151302,avaliacao_mai_ago
fotovoltaica,2026-07-01,C_gru32_k14_sementes,119040,0,0.2737483198924731,0.9074169185283717,0.0625434748760387,0.3614657851219177,,,,,0.787478368817979,0.9253383250989659,0.8506085582837472,0.9109991039426523,14.108578524207969,0.6625814561183048,0.5136952333275236,0.0005255939616049347,1267380.1628564158,1268046.290217071,,0.5024923022204758,,14198.37265091939,0.0029470841141689434,0.008407294877714145,0.004508457829266568,0.06963109253201563,avaliacao_mai_ago
fotovoltaica,2026-08-01,C_gru32_k14_sementes,121200,0,0.28305280528052806,0.9088311684823345,0.06556310584283732,0.3614657851219177,,,,,0.7781736053504632,0.9204609494937718,0.8432265472483721,0.903102310231023,16.68792584850468,0.6431315929744231,0.5451045593281224,-0.07264566170787883,1572443.8318171718,1458212.609156341,,0.5129056114592315,,50631.036967440195,0.000704979241955654,0.006339985623105308,0.005498849880748777,0.07224056106276702,avaliacao_mai_ago
eolica,2026-07-01,C_gru32_k14_sementes,227648,0,0.44353563396120327,0.8894659598671204,0.11424209296724112,0.3841241697470347,,,,,0.7927493661048732,0.8782377603908751,0.832538233305239,0.8435640403898416,21.61420081181751,0.801779142582881,0.6037170181047452,-0.1301490345445018,3068444.4911835566,2669089.4031026214,,0.6007067631312716,,9236.800290413326,0.0020947340203391874,0.01443489703194423,0.004458905581596537,0.0777631400707906,avaliacao_mai_ago
eolica,2026-06-01,C_gru32_k14_sementes,220320,0,0.3133260711692084,0.6623047575196478,0.15742683689148027,0.3841241697470347,,,,,0.5856188566070476,0.7034949974890873,0.6374413080134489,0.7496505083514888,19.90767997676569,1.2462807096075739,1.0049955261759822,0.08047012362723893,1759659.7695322146,1901259.808728351,,0.796396345590857,,367063.5860330301,0.0026863149106784454,0.11117941706926983,0.08737383481834152,0.2299685172985002,avaliacao_mai_ago
eolica,2026-09-01,historico,175392,0,0.4871202791461412,0.8996597957549735,0.09486077586735439,0.3636,80292,17224,5145,72731,0.8233725747569629,0.9397801889111275,0.8777336255759676,0.8724628261266192,24.196785712684825,0.7535154079431591,0.5873840055950054,-0.003050660160951013,2816082.1895491714,2807491.27980355,3557,0.5747855381387689,97,35478.31981912255,,,,,setembro_nao_cego
eolica,2026-09-01,servido,175392,0,0.4871202791461412,0.9214645693753996,0.09465672400217974,0.30245965899278776,81469,19195,3968,70760,0.8093161408249225,0.9535564216908365,0.8755353275909318,0.8679358237547893,24.196785712684825,0.7535154079431591,0.5873840055950054,-0.003050660160951013,2816082.1895491714,2807491.27980355,3557,0.5747855381387689,97,35478.31981912255,,,,,setembro_nao_cego
eolica,2026-09-01,B0_original,175392,0,0.4871202791461412,0.9214645693753996,0.09465672400217974,0.30245965899278776,81469,19195,3968,70760,0.8093161408249225,0.9535564216908365,0.8755353275909318,0.8679358237547893,23.69816790400229,0.7379878826768514,0.553483117823511,-0.020248299193029395,2816082.1895491714,2759061.3148230184,3557,0.5434391621428416,97,28284.604704954192,,,,,setembro_nao_cego
eolica,2026-09-01,B_ajustado,175392,0,0.4871202791461412,0.9199973530347304,0.09740937521160563,0.2859840065328698,80529,18908,4908,71047,0.8098494524171084,0.9425541627163875,0.871177126042602,0.86421273490239,25.20148904302113,0.7848030115451257,0.6175406367768262,-0.13485358675976178,2816082.1895491714,2436323.4056781824,3557,0.6079256161711558,97,27076.68827977699,,,,,setembro_nao_cego
eolica,2026-09-01,C_gru32_k14_s0,175392,0,0.4871202791461412,0.908400402257002,0.09883518978245918,0.4003618359565735,80695,19833,4742,70122,0.8027116823173643,0.9444971148331519,0.8678514774285484,0.8598852855318373,25.996452138427504,0.8095590658511678,0.6204756102843911,0.043800049925814655,2816082.1895491714,2939426.7300466225,3557,0.6091940950506017,97,31769.67412100185,,,,,setembro_nao_cego
eolica,2026-09-01,C_gru32_k14_s1,175392,0,0.4871202791461412,0.910254917797964,0.10043642384087087,0.37767964601516724,80599,20149,4838,69806,0.80000595545321,0.9433734798740593,0.8657947740150925,0.8575362616310892,27.162723643040437,0.8458780860303727,0.6541584216277077,0.1895986263458258,2816082.1895491714,3350007.5043646395,3557,0.6405893852079578,97,38211.5217910014,,,,,setembro_nao_cego
eolica,2026-09-01,C_gru32_k14_s2,175392,0,0.4871202791461412,0.9116084359812369,0.09863815595991401,0.3743310272693634,80248,19192,5189,70763,0.8069991954947707,0.9392651895548767,0.8681231305138011,0.8609913793103449,25.73466889012941,0.8014068379694862,0.6219490919388669,0.04614126993866341,2816082.1895491714,2946019.7980266223,3557,0.6123246590438232,97,27103.194060244103,,,,,setembro_nao_cego
eolica,agregado,historico,175392,0,0.4871202791461412,0.8996597957549735,0.09486077586735439,0.3636,80292,17224,5145,72731,0.8233725747569629,0.9397801889111275,0.8777336255759676,0.8724628261266192,24.196785712684825,0.7535154079431591,0.5873840055950054,-0.003050660160951013,2816082.1895491714,2807491.27980355,3557,0.5747855381387689,97,35478.31981912255,,,,,setembro_nao_cego
eolica,agregado,servido,175392,0,0.4871202791461412,0.9214645693753996,0.09465672400217974,0.30245965899278776,81469,19195,3968,70760,0.8093161408249225,0.9535564216908365,0.8755353275909318,0.8679358237547893,24.196785712684825,0.7535154079431591,0.5873840055950054,-0.003050660160951013,2816082.1895491714,2807491.27980355,3557,0.5747855381387689,97,35478.31981912255,,,,,setembro_nao_cego
eolica,agregado,B0_original,175392,0,0.4871202791461412,0.9214645693753996,0.09465672400217974,0.30245965899278776,81469,19195,3968,70760,0.8093161408249225,0.9535564216908365,0.8755353275909318,0.8679358237547893,23.69816790400229,0.7379878826768514,0.553483117823511,-0.020248299193029395,2816082.1895491714,2759061.3148230184,3557,0.5434391621428416,97,28284.604704954192,,,,,setembro_nao_cego
eolica,agregado,B_ajustado,175392,0,0.4871202791461412,0.9199973530347304,0.09740937521160563,0.2859840065328698,80529,18908,4908,71047,0.8098494524171084,0.9425541627163875,0.871177126042602,0.86421273490239,25.20148904302113,0.7848030115451257,0.6175406367768264,-0.13485358675976178,2816082.1895491714,2436323.4056781824,3557,0.6079256161711558,97,27076.68827977699,,,,,setembro_nao_cego
eolica,agregado,C_gru32_k14_s0,175392,0,0.4871202791461412,0.908400402257002,0.09883518978245918,0.4003618359565735,80695,19833,4742,70122,0.8027116823173643,0.9444971148331519,0.8678514774285484,0.8598852855318373,25.996452138427504,0.8095590658511678,0.6204756102843911,0.043800049925814655,2816082.1895491714,2939426.7300466225,3557,0.6091940950506017,97,31769.67412100185,,,,,setembro_nao_cego
eolica,agregado,C_gru32_k14_s1,175392,0,0.4871202791461412,0.910254917797964,0.10043642384087087,0.37767964601516724,80599,20149,4838,69806,0.80000595545321,0.9433734798740593,0.8657947740150925,0.8575362616310892,27.162723643040437,0.8458780860303727,0.6541584216277077,0.1895986263458258,2816082.1895491714,3350007.5043646395,3557,0.6405893852079578,97,38211.5217910014,,,,,setembro_nao_cego
eolica,agregado,C_gru32_k14_s2,175392,0,0.4871202791461412,0.9116084359812369,0.09863815595991401,0.3743310272693634,80248,19192,5189,70763,0.8069991954947707,0.9392651895548767,0.8681231305138011,0.8609913793103449,25.73466889012941,0.8014068379694862,0.6219490919388669,0.04614126993866341,2816082.1895491714,2946019.7980266223,3557,0.612324659043823,97,27103.194060244103,,,,,setembro_nao_cego
fotovoltaica,2026-09-01,historico,95328,0,0.29818101711983885,0.8667082847877721,0.073311213051563,0.3043,26342,7482,2083,59421,0.7787961210974456,0.9267194371152154,0.8463429131391669,0.8996622188653911,18.28312833523422,0.6518504736627169,0.5645127617615981,-0.10007860504396948,1336881.7914237054,1203088.526629338,1826,0.5244899762922738,160,53505.73313599694,,,,,setembro_nao_cego
fotovoltaica,2026-09-01,servido,95328,0,0.29818101711983885,0.9073503656412969,0.06839747523133372,0.32354527415640666,25645,5962,2780,60941,0.8113708988515203,0.9021987686895339,0.8543776652452025,0.9082955689828801,17.02784711887537,0.6070957883342477,0.516849200000271,-0.1310590053884393,1336881.7914237054,1161671.3935177997,1826,0.49138496566187495,160,34042.671219548065,,,,,setembro_nao_cego
fotovoltaica,2026-09-01,B0_original,95328,0,0.29818101711983885,0.9073503656412969,0.06839747523133372,0.32354527415640666,25645,5962,2780,60941,0.8113708988515203,0.9021987686895339,0.8543776652452025,0.9082955689828801,17.02784711887537,0.6070957883342477,0.5168492000002711,-0.1310590053884393,1336881.7914237054,1161671.3935177997,1826,0.49138496566187495,160,34042.671219548065,,,,,setembro_nao_cego
fotovoltaica,2026-09-01,B_ajustado,95328,0,0.29818101711983885,0.9054819196685331,0.06819543294385093,0.28848043860606487,26093,6587,2332,60316,0.7984394124847001,0.9179595426561126,0.8540381310858358,0.9064388217522659,17.119577198585457,0.6103662513978858,0.5161310667121273,-0.10964968522078777,1336881.7914237054,1190293.1238166932,1826,0.4886368264104021,160,36756.54922840422,,,,,setembro_nao_cego
fotovoltaica,2026-09-01,C_gru32_k14_s0,95328,0,0.29818101711983885,0.8818108535023991,0.0734649041870689,0.3938,24950,6171,3475,60732,0.8017094566369976,0.8777484608619174,0.8380075907701608,0.8988125209801947,18.260336601037576,0.6510378773466343,0.5577421985937636,-0.12123430852097938,1336881.7914237054,1174805.8518661642,1826,0.5225228460206387,160,47084.11116074241,,,,,setembro_nao_cego
fotovoltaica,2026-09-01,C_gru32_k14_s1,95328,0,0.29818101711983885,0.8840789760837824,0.0760776815338976,0.33570924401283264,25077,6274,3348,60629,0.7998787917450799,0.8822163588390501,0.8390323875802997,0.8990642833165492,18.014795000245186,0.6422835544624061,0.5467752754620049,-0.08086959196550669,1336881.7914237054,1228768.7064451547,1826,0.5103185709555823,160,48738.30442995091,,,,,setembro_nao_cego
fotovoltaica,2026-09-01,C_gru32_k14_s2,95328,0,0.29818101711983885,0.8880898882399819,0.07271728552954651,0.35488811135292053,25504,6748,2921,60155,0.790772665261069,0.8972383465259455,0.8406480214908449,0.8985712487411883,18.55159115264008,0.6614220093145009,0.5741744703051064,-0.030714645728947776,1336881.7914237054,1295819.9408186453,1826,0.540159598982768,160,45473.86210845457,,,,,setembro_nao_cego
fotovoltaica,agregado,historico,95328,0,0.29818101711983885,0.8667082847877721,0.073311213051563,0.3043,26342,7482,2083,59421,0.7787961210974456,0.9267194371152154,0.8463429131391669,0.8996622188653911,18.28312833523422,0.6518504736627169,0.5645127617615981,-0.10007860504396948,1336881.7914237054,1203088.526629338,1826,0.5244899762922738,160,53505.73313599694,,,,,setembro_nao_cego
fotovoltaica,agregado,servido,95328,0,0.29818101711983885,0.9073503656412969,0.06839747523133372,0.32354527415640666,25645,5962,2780,60941,0.8113708988515203,0.9021987686895339,0.8543776652452025,0.9082955689828801,17.02784711887537,0.6070957883342477,0.516849200000271,-0.1310590053884393,1336881.7914237054,1161671.3935177997,1826,0.49138496566187484,160,34042.671219548065,,,,,setembro_nao_cego
fotovoltaica,agregado,B0_original,95328,0,0.29818101711983885,0.9073503656412969,0.06839747523133372,0.32354527415640666,25645,5962,2780,60941,0.8113708988515203,0.9021987686895339,0.8543776652452025,0.9082955689828801,17.02784711887537,0.6070957883342477,0.5168492000002711,-0.1310590053884393,1336881.7914237054,1161671.3935177997,1826,0.49138496566187495,160,34042.671219548065,,,,,setembro_nao_cego
fotovoltaica,agregado,B_ajustado,95328,0,0.29818101711983885,0.9054819196685331,0.06819543294385093,0.28848043860606487,26093,6587,2332,60316,0.7984394124847001,0.9179595426561126,0.8540381310858358,0.9064388217522659,17.119577198585457,0.6103662513978858,0.5161310667121273,-0.10964968522078777,1336881.7914237054,1190293.1238166932,1826,0.48863682641040207,160,36756.54922840423,,,,,setembro_nao_cego
fotovoltaica,agregado,C_gru32_k14_s0,95328,0,0.29818101711983885,0.8818108535023991,0.0734649041870689,0.3938,24950,6171,3475,60732,0.8017094566369976,0.8777484608619174,0.8380075907701608,0.8988125209801947,18.260336601037576,0.6510378773466343,0.5577421985937636,-0.12123430852097938,1336881.7914237054,1174805.8518661642,1826,0.5225228460206387,160,47084.11116074241,,,,,setembro_nao_cego
fotovoltaica,agregado,C_gru32_k14_s1,95328,0,0.29818101711983885,0.8840789760837824,0.0760776815338976,0.33570924401283264,25077,6274,3348,60629,0.7998787917450799,0.8822163588390501,0.8390323875802997,0.8990642833165492,18.014795000245186,0.6422835544624061,0.5467752754620049,-0.08086959196550669,1336881.7914237054,1228768.7064451547,1826,0.5103185709555823,160,48738.30442995092,,,,,setembro_nao_cego
fotovoltaica,agregado,C_gru32_k14_s2,95328,0,0.29818101711983885,0.8880898882399819,0.07271728552954651,0.35488811135292053,25504,6748,2921,60155,0.790772665261069,0.8972383465259455,0.8406480214908449,0.8985712487411883,18.55159115264008,0.6614220093145009,0.5741744703051064,-0.030714645728947776,1336881.7914237054,1295819.9408186453,1826,0.540159598982768,160,45473.86210845457,,,,,setembro_nao_cego
fotovoltaica,2026-09-01,C_gru32_k14_sementes,95328,0,0.29818101711983885,0.8846599059420545,0.074086623750171,0.3614657851219177,,,,,0.7974536378810488,0.8857343887423044,0.8392293332804351,0.8988160176793109,18.275574251307614,0.6515811470411804,0.559563981453625,-0.07760618207181129,1336881.7914237054,1233131.499709988,,0.5243336719863296,,47098.75923304929,0.0031795721306674056,0.0095807865022751,0.013790146449690932,0.04534798475231815,setembro_nao_cego
eolica,agregado,C_gru32_k14_sementes,175392,0,0.48712027914614114,0.9100879186787343,0.09930325652774802,0.3841241697470347,,,,,0.8032389444217817,0.9423785947540293,0.8672564606524807,0.8594709754910905,26.297948223865784,0.8189479966170089,0.6321943746169886,0.0931799820701013,2816082.189549172,3078484.6774792946,,0.6207027131007942,,32361.46332408245,0.0016105237108855705,0.023675662434608766,0.019035685116730826,0.0835092003959065,setembro_nao_cego
fotovoltaica,agregado,C_gru32_k14_sementes,95328,0,0.29818101711983885,0.8846599059420545,0.074086623750171,0.3614657851219177,,,,,0.7974536378810488,0.8857343887423044,0.8392293332804351,0.8988160176793109,18.275574251307614,0.6515811470411804,0.559563981453625,-0.07760618207181129,1336881.7914237054,1233131.499709988,,0.5243336719863296,,47098.7592330493,0.0031795721306674056,0.0095807865022751,0.013790146449690932,0.04534798475231815,setembro_nao_cego
eolica,2026-09-01,C_gru32_k14_sementes,175392,0,0.48712027914614114,0.9100879186787343,0.09930325652774802,0.3841241697470347,,,,,0.8032389444217817,0.9423785947540293,0.8672564606524807,0.8594709754910905,26.297948223865784,0.8189479966170089,0.6321943746169886,0.0931799820701013,2816082.189549172,3078484.6774792946,,0.6207027131007942,,32361.46332408245,0.0016105237108855705,0.023675662434608766,0.019035685116730826,0.0835092003959065,setembro_nao_cego
eolica,2026-09-25,historico,7296,0,0.4565515350877193,0.8751829810648801,0.08997639063918231,0.3636,3271,900,60,3065,0.7842244066171182,0.9819873911738217,0.8720341242335378,0.868421052631579,18.354640153208237,0.8584496250280751,0.5381262247026197,0.4731279716416035,77998.43500043912,114901.67634341633,145,0.43703466705759864,7,7884.983288068324,,,,,reserva_25_09
eolica,2026-09-25,servido,7296,0,0.4565515350877193,0.871799092898676,0.13427518323387466,0.30245965899278776,2869,497,462,3468,0.8523469994058229,0.8613029120384269,0.8568015529341496,0.8685581140350878,18.354640153208237,0.8584496250280751,0.5381262247026197,0.4731279716416035,77998.43500043912,114901.67634341633,145,0.43703466705759864,7,7884.983288068324,,,,,reserva_25_09
eolica,2026-09-25,B0_original,7296,0,0.4565515350877193,0.871799092898676,0.13427518323387466,0.30245965899278776,2869,497,462,3468,0.8523469994058229,0.8613029120384269,0.8568015529341496,0.8685581140350878,15.370019008230727,0.7188583891678088,0.4597657337283531,-0.26549643198755934,77998.43500043912,57290.12880720897,145,0.4034430067617752,7,4393.0845583501105,,,,,reserva_25_09
eolica,2026-09-25,B_ajustado,7296,0,0.4565515350877193,0.8444620217875314,0.13115741761485492,0.2859840065328698,2871,553,460,3412,0.8384929906542056,0.8619033323326328,0.8500370096225018,0.8611567982456141,15.93965510617354,0.7455003658341826,0.381954029966382,-0.1107636099102226,77998.43500043912,69359.04677244263,145,0.3060091520736534,7,5923.581621932272,,,,,reserva_25_09
eolica,2026-09-25,C_gru32_k14_s0,7296,0,0.4565515350877193,0.8552765242015163,0.11259943397613227,0.4003618359565735,3035,713,296,3252,0.8097652081109925,0.9111377964575202,0.8574657437491171,0.8617050438596491,16.50517306566286,0.7719497364684192,0.36169349134376677,0.11344750012678495,77998.43500043912,86847.16246504046,145,0.3011719522838027,7,4720.585330495145,,,,,reserva_25_09
eolica,2026-09-25,C_gru32_k14_s1,7296,0,0.4565515350877193,0.8584033842728861,0.12024403190591343,0.37767964601516724,2965,766,366,3199,0.7946931117662825,0.8901230861603122,0.8397054658736902,0.8448464912280702,20.268916919309767,0.9479806732176839,0.5852206516549567,0.48834716748997953,77998.43500043912,116088.74980155483,145,0.5237836599027009,7,4791.989207810839,,,,,reserva_25_09
eolica,2026-09-25,C_gru32_k14_s2,7296,0,0.4565515350877193,0.8653214993468223,0.11800110009391027,0.3743310272693634,2988,742,343,3223,0.8010723860589812,0.8970279195436806,0.8463390454609828,0.8512883771929824,16.414229446438465,0.7676962880123224,0.3726527568710573,0.114095259274968,77998.43500043912,86897.68666485595,145,0.3182353102576701,7,4244.475672564149,,,,,reserva_25_09
eolica,agregado,historico,7296,0,0.4565515350877193,0.8751829810648801,0.08997639063918231,0.3636,3271,900,60,3065,0.7842244066171182,0.9819873911738217,0.8720341242335378,0.868421052631579,18.354640153208237,0.8584496250280751,0.5381262247026197,0.4731279716416035,77998.43500043912,114901.67634341633,145,0.43703466705759864,7,7884.983288068324,,,,,reserva_25_09
eolica,agregado,servido,7296,0,0.4565515350877193,0.871799092898676,0.13427518323387466,0.30245965899278776,2869,497,462,3468,0.8523469994058229,0.8613029120384269,0.8568015529341496,0.8685581140350878,18.354640153208237,0.8584496250280751,0.5381262247026197,0.4731279716416035,77998.43500043912,114901.67634341633,145,0.43703466705759864,7,7884.983288068324,,,,,reserva_25_09
eolica,agregado,B0_original,7296,0,0.4565515350877193,0.871799092898676,0.13427518323387466,0.30245965899278776,2869,497,462,3468,0.8523469994058229,0.8613029120384269,0.8568015529341496,0.8685581140350878,15.370019008230727,0.7188583891678088,0.4597657337283531,-0.26549643198755934,77998.43500043912,57290.12880720897,145,0.4034430067617752,7,4393.0845583501105,,,,,reserva_25_09
eolica,agregado,B_ajustado,7296,0,0.4565515350877193,0.8444620217875314,0.13115741761485492,0.2859840065328698,2871,553,460,3412,0.8384929906542056,0.8619033323326328,0.8500370096225018,0.8611567982456141,15.93965510617354,0.7455003658341826,0.381954029966382,-0.1107636099102226,77998.43500043912,69359.04677244263,145,0.3060091520736535,7,5923.581621932271,,,,,reserva_25_09
eolica,agregado,C_gru32_k14_s0,7296,0,0.4565515350877193,0.8552765242015163,0.11259943397613227,0.4003618359565735,3035,713,296,3252,0.8097652081109925,0.9111377964575202,0.8574657437491171,0.8617050438596491,16.50517306566286,0.7719497364684192,0.36169349134376677,0.11344750012678495,77998.43500043912,86847.16246504046,145,0.3011719522838027,7,4720.585330495145,,,,,reserva_25_09
eolica,agregado,C_gru32_k14_s1,7296,0,0.4565515350877193,0.8584033842728861,0.12024403190591343,0.37767964601516724,2965,766,366,3199,0.7946931117662825,0.8901230861603122,0.8397054658736902,0.8448464912280702,20.268916919309767,0.9479806732176839,0.5852206516549567,0.48834716748997953,77998.43500043912,116088.74980155483,145,0.5237836599027009,7,4791.989207810839,,,,,reserva_25_09
eolica,agregado,C_gru32_k14_s2,7296,0,0.4565515350877193,0.8653214993468223,0.11800110009391027,0.3743310272693634,2988,742,343,3223,0.8010723860589812,0.8970279195436806,0.8463390454609828,0.8512883771929824,16.414229446438465,0.7676962880123224,0.3726527568710573,0.114095259274968,77998.43500043912,86897.68666485595,145,0.3182353102576701,7,4244.475672564149,,,,,reserva_25_09
fotovoltaica,2026-09-25,historico,4032,0,0.2829861111111111,0.8871286557596502,0.0632907363976637,0.3043,1109,382,32,2509,0.743796109993293,0.971954425942156,0.8427051671732523,0.8973214285714286,13.988868267861353,0.6646118500989505,0.44596106641841177,0.26796599605318305,42433.12607773952,53803.76097281129,80,0.42764814871833823,4,777.0743456184864,,,,,reserva_25_09
fotovoltaica,2026-09-25,servido,4032,0,0.2829861111111111,0.8360148400681117,0.10594137637285322,0.32354527415640666,788,192,353,2699,0.8040816326530612,0.6906222611744084,0.7430457331447431,0.8648313492063492,15.760247366560291,0.7487701620846061,0.6050691109451799,-0.2382002554761039,42433.12607773952,32325.54460537224,80,0.5903772134324645,4,623.4231394782803,,,,,reserva_25_09
fotovoltaica,2026-09-25,B0_original,4032,0,0.2829861111111111,0.8360148400681117,0.10594137637285322,0.32354527415640666,788,192,353,2699,0.8040816326530612,0.6906222611744084,0.7430457331447431,0.8648313492063492,15.760247366560291,0.7487701620846061,0.60506911094518,-0.2382002554761039,42433.12607773952,32325.54460537224,80,0.5903772134324645,4,623.4231394782803,,,,,reserva_25_09
fotovoltaica,2026-09-25,B_ajustado,4032,0,0.2829861111111111,0.8450514809059722,0.1068966679002709,0.28848043860606487,809,188,332,2703,0.8114343029087262,0.7090271691498685,0.7567820392890552,0.871031746031746,17.36098930086584,0.8248214936232674,0.6899665365826638,-0.23073565965608622,42433.12607773952,32642.29074092242,80,0.6732211939369028,4,710.5572357025252,,,,,reserva_25_09
fotovoltaica,2026-09-25,C_gru32_k14_s0,4032,0,0.2829861111111111,0.8811694715339538,0.0945806178330541,0.3938,830,111,311,2780,0.8820403825717322,0.7274320771253286,0.7973102785782901,0.8953373015873016,14.82887187227308,0.7045204645006226,0.5435271477371606,-0.3370487040377821,42433.12607773952,28131.0959249656,80,0.5330283063304216,4,445.4986610823448,,,,,reserva_25_09
fotovoltaica,2026-09-25,C_gru32_k14_s1,4032,0,0.2829861111111111,0.8970154447266437,0.10630495815381893,0.33570924401283264,850,93,291,2798,0.9013785790031813,0.7449605609114811,0.8157389635316699,0.9047619047619048,14.313857481440936,0.6800521043327801,0.4945801641501875,-0.27154022146352996,42433.12607773952,30910.825625200243,80,0.483620990989628,4,465.0319764298001,,,,,reserva_25_09
fotovoltaica,2026-09-25,C_gru32_k14_s2,4032,0,0.2829861111111111,0.8859033734261685,0.09263741926164033,0.35488811135292053,877,132,264,2759,0.869177403369673,0.768624014022787,0.815813953488372,0.9017857142857143,14.856985770985064,0.7058561572728101,0.5189914020677723,-0.2742137566836076,42433.12607773952,30797.37916813341,80,0.506724578911545,4,520.5196535615287,,,,,reserva_25_09
fotovoltaica,agregado,historico,4032,0,0.2829861111111111,0.8871286557596502,0.0632907363976637,0.3043,1109,382,32,2509,0.743796109993293,0.971954425942156,0.8427051671732523,0.8973214285714286,13.988868267861353,0.6646118500989505,0.44596106641841177,0.26796599605318305,42433.12607773952,53803.76097281129,80,0.42764814871833823,4,777.0743456184864,,,,,reserva_25_09
fotovoltaica,agregado,servido,4032,0,0.2829861111111111,0.8360148400681117,0.10594137637285322,0.32354527415640666,788,192,353,2699,0.8040816326530612,0.6906222611744084,0.7430457331447431,0.8648313492063492,15.760247366560291,0.7487701620846061,0.6050691109451799,-0.2382002554761039,42433.12607773952,32325.54460537224,80,0.5903772134324645,4,623.4231394782803,,,,,reserva_25_09
fotovoltaica,agregado,B0_original,4032,0,0.2829861111111111,0.8360148400681117,0.10594137637285322,0.32354527415640666,788,192,353,2699,0.8040816326530612,0.6906222611744084,0.7430457331447431,0.8648313492063492,15.760247366560291,0.7487701620846061,0.6050691109451799,-0.2382002554761039,42433.12607773952,32325.54460537224,80,0.5903772134324645,4,623.4231394782803,,,,,reserva_25_09
fotovoltaica,agregado,B_ajustado,4032,0,0.2829861111111111,0.8450514809059722,0.1068966679002709,0.28848043860606487,809,188,332,2703,0.8114343029087262,0.7090271691498685,0.7567820392890552,0.871031746031746,17.36098930086584,0.8248214936232674,0.6899665365826638,-0.23073565965608622,42433.12607773952,32642.29074092242,80,0.6732211939369027,4,710.5572357025252,,,,,reserva_25_09
fotovoltaica,agregado,C_gru32_k14_s0,4032,0,0.2829861111111111,0.8811694715339538,0.0945806178330541,0.3938,830,111,311,2780,0.8820403825717322,0.7274320771253286,0.7973102785782901,0.8953373015873016,14.82887187227308,0.7045204645006226,0.5435271477371606,-0.3370487040377821,42433.12607773952,28131.0959249656,80,0.5330283063304216,4,445.4986610823448,,,,,reserva_25_09
fotovoltaica,agregado,C_gru32_k14_s1,4032,0,0.2829861111111111,0.8970154447266437,0.10630495815381893,0.33570924401283264,850,93,291,2798,0.9013785790031813,0.7449605609114811,0.8157389635316699,0.9047619047619048,14.313857481440936,0.6800521043327801,0.4945801641501875,-0.27154022146352996,42433.12607773952,30910.825625200243,80,0.483620990989628,4,465.0319764298001,,,,,reserva_25_09
fotovoltaica,agregado,C_gru32_k14_s2,4032,0,0.2829861111111111,0.8859033734261685,0.09263741926164033,0.35488811135292053,877,132,264,2759,0.869177403369673,0.768624014022787,0.815813953488372,0.9017857142857143,14.856985770985064,0.7058561572728101,0.5189914020677723,-0.2742137566836076,42433.12607773952,30797.37916813341,80,0.506724578911545,4,520.5196535615287,,,,,reserva_25_09
fotovoltaica,2026-09-25,C_gru32_k14_sementes,4032,0,0.2829861111111111,0.8880294298955888,0.09784099841617112,0.3614657851219177,,,,,0.8841987883148622,0.7470055506865322,0.809621065199444,0.900628306878307,14.666571708233027,0.6968095753687376,0.5190329046517068,-0.29426756072830657,42433.12607773952,29946.43357276642,,0.5077912920771982,,477.0167636912245,0.008134113577350307,0.014527754314970182,0.0244735181862806,0.037073664706805856,reserva_25_09
eolica,agregado,C_gru32_k14_sementes,7296,0,0.45655153508771934,0.8596671359404082,0.11694818865865199,0.3841241697470347,,,,,0.8018435686454187,0.8994296007205044,0.8478367516945967,0.8526133040935672,17.729439810470364,0.8292088992328085,0.439855633289927,0.2386299756305775,77998.43500043912,96611.19964381708,,0.3810636408147246,,4585.683403623378,0.005140348492595421,0.10288135728876203,0.12600899887874478,0.21626167443767647,reserva_25_09
fotovoltaica,agregado,C_gru32_k14_sementes,4032,0,0.2829861111111111,0.8880294298955888,0.09784099841617112,0.3614657851219177,,,,,0.8841987883148622,0.7470055506865322,0.809621065199444,0.900628306878307,14.666571708233027,0.6968095753687376,0.5190329046517068,-0.29426756072830657,42433.12607773952,29946.43357276642,,0.5077912920771982,,477.0167636912245,0.008134113577350307,0.014527754314970182,0.0244735181862806,0.037073664706805856,reserva_25_09
eolica,2026-09-25,C_gru32_k14_sementes,7296,0,0.45655153508771934,0.8596671359404082,0.11694818865865199,0.3841241697470347,,,,,0.8018435686454187,0.8994296007205044,0.8478367516945967,0.8526133040935672,17.729439810470364,0.8292088992328085,0.439855633289927,0.2386299756305775,77998.43500043912,96611.19964381708,,0.3810636408147246,,4585.683403623378,0.005140348492595421,0.10288135728876203,0.12600899887874478,0.21626167443767647,reserva_25_09
