fonte,bloco,versao,limiar,vp,fp,fn,vn,precisao,recall,f1,valores_distintos_p,linhas_selecao
eolica,selecao_jan_abr,original_arredondado,0.3025,210097,122808,50791,499168,0.6311019660263438,0.8053149244120082,0.7076439095779169,440926,882864
eolica,selecao_jan_abr,original_sem_arredondar,0.30245965899278776,210123,122820,50765,499156,0.6311080275002028,0.8054145840360615,0.7076861935466487,440926,882864
eolica,selecao_jan_abr,corrigido,0.30245965899278776,210123,122820,50765,499156,0.6311080275002028,0.8054145840360615,0.7076861935466487,440926,882864
eolica,selecao_jan_abr,corrigido_arredondado_4,0.3025,210097,122808,50791,499168,0.6311019660263438,0.8053149244120082,0.7076439095779169,440926,882864
eolica,selecao_jan_abr,corrigido_arredondamento_seguro,0.30245965899278776,210123,122820,50765,499156,0.6311080275002028,0.8054145840360615,0.7076861935466487,440926,882864
eolica,avaliacao_mai_ago,original_arredondado,0.3025,315628,117708,48357,421598,0.7283678254287665,0.8671456241328627,0.7917212766250983,440926,882864
eolica,avaliacao_mai_ago,original_sem_arredondar,0.30245965899278776,315630,117727,48355,421579,0.7283371446636376,0.8671511188647884,0.791705441328815,440926,882864
eolica,avaliacao_mai_ago,corrigido,0.30245965899278776,315630,117727,48355,421579,0.7283371446636376,0.8671511188647884,0.791705441328815,440926,882864
eolica,avaliacao_mai_ago,corrigido_arredondado_4,0.3025,315628,117708,48357,421598,0.7283678254287665,0.8671456241328627,0.7917212766250983,440926,882864
eolica,avaliacao_mai_ago,corrigido_arredondamento_seguro,0.30245965899278776,315630,117727,48355,421579,0.7283371446636376,0.8671511188647884,0.791705441328815,440926,882864
eolica,setembro_nao_cego,original_arredondado,0.3025,81469,19195,3968,70760,0.8093161408249225,0.9535564216908365,0.8755353275909318,440926,882864
eolica,setembro_nao_cego,original_sem_arredondar,0.30245965899278776,81469,19195,3968,70760,0.8093161408249225,0.9535564216908365,0.8755353275909318,440926,882864
eolica,setembro_nao_cego,corrigido,0.30245965899278776,81469,19195,3968,70760,0.8093161408249225,0.9535564216908365,0.8755353275909318,440926,882864
eolica,setembro_nao_cego,corrigido_arredondado_4,0.3025,81469,19195,3968,70760,0.8093161408249225,0.9535564216908365,0.8755353275909318,440926,882864
eolica,setembro_nao_cego,corrigido_arredondamento_seguro,0.30245965899278776,81469,19195,3968,70760,0.8093161408249225,0.9535564216908365,0.8755353275909318,440926,882864
eolica,reserva_25_09,original_arredondado,0.3025,2868,494,463,3471,0.8530636525877454,0.8610027018913239,0.8570147915732855,440926,882864
eolica,reserva_25_09,original_sem_arredondar,0.30245965899278776,2869,497,462,3468,0.8523469994058229,0.8613029120384269,0.8568015529341496,440926,882864
eolica,reserva_25_09,corrigido,0.30245965899278776,2869,497,462,3468,0.8523469994058229,0.8613029120384269,0.8568015529341496,440926,882864
eolica,reserva_25_09,corrigido_arredondado_4,0.3025,2868,494,463,3471,0.8530636525877454,0.8610027018913239,0.8570147915732855,440926,882864
eolica,reserva_25_09,corrigido_arredondamento_seguro,0.30245965899278776,2869,497,462,3468,0.8523469994058229,0.8613029120384269,0.8568015529341496,440926,882864
fotovoltaica,selecao_jan_abr,original_arredondado,0.3235,73557,38352,15300,301767,0.657292979116961,0.8278132279955434,0.732763515734736,214450,428976
fotovoltaica,selecao_jan_abr,original_sem_arredondar,0.32354527415640666,73555,38345,15302,301774,0.6573279714030384,0.8277907199207716,0.7327764411701709,214450,428976
fotovoltaica,selecao_jan_abr,corrigido,0.32354527415640666,73555,38345,15302,301774,0.6573279714030384,0.8277907199207716,0.7327764411701709,214450,428976
fotovoltaica,selecao_jan_abr,corrigido_arredondado_4,0.3235,73557,38352,15300,301767,0.657292979116961,0.8278132279955434,0.732763515734736,214450,428976
fotovoltaica,selecao_jan_abr,corrigido_arredondamento_seguro,0.32354527415640666,73555,38345,15302,301774,0.6573279714030384,0.8277907199207716,0.7327764411701709,214450,428976
fotovoltaica,avaliacao_mai_ago,original_arredondado,0.3235,109686,39520,11389,309133,0.7351312949881372,0.9059343382201115,0.8116441777261443,214450,428976
fotovoltaica,avaliacao_mai_ago,original_sem_arredondar,0.32354527415640666,109683,39517,11392,309136,0.7351407506702413,0.9059095601899649,0.8116399963000648,214450,428976
fotovoltaica,avaliacao_mai_ago,corrigido,0.32354527415640666,109683,39517,11392,309136,0.7351407506702413,0.9059095601899649,0.8116399963000648,214450,428976
fotovoltaica,avaliacao_mai_ago,corrigido_arredondado_4,0.3235,109686,39520,11389,309133,0.7351312949881372,0.9059343382201115,0.8116441777261443,214450,428976
fotovoltaica,avaliacao_mai_ago,corrigido_arredondamento_seguro,0.32354527415640666,109683,39517,11392,309136,0.7351407506702413,0.9059095601899649,0.8116399963000648,214450,428976
fotovoltaica,setembro_nao_cego,original_arredondado,0.3235,25645,5962,2780,60941,0.8113708988515203,0.9021987686895339,0.8543776652452025,214450,428976
fotovoltaica,setembro_nao_cego,original_sem_arredondar,0.32354527415640666,25645,5962,2780,60941,0.8113708988515203,0.9021987686895339,0.8543776652452025,214450,428976
fotovoltaica,setembro_nao_cego,corrigido,0.32354527415640666,25645,5962,2780,60941,0.8113708988515203,0.9021987686895339,0.8543776652452025,214450,428976
fotovoltaica,setembro_nao_cego,corrigido_arredondado_4,0.3235,25645,5962,2780,60941,0.8113708988515203,0.9021987686895339,0.8543776652452025,214450,428976
fotovoltaica,setembro_nao_cego,corrigido_arredondamento_seguro,0.32354527415640666,25645,5962,2780,60941,0.8113708988515203,0.9021987686895339,0.8543776652452025,214450,428976
fotovoltaica,reserva_25_09,original_arredondado,0.3235,788,192,353,2699,0.8040816326530612,0.6906222611744084,0.7430457331447431,214450,428976
fotovoltaica,reserva_25_09,original_sem_arredondar,0.32354527415640666,788,192,353,2699,0.8040816326530612,0.6906222611744084,0.7430457331447431,214450,428976
fotovoltaica,reserva_25_09,corrigido,0.32354527415640666,788,192,353,2699,0.8040816326530612,0.6906222611744084,0.7430457331447431,214450,428976
fotovoltaica,reserva_25_09,corrigido_arredondado_4,0.3235,788,192,353,2699,0.8040816326530612,0.6906222611744084,0.7430457331447431,214450,428976
fotovoltaica,reserva_25_09,corrigido_arredondamento_seguro,0.32354527415640666,788,192,353,2699,0.8040816326530612,0.6906222611744084,0.7430457331447431,214450,428976
