fonte,periodo,candidato,n,linhas_sem_previsao,prevalencia,ap,brier,limiar,vp,fp,fn,vn,precisao,recall,f1,acuracia,mae_mwmed,wape,wape_diario,vies,energia_real_mwh,energia_prevista_mwh,usina_dias_com_corte,wape_diario_dias_com_corte,usina_dias_sem_corte,energia_prevista_dias_sem_corte_mwh
eolica,2026-01-01,historico,229152,0,0.4042207792207792,0.7427210228603213,0.16435177616553953,0.3636,72286,35102,20342,101422,0.6731292136924051,0.7803903787191778,0.722802175825934,0.7580470604664153,21.175826001712682,0.9902270550855679,0.8144988959743563,-0.1424017629489176,2450186.982381101,2101276.036535544,3939,0.6930746333285686,835,297512.3230879529
eolica,2026-01-01,servido,229152,0,0.4042207792207792,0.8171380543895816,0.15118004620090095,0.30245965899278776,76848,39321,15780,97203,0.6615189938796064,0.8296411452260656,0.7361025302087674,0.759543883535819,21.175826001712682,0.9902270550855679,0.8144988959743563,-0.1424017629489176,2450186.982381101,2101276.036535544,3939,0.6930745626120648,835,297512.3230879529
eolica,2026-01-01,B0_original,229152,0,0.4042207792207792,0.8171380543895816,0.15118004620090095,0.30245965899278776,76848,39321,15780,97203,0.6615189938796064,0.8296411452260656,0.7361025302087674,0.759543883535819,19.941391933061816,0.9325022696439715,0.7348033015866167,-0.21501367960201423,2450186.982381101,1923363.2635863852,3939,0.6524170332937882,835,201861.76354960026
eolica,2026-01-01,B1_mudanca,229152,0,0.4042207792207792,0.801916139978157,0.15813081453751388,0.31669187555766226,75706,38197,16922,98327,0.6646532575963758,0.8173122597918556,0.7331199674625117,0.7594653330540427,20.19758335113697,0.9444823299938364,0.7416797916421992,-0.1983478456625426,2450186.982381101,1964197.6729554036,3939,0.6570928676430845,835,207253.78155261895
eolica,2026-01-01,B2_janela180,229152,0,0.4042207792207792,0.8124409819934117,0.15597062508133874,0.301272241004184,76917,39313,15711,97211,0.6617654650262411,0.8303860603705143,0.7365482768196574,0.7598799050411954,19.533585861815034,0.9134323828332254,0.7252201722281967,-0.2313581901424514,2450186.982381101,1883316.1566268152,3939,0.6548917236517644,835,172317.85043214267
eolica,2026-01-01,B3_recencia60,229152,0,0.4042207792207792,0.8104387224526153,0.15623584835349466,0.2859840065328698,77324,40562,15304,95962,0.655921822777938,0.8347799801355962,0.7346209753270566,0.7562054880603267,20.06199914637913,0.9381421216929835,0.7437045957053543,-0.199128939944209,2450186.982381101,1962283.8459144523,3939,0.6587295747483733,835,208204.6916735224
eolica,2026-01-01,B4_hp_rapido,229152,0,0.4042207792207792,0.8075355555121551,0.15894924868027405,0.29181665662359735,75370,38843,17258,97681,0.6599073660616567,0.8136848469145399,0.7287723420405046,0.7551799678815808,19.847017359281196,0.9280891120999787,0.7412892684634964,-0.2624387301237636,2450186.982381101,1807163.0221592286,3939,0.6607587069820052,835,197314.93484465044
eolica,2026-01-01,B5_hp_suave,229152,0,0.4042207792207792,0.7991192239335831,0.1572558438887044,0.31858856409602615,75356,38463,17272,98061,0.6620687231481562,0.8135337047113184,0.7300275615533285,0.756777161011032,20.30070280363617,0.9493044168282324,0.743953915802889,-0.19431406501338988,2450186.982381101,1974081.1897917383,3939,0.6526498198581407,835,223712.10893057508
eolica,2026-01-01,C_gru64_k28_s0,229152,0,0.4042207792207792,0.8017314779759649,0.15329477745258074,0.3907648026943207,75196,37180,17432,99344,0.6691464369616288,0.81180636524593,0.7336051979473571,0.7616778382907415,22.676876735809728,1.0604194078107334,0.8153249335555728,0.04621735507214564,2450186.982381101,2563428.144138958,3939,0.6878647329875481,835,312301.3264491665
eolica,2026-01-01,C_gru32_k14_s0,229152,0,0.4042207792207792,0.8182765391202342,0.14917379102480552,0.4003618359565735,70991,29404,21637,107120,0.7071168882912495,0.7664097249211901,0.7355703724426623,0.7772613810920262,21.144283743214174,0.9887520714064804,0.7712787839164202,-0.17094334437144443,2450186.982381101,2031343.8252774985,3939,0.6810166597082361,835,221159.08332727815
eolica,2026-02-01,historico,205728,0,0.15071842432726706,0.3963219192621561,0.13840223195645002,0.3636,25723,51005,5284,123716,0.3352491919507872,0.8295868674815364,0.4775235531628533,0.726391157256183,14.828308589223493,3.0367769107976694,2.605238865341638,2.10720364940535,502275.66249548295,1560672.7715134546,2294,1.3382303028373712,1992,636387.5153865026
eolica,2026-02-01,servido,205728,0,0.15071842432726706,0.5692569808409521,0.11248147215293916,0.30245965899278776,25410,41003,5597,133718,0.38260581512655656,0.8194923726900377,0.5216587969616095,0.773487323067351,14.828308589223493,3.0367769107976694,2.605238865341638,2.10720364940535,502275.66249548295,1560672.7715134546,2294,1.3382303860978209,1992,636387.5153865026
eolica,2026-02-01,B0_original,205728,0,0.15071842432726706,0.5692569808409521,0.11248147215293916,0.30245965899278776,25410,41003,5597,133718,0.38260581512655656,0.8194923726900377,0.5216587969616095,0.773487323067351,9.737275711835068,1.9941542137355899,1.655084594720727,0.8582777692735364,502275.66249548295,933367.6976624937,2294,0.9374510264926164,1992,360449.81970740977
eolica,2026-02-01,B1_mudanca,205728,0,0.15071842432726706,0.5692824519520316,0.10942957408786921,0.31669187555766226,24558,36885,6449,137836,0.399687515258044,0.7920147063566292,0.5312709572742023,0.7893626536008711,9.03863558626825,1.851075575365467,1.5138399162333713,0.6979978566938678,502275.66249548295,852862.9983868225,2294,0.8944205557043434,1992,311119.2658036728
eolica,2026-02-01,B2_janela180,205728,0,0.15071842432726706,0.5580153340156812,0.11459707411037873,0.301272241004184,27318,45141,3689,129580,0.3770132074690515,0.8810268649014739,0.528057526143854,0.7626477679265826,9.399704074323306,1.92502092396302,1.5732659749464355,0.8417322098566495,502275.66249548295,925057.2658450184,2294,0.964072854095155,1992,305982.8935958474
eolica,2026-02-01,B3_recencia60,205728,0,0.15071842432726706,0.5899632653078257,0.11259040833913636,0.2859840065328698,26999,46810,4008,127911,0.3657954991938652,0.8707388654174864,0.5151694397801863,0.7529845232540053,9.685028784807661,1.983454256912985,1.667914163084204,0.7906995677484836,502275.66249548295,899424.8117212446,2294,0.9860944523013936,1992,342461.4118621696
eolica,2026-02-01,B4_hp_rapido,205728,0,0.15071842432726706,0.5303950496892028,0.11336294312758302,0.29181665662359735,21030,33622,9977,141099,0.3847983605357535,0.6782339471732189,0.491016705775225,0.7880745450303314,8.445723223528917,1.7296495501071416,1.43068777315331,0.5153357779726429,502275.66249548295,761116.2817843172,2294,0.9146700544349036,1992,259183.18301490849
eolica,2026-02-01,B5_hp_suave,205728,0,0.15071842432726706,0.5620860090021426,0.11094580575881345,0.31858856409602615,23468,35961,7539,138760,0.3948913829948342,0.7568613538878318,0.5189968596576584,0.7885557629491368,9.536329267662067,1.953001204388661,1.6137784920916263,0.8097295327353322,502275.66249548295,908983.0999922798,2294,0.924618717270088,1992,346148.19969583326
eolica,2026-02-01,C_gru64_k28_s0,205728,0,0.15071842432726706,0.5666102171416242,0.10690231580265146,0.3907648026943207,22140,31476,8867,143245,0.4129364368845121,0.7140323152836456,0.5232619973293313,0.8039012676932649,12.300014282914661,2.518992584493604,2.1041679051232296,1.541879787555548,502275.66249548295,1276724.3542783405,2294,1.151048319156341,1992,478728.7953112344
eolica,2026-02-01,C_gru32_k14_s0,205728,0,0.15071842432726706,0.5858984979886476,0.10240878059863519,0.4003618359565735,21076,28820,9931,145901,0.42239858906525574,0.6797174831489664,0.5210189980594044,0.8116396406906207,11.420108974051514,2.338791578453992,1.9771552421580707,1.2263272358504458,502275.66249548295,1118229.98731852,2294,1.1255016292501283,1992,427764.87732102023
eolica,2026-03-01,historico,227664,0,0.269880174291939,0.755074052012319,0.10398024803381241,0.3636,47043,15466,14399,150756,0.7525796285334911,0.7656489046580515,0.7590580148607111,0.8688198397638626,7.4172849837670425,1.0000665047196253,0.7900752652402496,-0.22387641384729462,844268.2364498163,655256.4913482516,3909,0.6920260182798373,834,82779.86614508515
eolica,2026-03-01,servido,227664,0,0.269880174291939,0.7860973687581372,0.10522020306428168,0.30245965899278776,47921,19093,13521,147129,0.7150893843077566,0.7799388040753882,0.7461076166158062,0.856745027760208,7.4172849837670425,1.0000665047196253,0.7900752652402496,-0.22387641384729462,844268.2364498163,655256.4913482516,3909,0.6920260182798373,834,82779.86614508515
eolica,2026-03-01,B0_original,227664,0,0.269880174291939,0.7860973687581372,0.10522020306428168,0.30245965899278776,47921,19093,13521,147129,0.7150893843077566,0.7799388040753882,0.7461076166158062,0.856745027760208,7.772486092169571,1.0479579814162974,0.77979672923681,-0.08743516587342093,844268.2364498163,770449.503154166,3909,0.6704083989480921,834,92353.09418327789
eolica,2026-03-01,B1_mudanca,227664,0,0.269880174291939,0.7938993640777867,0.10109557048993555,0.31669187555766226,49157,18579,12285,147643,0.7257145387976851,0.8000553367403405,0.7610738670671476,0.8644317942230656,7.931969407321377,1.0694609871514178,0.8016907776335356,-0.05237136291732625,844268.2364498163,800052.7582391319,3909,0.6869529496986383,834,96869.50519939684
eolica,2026-03-01,B2_janela180,227664,0,0.269880174291939,0.8018320711237796,0.1171606311704766,0.301272241004184,42064,12471,19378,153751,0.7713211698908957,0.6846131310829726,0.7253852056873346,0.8601052428139715,6.764927508935473,0.9121096767009732,0.7219754380546365,-0.42907497738655753,844268.2364498163,482013.86198692257,3909,0.6629245664764691,834,49854.776008274246
eolica,2026-03-01,B3_recencia60,227664,0,0.269880174291939,0.7930735007252568,0.10773523975746996,0.2859840065328698,46535,17925,14907,148297,0.7219205708966802,0.7573809446307086,0.7392257470095789,0.855787476280835,7.551661379709444,1.0181843649475988,0.8000299328869451,-0.22130676654459014,844268.2364498163,657425.962944804,3909,0.6986355893135061,834,85604.02500864628
eolica,2026-03-01,B4_hp_rapido,227664,0,0.269880174291939,0.79256012898954,0.10354765835718188,0.29181665662359735,49172,20162,12270,146060,0.7092047191853924,0.8002994694183132,0.7520034257050223,0.8575444514723453,7.547598187820983,1.017636528088318,0.779538617167956,-0.17063438656006125,844268.2364498163,700207.0438310571,3909,0.6789715596673599,834,84905.57364367755
eolica,2026-03-01,B5_hp_suave,227664,0,0.269880174291939,0.8023369693038617,0.09960592611862651,0.31858856409602615,48966,18217,12476,148005,0.7288450947412292,0.7969467139741545,0.7613760932944607,0.8651829011174362,7.873915688448225,1.0616336514286417,0.800063648956125,-0.0816090785875152,844268.2364498163,775368.2835924403,3909,0.6846109586731197,834,97473.04078302483
eolica,2026-03-01,C_gru64_k28_s0,227664,0,0.269880174291939,0.8045556527856729,0.09489110959529451,0.3907648026943207,52290,21714,9152,144508,0.706583427922815,0.8510465154129098,0.7721158247567296,0.864423009347108,9.121932646000756,1.2299027632804698,0.8913603928249818,0.18974240104122098,844268.2364498163,1004461.7187566417,3909,0.7340275032260783,834,132831.1633691094
eolica,2026-03-01,C_gru32_k14_s0,227664,0,0.269880174291939,0.782040110972259,0.09734172728229679,0.4003618359565735,53750,24680,7692,141542,0.6853244931786306,0.874808762735588,0.7685598261267444,0.8578079977510717,9.459875118609103,1.2754672721428613,0.9884905541392193,0.17101919506778795,844268.2364498163,988654.3106687646,3909,0.8105848197894104,834,150200.21366602927
eolica,2026-04-01,historico,220320,0,0.34409495279593316,0.8010435367411213,0.1260093851414004,0.3636,57496,17796,18315,126713,0.7636402273813951,0.7584123675983696,0.7610173193119925,0.8360974945533769,12.725477265836671,0.9978892113745972,0.7406418750913912,-0.24620604413480673,1404803.8195277494,1058932.6283363553,4154,0.7156190578920025,436,35152.14743726583
eolica,2026-04-01,servido,220320,0,0.34409495279593316,0.8281474127669658,0.12500997964756538,0.30245965899278776,59944,23403,15867,121106,0.7192100495518735,0.790703196106106,0.7532640520740397,0.8217592592592593,12.725477265836671,0.9978892113745972,0.7406418750913912,-0.24620604413480673,1404803.8195277494,1058932.6283363553,4154,0.7156190578920025,436,35152.14743726583
eolica,2026-04-01,B0_original,220320,0,0.34409495279593316,0.8281474127669658,0.12500997964756538,0.30245965899278776,59944,23403,15867,121106,0.7192100495518735,0.790703196106106,0.7532640520740397,0.8217592592592593,13.64336673971257,1.069867022821722,0.8129058800023529,-0.11372275084827443,1404803.8195277494,1245045.664768891,4154,0.7895190298622695,436,32853.93477747725
eolica,2026-04-01,B1_mudanca,220320,0,0.34409495279593316,0.831343515271272,0.12304701752380365,0.31669187555766226,59309,20777,16502,123732,0.7405663911295357,0.7823271029270159,0.7608741669179009,0.8307961147421932,13.552957371103584,1.0627774236139735,0.806083215627513,-0.12925102650213272,1404803.8195277494,1223231.483819671,4154,0.7852296366538378,436,29295.08778943546
eolica,2026-04-01,B2_janela180,220320,0,0.34409495279593316,0.8115799521988797,0.13541060675324426,0.301272241004184,55588,18533,20223,125976,0.7499628985037978,0.7332445159673399,0.7415094842995491,0.8240922294843863,13.040578676802738,1.022598406316629,0.7957094147160172,-0.2280988368265332,1404803.8195277494,1084369.7023239988,4154,0.7856307933812673,436,14158.485045886577
eolica,2026-04-01,B3_recencia60,220320,0,0.34409495279593316,0.8207845823163652,0.1315632246912639,0.2859840065328698,57817,22156,17994,122353,0.7229564978180136,0.762646581630634,0.7422713500744621,0.8177650689905592,13.468346132415968,1.0561424942919837,0.8015662928598215,-0.1438734716814336,1404803.8195277494,1202689.816980954,4154,0.7869559853795678,436,20524.614736913376
eolica,2026-04-01,B4_hp_rapido,220320,0,0.34409495279593316,0.8198053555568149,0.1289150860781352,0.29181665662359735,58448,20941,17363,123568,0.7362229024172114,0.7709699120180449,0.7531958762886598,0.8261437908496732,13.342204817413274,1.0462509157900346,0.8085189148623435,-0.1778141345441645,1404803.8195277494,1155009.844154086,4154,0.7927835085238037,436,22105.258897018713
eolica,2026-04-01,B5_hp_suave,220320,0,0.34409495279593316,0.8322750604415474,0.12305171023861074,0.31858856409602615,59023,20568,16788,123941,0.7415788217260746,0.7785545633219454,0.759616993346289,0.8304466230936819,13.754777523495678,1.07860348251164,0.8160946991442362,-0.10050821515854891,1404803.8195277494,1263609.494979103,4154,0.795363926615047,436,29122.567568911272
eolica,2026-04-01,C_gru64_k28_s0,220320,0,0.34409495279593316,0.8223002298882985,0.12827101042282033,0.3907648026943207,57618,21012,18193,123497,0.7327737504769172,0.7600216327445886,0.7461490148341438,0.8220542846768337,14.109847985472108,1.106446916269154,0.8199170694758374,-0.06207752496985364,1404803.8195277494,1317597.0753432699,4154,0.7838117838868638,436,50720.8405902111
eolica,2026-04-01,C_gru32_k14_s0,220320,0,0.34409495279593316,0.8088247847710881,0.13397626872213814,0.4003618359565735,54896,18575,20915,125934,0.7471791591240081,0.7241165530068195,0.7354671025307806,0.8207607116920842,15.111225294270094,1.184971563485923,0.8723215912079614,0.06291878210717128,1404803.8195277494,1493192.364951938,4154,0.8273961161491384,436,63111.475833165925
eolica,agregado,historico,882864,0,0.29550191195925984,0.7022949668221776,0.13316852823373188,0.3636,202548,119369,58340,502607,0.6291932392511113,0.7763791358743982,0.6950798294455264,0.7987130520669096,14.039996045984106,1.1915144069985966,0.9635069444019425,0.033567636653617505,5201534.700854151,5376137.927733606,14296,0.7612911881280199,4097,1051831.8520568064
eolica,agregado,servido,882864,0,0.29550191195925984,0.7798333253576851,0.12377993584117934,0.30245965899278776,210123,122820,50765,499156,0.6311080275002028,0.8054145840360615,0.7076861935466487,0.8033842131970496,14.039996045984106,1.1915144069985966,0.963506851784384,0.033567636653617505,5201534.700854151,5376137.927733606,14296,0.7612911881280199,4097,1051831.8520568064
eolica,agregado,B0_original,882864,0,0.29550191195925984,0.7798333253576851,0.12377993584117934,0.30245965899278776,210123,122820,50765,499156,0.6311080275002028,0.8054145840360615,0.7076861935466487,0.8033842131970496,12.853918537476387,1.0908570824113737,0.8520649041006404,-0.06330988652793923,5201534.700854151,4872226.129171936,14296,0.7198887218294038,4097,687518.6122177652
eolica,agregado,B1_mudanca,882864,0,0.29550191195925984,0.7764284797602748,0.12331940218619702,0.31669187555766226,208730,114438,52158,507538,0.6458869690068324,0.8000751280242863,0.7147602284712424,0.8113004947534388,12.77617899599654,1.0842596600642929,0.8433760255438787,-0.06943908062245763,5201534.700854151,4840344.913401028,14296,0.7194630574786588,4097,644537.6403451241
eolica,agregado,B2_janela180,882864,0,0.29550191195925984,0.7565256202519205,0.13119090862906302,0.301272241004184,201887,115458,59001,506518,0.6361751406198302,0.7738454815859679,0.698289443874701,0.8023942532485184,12.259162609050192,1.0403826908911327,0.8256207464644528,-0.15894880292457314,5201534.700854151,4374756.986782756,14296,0.7213603584804549,4097,542314.0050821509
eolica,agregado,B3_recencia60,882864,0,0.29550191195925984,0.7719772291591624,0.12740150457694252,0.2859840065328698,208675,127453,52213,494523,0.6208200447448591,0.7998643095887891,0.6990599916920149,0.7964964026169375,12.77242733476055,1.0839412726232838,0.8577181963667374,-0.09222475497739568,5201534.700854151,4721824.437561455,14296,0.7314487887243295,4097,656794.7432812516
eolica,agregado,B4_hp_rapido,882864,0,0.29550191195925984,0.7745521958518389,0.12654510281798528,0.29181665662359735,204020,113568,56868,508408,0.6424046248598814,0.7820214038207967,0.7053706636057503,0.806951013972707,12.395313919752908,1.0519372702302365,0.8322249532917527,-0.14957864431774326,5201534.700854151,4423496.191928688,14296,0.7238898967256994,4097,563508.9504002552
eolica,agregado,B5_hp_suave,882864,0,0.29550191195925984,0.7756463149000477,0.1230626531714684,0.31858856409602615,206813,113209,54075,508767,0.6462461955740543,0.7927271472815921,0.7120311235819662,0.8105212127802244,12.95431269335692,1.099377104975364,0.8565373769845084,-0.053732724776918706,5201534.700854151,4922042.068355562,14296,0.7226431408298398,4097,696455.9169783444
eolica,agregado,C_gru64_k28_s0,882864,0,0.29550191195925984,0.7731586144732945,0.12117898459957657,0.3907648026943207,207244,111382,53644,510594,0.6504302850363749,0.7943791972033977,0.7152337993560121,0.8130787980934776,14.625498806427796,1.2412035217334723,0.9533610341934178,0.18469098966220576,5201534.700854151,6162211.292517209,14296,0.7659967031411955,4097,974582.1257197214
eolica,agregado,C_gru32_k14_s0,882864,0,0.29550191195925984,0.7737428586699935,0.12111795780637849,0.4003618359565735,200713,101479,60175,520497,0.6641903160904326,0.769345466253718,0.7129111316331604,0.8168981859040577,14.359708010718858,1.2186469938471696,0.9502668932236159,0.0826459520287306,5201534.700854151,5631420.4882167205,14296,0.7845012619185667,4097,862235.6501474936
fotovoltaica,2026-01-01,historico,106224,0,0.206940051212532,0.6816028688815114,0.0935359823117529,0.3043,19423,14413,2559,69829,0.5740335737084762,0.8835865708306796,0.6959403776559533,0.8402244313902696,15.226026286934987,1.0900551602020143,0.9068918007938516,0.09737118892823005,741875.033188065,814112.2872057571,1695,0.6587781641757174,518,184069.30416607822
fotovoltaica,2026-01-01,servido,106224,0,0.206940051212532,0.7784662166312946,0.08196781482177874,0.32354527415640666,18887,11162,3095,73080,0.6285400512496256,0.859202984259849,0.7259902750283485,0.8657836270522669,13.475803683399473,0.9647539723193196,0.7737410869097239,0.035579454237664176,741875.033188065,768270.5419814454,1695,0.6225993835286463,518,112128.21228337545
fotovoltaica,2026-01-01,B0_original,106224,0,0.206940051212532,0.7784662166312946,0.08196781482177874,0.32354527415640666,18887,11162,3095,73080,0.6285400512496256,0.859202984259849,0.7259902750283485,0.8657836270522669,13.475803683399473,0.9647539723193196,0.7737410217251391,0.035579454237664176,741875.033188065,768270.5419814454,1695,0.6225993835286463,518,112128.21228337545
fotovoltaica,2026-01-01,B1_mudanca,106224,0,0.206940051212532,0.7828692110909125,0.08017823119004033,0.28848043860606487,19200,11500,2782,72742,0.6254071661237784,0.8734419070148303,0.728901712159751,0.8655482753426721,13.289535137594832,0.9514187142742248,0.7659864457600425,-0.0002552221345187844,741875.033188065,741685.6902585486,1695,0.6258393705631354,518,103971.61141170535
fotovoltaica,2026-01-01,B2_janela180,106224,0,0.206940051212532,0.7629401178735651,0.08500804216883145,0.2766,19082,12081,2900,72161,0.6123287231652922,0.8680738786279684,0.7181108288644276,0.8589678415424009,13.589187659381142,0.97287130942185,0.7970949545597973,-0.06954844181595121,741875.033188065,690278.780607678,1695,0.6794689923227301,518,87263.76073462419
fotovoltaica,2026-01-01,B3_recencia60,106224,0,0.206940051212532,0.7664662728851677,0.08402589958725526,0.2901942709685902,19180,12023,2802,72219,0.6146844854661411,0.8725320716950232,0.7212559932311742,0.8604364362102727,13.344262076666986,0.9553367018839567,0.7620054036338546,-0.04290841813689772,741875.033188065,710042.3490587067,1695,0.6301498419566313,518,97820.39244462774
fotovoltaica,2026-01-01,B4_hp_rapido,106224,0,0.206940051212532,0.7545150984155915,0.0839295158118486,0.2674977866630744,19394,12270,2588,71972,0.6124936836786256,0.8822673096169593,0.7230362002758827,0.8601257719536075,13.465710114761762,0.9640313578714625,0.7783082084278898,-0.0010210936537426996,741875.033188065,741117.5092998066,1695,0.6550316445506995,518,91455.75988691274
fotovoltaica,2026-01-01,B5_hp_suave,106224,0,0.206940051212532,0.7807469655019763,0.08073626626516266,0.3102918974969996,18995,10976,2987,73266,0.6337793200093423,0.8641160949868074,0.7312378495948261,0.868551363157102,13.41873245364573,0.9606681532540049,0.7709004248084055,0.017396199957683933,741875.033188065,754780.8396090181,1695,0.6251201633139253,518,108150.73149621747
fotovoltaica,2026-01-01,C_gru64_k28_s0,106224,0,0.206940051212532,0.7609150551998773,0.0836244349623348,0.4012,17833,9780,4149,74462,0.6458189982979031,0.811254662906014,0.7191450751083779,0.8688714414821509,14.957929672175506,1.070861702050558,0.8607304105871216,0.2347841783995548,741875.033188065,916055.5533302673,1695,0.6574122279777649,518,150836.67672331652
fotovoltaica,2026-01-01,C_gru32_k14_s0,106224,0,0.206940051212532,0.772886706065506,0.08336244063919981,0.3938,16992,8732,4990,75510,0.6605504587155964,0.7729960877081248,0.7123632247516035,0.870820153637596,13.623133346871857,0.975301534558635,0.7875586420963356,0.0331180822756163,741875.033188065,766444.5115754129,1695,0.6447326581584045,518,105959.07605636789
fotovoltaica,2026-02-01,historico,98016,0,0.12170461965393405,0.4644409832280074,0.08676133899179687,0.3043,9615,16000,2314,70087,0.3753659964864337,0.8060189454271104,0.5121990198167483,0.813152954619654,11.197996865862711,1.6266918701558366,1.4080484963423643,0.5153358099885672,337366.55384502886,511223.62013380835,1169,0.8107216210393071,873,201518.11460985857
fotovoltaica,2026-02-01,servido,98016,0,0.12170461965393405,0.6113831890401685,0.07507995588069592,0.32354527415640666,9069,10866,2860,75221,0.454928517682468,0.7602481347975522,0.5692317348732111,0.8599616389160953,9.636154067706732,1.3998087041168328,1.188567331910057,0.4051794858976574,337366.55384502886,474060.560691022,1169,0.7983105389793522,873,131659.59272330615
fotovoltaica,2026-02-01,B0_original,98016,0,0.12170461965393405,0.6113831890401685,0.07507995588069592,0.32354527415640666,9069,10866,2860,75221,0.454928517682468,0.7602481347975522,0.5692317348732111,0.8599616389160953,9.636154067706732,1.3998087041168328,1.188567331910057,0.4051794858976574,337366.55384502886,474060.560691022,1169,0.7983105389793522,873,131659.59272330612
fotovoltaica,2026-02-01,B1_mudanca,98016,0,0.12170461965393405,0.6093520696840341,0.07463920274449347,0.28848043860606487,9249,11665,2680,74422,0.44223964808262406,0.7753374130270768,0.5632250403434522,0.8536463434541299,9.190357927464778,1.3350495364045125,1.124025834930437,0.298458522904129,337366.55384502886,438056.4771828725,1169,0.7730944612851068,873,118392.51120012821
fotovoltaica,2026-02-01,B2_janela180,98016,0,0.12170461965393405,0.613661656240626,0.07901989031865332,0.2766,9501,13350,2428,72737,0.41578049100695813,0.7964624025484114,0.5463484761357101,0.839026281423441,9.34247935670022,1.3571476576290462,1.1545058666142534,0.350516724906748,337366.55384502886,455619.1733918644,1169,0.7955231921233716,873,121108.75089004516
fotovoltaica,2026-02-01,B3_recencia60,98016,0,0.12170461965393405,0.6129391845969644,0.07703966914599585,0.2901942709685902,9140,12339,2789,73748,0.425531914893617,0.7662000167658647,0.5471743295019157,0.8456578517793013,1.4378512241514931e+280,2.088713655520974e+279,2.0887136019360651e+279,2.088713655520974e+279,337366.55384502886,7.046621279321638e+284,1169,1.5121205196291813e+279,873,1.945232261391529e+284
fotovoltaica,2026-02-01,B4_hp_rapido,98016,0,0.12170461965393405,0.5972020157441292,0.07504228635976122,0.2674977866630744,9326,11633,2603,74454,0.4449639772889928,0.7817922709363735,0.5671369496472878,0.854758406790728,42.02135191617535,6.10428743228029,5.901431444428778,5.0240057032356304,337366.55384502886,2032298.0444434043,1169,0.784478668731162,873,1726288.7684119386
fotovoltaica,2026-02-01,B5_hp_suave,98016,0,0.12170461965393405,0.6099499654368657,0.07463005657109968,0.3102918974969996,8956,10996,2973,75091,0.44887730553327987,0.7507754212423505,0.5618393400457953,0.8574824518445968,9.20197118987934,1.336736552375498,1.128847167394148,0.32416886409991985,337366.55384502886,446730.2863902763,1169,0.7712665563192881,873,120635.74157497493
fotovoltaica,2026-02-01,C_gru64_k28_s0,98016,0,0.12170461965393405,0.6006648018645386,0.07373831775482673,0.4012,8152,8773,3777,77314,0.4816543574593796,0.6833766451504736,0.5650516392874472,0.8719596800522363,12.374384802264453,1.7975814243517143,1.5566653413255847,1.0491959547827325,337366.55384502886,691330.177418224,1169,0.8626610173819895,873,234133.83144135194
fotovoltaica,2026-02-01,C_gru32_k14_s0,98016,0,0.12170461965393405,0.5965401168101497,0.07337411461465938,0.3938,7908,8509,4021,77578,0.4816958031309009,0.6629222902171179,0.5579623227263106,0.8721637283708782,12.015716790917416,1.7454790398688411,1.4948738978238754,0.9332993664827314,337366.55384502886,652230.5448210565,1169,0.8212538405302157,873,227256.883160215
fotovoltaica,2026-03-01,historico,112416,0,0.22892648733276402,0.7301329788663726,0.0952041950150199,0.3043,20960,9581,4775,77100,0.6862905602305098,0.8144550223431125,0.7449001350486886,0.8722957586108739,13.882655922753715,0.9041692679610933,0.7570594565993649,-0.31221244897113254,863020.1796902015,593574.5358776168,2000,0.670532542060723,342,74674.52132515126
fotovoltaica,2026-03-01,servido,112416,0,0.22892648733276402,0.7945428803121645,0.08972113259323299,0.32354527415640666,19440,7905,6295,78776,0.7109160724081185,0.7553914901884593,0.7324792765636775,0.8736834614289781,12.587476754336864,0.8198150055561203,0.6571650127444086,-0.25682857310732665,863020.1796902015,641371.9383775385,2000,0.5751615501643065,342,70770.60770393215
fotovoltaica,2026-03-01,B0_original,112416,0,0.22892648733276402,0.7945428803121645,0.08972113259323299,0.32354527415640666,19440,7905,6295,78776,0.7109160724081185,0.7553914901884593,0.7324792765636775,0.8736834614289781,12.587476754336864,0.8198150055561203,0.6571650127444087,-0.25682857310732665,863020.1796902015,641371.9383775385,2000,0.575161591817558,342,70770.60770393215
fotovoltaica,2026-03-01,B1_mudanca,112416,0,0.22892648733276402,0.801092086553042,0.0886880785333621,0.28848043860606487,20040,8335,5695,78346,0.7062555066079295,0.7787060423547698,0.7407133616706708,0.8751957016794762,8.20600164848761e+135,5.344520922138391e+134,5.344520486723128e+134,5.344520922138391e+134,863020.1796902015,4.612429406581916e+140,2000,0.5872753904586436,342,4.612429406581916e+140
fotovoltaica,2026-03-01,B2_janela180,112416,0,0.22892648733276402,0.794190071702159,0.09096779138733872,0.2766,19890,7857,5845,78824,0.7168342523516056,0.7728774043131922,0.743801652892562,0.8781134358098491,12.70906854423537,0.8277342077804165,0.6845649851469725,-0.3643169408496054,863020.1796902015,548607.3079339905,2000,0.6223203755629831,342,53718.393529062276
fotovoltaica,2026-03-01,B3_recencia60,112416,0,0.22892648733276402,0.8005276035923294,0.08846525337820092,0.2901942709685902,20002,7755,5733,78926,0.7206110170407465,0.7772294540509035,0.7478501458161968,0.8800170794192997,12.545352876148895,0.8170715019846982,0.6624369917478502,-0.28701615494949595,863020.1796902015,615319.4460716968,2000,0.5899508242516777,342,62557.0672660151
fotovoltaica,2026-03-01,B4_hp_rapido,112416,0,0.22892648733276402,0.7823409779489494,0.09348653523711054,0.2674977866630744,19800,8452,5935,78229,0.7008353390910378,0.7693802214882456,0.7335099190545872,0.8720199971534301,1466914.1244193874,95539.25973661803,95539.09337289816,95538.16884060319,863020.1796902015,82452230660.26987,2000,18355.254141374735,342,66611210258.35582
fotovoltaica,2026-03-01,B5_hp_suave,112416,0,0.22892648733276402,0.7997749993003664,0.08816676263612815,0.3102918974969996,19906,8038,5829,78643,0.7123532779845405,0.7734991257042938,0.7416680638611003,0.8766456732137774,12.78327907713379,0.8325674964233909,0.6769242596407736,-0.25871114283293084,863020.1796902015,639747.2427146682,2000,0.6017017267498393,342,64918.569141167245
fotovoltaica,2026-03-01,C_gru64_k28_s0,112416,0,0.22892648733276402,0.7982677300776067,0.08261685952963248,0.4012,21576,10205,4159,76476,0.6788961958402819,0.8383912959005245,0.7502607969956187,0.8722245943637916,14.67973037006177,0.9560822609462328,0.7017870205674428,0.06399193555878524,863020.1796902015,918246.5114148682,2000,0.5771748383120416,342,107542.82889484044
fotovoltaica,2026-03-01,C_gru32_k14_s0,112416,0,0.22892648733276402,0.7842404721774819,0.08624217130711867,0.3938,22933,12656,2802,74025,0.6443845008289079,0.8911210413833301,0.7479290326788859,0.8624928835752917,14.975370672064091,0.9753371410591307,0.7411853210803286,0.17613729662855881,863020.1796902015,1015030.2210767267,2000,0.6120684865465288,342,111430.4730030469
fotovoltaica,2026-04-01,historico,112320,0,0.26006944444444446,0.8309108077234955,0.07850174228051644,0.3043,26316,9946,2895,73163,0.72571838288015,0.9008934990243401,0.8038733523742612,0.8856748575498575,14.721677769956337,0.7918691504473627,0.6395735767051113,-0.12167753807048332,1044073.2829327527,917033.0163003282,2193,0.6038038845196557,147,37346.18100717405
fotovoltaica,2026-04-01,servido,112320,0,0.26006944444444446,0.8752293949812199,0.07044981847831286,0.32354527415640666,26159,8412,3052,74697,0.7566746695206965,0.8955188114066619,0.8202627700605186,0.8979344729344729,13.174536568689742,0.7086494653127434,0.5426989302966959,-0.11067271476881813,1044073.2829327527,928522.8582929927,2193,0.5181022664698062,147,25680.718740898228
fotovoltaica,2026-04-01,B0_original,112320,0,0.26006944444444446,0.8752293949812199,0.07044981847831286,0.32354527415640666,26159,8412,3052,74697,0.7566746695206965,0.8955188114066619,0.8202627700605186,0.8979344729344729,13.174536568689742,0.7086494653127434,0.5426989302966959,-0.11067271476881813,1044073.2829327527,928522.8582929927,2193,0.5181022354553253,147,25680.718740898228
fotovoltaica,2026-04-01,B1_mudanca,112320,0,0.26006944444444446,0.8725690857780437,0.07273863008564961,0.28848043860606487,26215,8754,2996,74355,0.749663988103749,0.8974358974358975,0.8169211592396385,0.8953881766381766,13.213615119650852,0.7107514742979856,0.5458772042090966,-0.1129269441328985,1044073.2829327527,926169.2776403539,2193,0.5222045544710117,147,24715.980348153986
fotovoltaica,2026-04-01,B2_janela180,112320,0,0.26006944444444446,0.8550871224066787,0.07883972103310401,0.2766,25571,8348,3640,74761,0.7538842536631386,0.8753894080996885,0.8101061302075083,0.8932692307692308,13.17355364896404,0.7085965947214757,0.5463818451593003,-0.1956322029331281,1044073.2829327527,839818.9265689952,2193,0.5288387768301797,147,18316.21531293351
fotovoltaica,2026-04-01,B3_recencia60,112320,0,0.26006944444444446,0.8670467492940228,0.07610439441506643,0.2901942709685902,25479,8105,3732,75004,0.7586648404001906,0.8722399096230872,0.8114977307110439,0.894613603988604,13.149445127704713,0.7072998135701367,0.5398809569982921,-0.16168338570268193,1044073.2829327527,875263.9796264712,2193,0.5204177373819017,147,20320.994434239965
fotovoltaica,2026-04-01,B4_hp_rapido,112320,0,0.26006944444444446,0.8651727213262352,0.0759642707706442,0.2674977866630744,25889,8711,3322,74398,0.7482369942196532,0.886275718051419,0.8114274968265659,0.8928685897435897,inf,inf,inf,inf,1044073.2829327527,inf,2193,inf,147,inf
fotovoltaica,2026-04-01,B5_hp_suave,112320,0,0.26006944444444446,0.8730768937501256,0.07167208616166632,0.3102918974969996,26189,8619,3022,74490,0.752384509308205,0.8965458217794666,0.8181633577531671,0.8963586182336183,13.128135985451639,0.7061536091336329,0.540629767819855,-0.10768427817105719,1044073.2829327527,931643.0051024533,2193,0.5181681548116429,147,23451.569293726196
fotovoltaica,2026-04-01,C_gru64_k28_s0,112320,0,0.26006944444444446,0.8861096128204534,0.06904113758537132,0.4012,25772,7715,3439,75394,0.7696120882730612,0.8822703775974804,0.8220995885036205,0.9006944444444445,13.415782082384801,0.7216258993146345,0.5332329487252772,-0.04790065618368422,1044073.2829327527,994061.4875764205,2193,0.5024857749430186,147,32102.33498621684
fotovoltaica,2026-04-01,C_gru32_k14_s0,112320,0,0.26006944444444446,0.8800587108175184,0.07192738248894844,0.3938,25118,6929,4093,76180,0.7837863138515305,0.8598815514703365,0.8200724803290999,0.9018696581196581,13.487875184587327,0.7255037388167823,0.5417715436685863,-0.06500212267576455,1044073.2829327527,976206.3033130697,2193,0.5099972434310622,147,33174.73077618904
fotovoltaica,agregado,historico,428976,0,0.20713746223564955,0.7087118007656923,0.0884887640974313,0.3043,76314,49940,12543,290179,0.6044481758993775,0.8588406090685033,0.7095313582290074,0.8543438327552124,13.821574569303547,0.9927090687839005,0.8267485664118334,-0.050359918642035595,2986335.0496560484,2835943.4595175106,7057,0.6601202005023616,1880,497608.1211082621
fotovoltaica,agregado,servido,428976,0,0.20713746223564955,0.7887279859293224,0.07941003825462473,0.32354527415640666,73555,38345,15302,301774,0.6573279714030384,0.8277907199207716,0.7327764411701709,0.8749417216813994,12.286815070718484,0.8824778020777662,0.7061385117078152,-0.05830194784510301,2986335.0496560484,2812225.8993429984,7057,0.592206507611988,1880,340239.131451512
fotovoltaica,agregado,B0_original,428976,0,0.20713746223564955,0.7887279859293224,0.07941003825462473,0.32354527415640666,73555,38345,15302,301774,0.6573279714030384,0.8277907199207716,0.7327764411701709,0.8749417216813994,12.286815070718484,0.8824778020777662,0.7061385117078152,-0.05830194784510301,2986335.0496560484,2812225.8993429984,7057,0.592206507611988,1880,340239.131451512
fotovoltaica,agregado,B1_mudanca,428976,0,0.20713746223564955,0.7906415355285872,0.07919475796725624,0.28848043860606487,74704,40254,14153,299865,0.6498373318951269,0.8407216088771847,0.7330569388906607,0.873170060795942,2.1504370438355132e+135,1.5445116940623099e+134,1.5445117197440728e+134,1.5445116940623099e+134,2986335.0496560484,4.612429406581916e+140,7057,0.5950977127037581,1880,4.612429406581916e+140
fotovoltaica,agregado,B2_janela180,428976,0,0.20713746223564955,0.7672427969616512,0.08358654223978122,0.2766,74044,41636,14813,298483,0.6400760719225449,0.8332939442024826,0.7240157037601999,0.868409887732647,12.279396800466309,0.8819449985164136,0.7172981482900364,-0.15135972810739406,2986335.0496560484,2534324.188502528,7057,0.6234013562968395,1880,280407.12046666513
fotovoltaica,agregado,B3_recencia60,428976,0,0.20713746223564955,0.7803638335059628,0.08151887954858694,0.2901942709685902,73801,40222,15056,299897,0.6472466081404629,0.830559213117706,0.7275335173501577,0.871139644175898,3.285321919791148e+279,2.3596217980073042e+278,2.3596218372425188e+278,2.3596217980073042e+278,2986335.0496560484,7.046621279321638e+284,7057,1.7082440576593407e+278,1880,1.9452322613915288e+284
fotovoltaica,agregado,B4_hp_rapido,428976,0,0.20713746223564955,0.7716037688833829,0.08231780534484431,0.2674977866630744,74409,41066,14448,299053,0.644373240961247,0.8374016678483406,0.7283147035217196,0.8705894968483086,inf,inf,inf,inf,2986335.0496560484,inf,7057,inf,1880,inf
fotovoltaica,agregado,B5_hp_suave,428976,0,0.20713746223564955,0.7918225910022368,0.0789149795764912,0.3102918974969996,74046,38629,14811,301490,0.6571644109163524,0.8333164522772545,0.7348311930611516,0.8754242661594122,12.212639352607786,0.8771502681066667,0.7036730519606904,-0.07147010375283058,2986335.0496560484,2772901.373816416,7057,0.5974704285088386,1880,317156.61150608584
fotovoltaica,agregado,C_gru64_k28_s0,428976,0,0.20713746223564955,0.7944242108534485,0.07728314494742881,0.4012,73333,36473,15524,303646,0.6678414658579677,0.825292323621099,0.7382653035542602,0.8787880907090373,13.890931042879435,0.9976904694161097,0.7789185798175202,0.1785997455795061,2986335.0496560484,3519693.72973978,7057,0.6032465028249103,1880,524615.6720457257
fotovoltaica,agregado,C_gru32_k14_s0,428976,0,0.20713746223564955,0.7852624794158275,0.07884080378237608,0.3938,72951,36826,15906,303293,0.6645381090756716,0.8209932813396806,0.7345268181680881,0.8770747081421805,13.57480517283084,0.9749853125976233,0.7681314019005717,0.14183824791494937,2986335.0496560484,3409911.5807862654,7057,0.6081288693662716,1880,477821.1629958188
