fonte,candidato,ap,brier,f1,wape,wape_diario,vies,mae_mwmed
eolica,B4_hp_rapido,0.7375740224369282,0.12619373406079354,0.681247087452353,1.1804065265213681,0.9400086434117765,-0.02388786831383663,12.295635897011092
eolica,B2_janela180,0.745967084832938,0.1307847342788596,0.6828751232375988,1.1932903474534617,0.9540427499863215,-0.01169994862472315,12.184699030469137
eolica,B1_mudanca,0.7491103678198119,0.12292574415978057,0.6965847396804407,1.2319490790311738,0.9658234252841548,0.07950690540296657,12.680286428957546
eolica,B5_hp_suave,0.7489543156702837,0.12271482150118877,0.6925043769629341,1.2606356887892938,0.9934726889987191,0.10832454349396956,12.866431320810534
eolica,B0_original,0.7501599541889092,0.12347292526642178,0.6892832489650557,1.2611203719043953,0.9956476263866266,0.1105265432374567,12.773630119194756
eolica,B3_recencia60,0.7535650177005158,0.12703118028534122,0.682821878047821,1.2489808094613877,1.0033037461340812,0.056597597394562715,12.69175886082805
eolica,C_gru32_k14_s0,0.7487599832130573,0.12072514190696891,0.690154074789898,1.4469956213723143,1.152311542855418,0.3223304671634901,14.283873282536222
eolica,C_gru64_k28_s0,0.7487993944478901,0.12083980331833676,0.6937830087168905,1.4789404179634902,1.1576925752449054,0.4289405046747653,14.552167912549313
eolica,servido,0.7501599541889092,0.12347292526642178,0.6892832489650557,1.506239920494365,1.2376137254119088,0.37367985711858276,14.036724210134972
eolica,historico,0.6737901327189795,0.1331859103243006,0.6801002657903727,1.506239920494365,1.2376137254119088,0.37367985711858276,14.036724210134972
fotovoltaica,B5_hp_suave,0.7658872059973335,0.0788012929085142,0.7132271528137222,0.9590314527966317,0.7793254049157955,-0.006207589236596062,12.133029676527624
fotovoltaica,B0_original,0.7649054202412119,0.07930468044350512,0.711991014131439,0.973256786826254,0.7905430741690752,0.0183144130647942,12.218492768533203
fotovoltaica,servido,0.7649054202412119,0.07930468044350512,0.711991014131439,0.973256786826254,0.7905430904652213,0.0183144130647942,12.218492768533203
fotovoltaica,B2_janela180,0.7564697420557572,0.08345886122698187,0.704591772025052,0.966587442388197,0.7956369128700809,-0.06974521517298418,12.203572302320193
fotovoltaica,C_gru32_k14_s0,0.758431501467664,0.07872652726248158,0.709581765121475,1.1054053635758474,0.8913473511672815,0.2693881556777855,13.525523998610172
fotovoltaica,C_gru64_k28_s0,0.761489299990619,0.07725518745804133,0.7141392749737661,1.1365378216657849,0.9131039303013566,0.32501785313934706,13.856956731721633
fotovoltaica,historico,0.6767719096748468,0.08850081464977153,0.6892282212239128,1.1031963621915768,0.927893332610173,0.04470425296879535,13.757089211376938
fotovoltaica,B1_mudanca,0.766470613276508,0.07906103563838637,0.7124403183533781,1.3361302305345978e+134,1.336130121680782e+134,1.3361302305345978e+134,2.0515004121219024e+135
fotovoltaica,B3_recencia60,0.761744952592121,0.08140880413162961,0.7069445498150826,5.221784138802435e+278,5.221784004840163e+278,5.221784138802435e+278,3.594628060378733e+279
fotovoltaica,B4_hp_rapido,0.7498077033587264,0.08210565204484113,0.7087776414510809,inf,inf,inf,inf
