fonte,mes,variante,ap,ap_idade_2,n_idade_2,ap_idade_3,n_idade_3,ap_idade_4_7,n_idade_4_7
fotovoltaica,2026-01-01,historico,0.6816028688815114,,,,,,
fotovoltaica,2026-01-01,B0_s0,0.7784662166312946,0.7410795680092295,68592,0.8869336697189524,20544,0.619087100311132,17088
fotovoltaica,2026-01-01,B0_s1,0.7845431786244992,0.7427451448858611,68592,0.8956878291838828,20544,0.6439849256436261,17088
fotovoltaica,2026-01-01,B0_s2,0.7789524668195711,0.744964753723195,68592,0.8838210700716487,20544,0.6244211502569649,17088
fotovoltaica,2026-01-01,B1,0.7682746623168288,0.7402633130999307,68592,0.8798264751212492,20544,0.5625263822654997,17088
fotovoltaica,2026-01-01,B2,0.7730455820648958,0.7347070246459941,68592,0.8826760159364871,20544,0.6329507692852033,17088
fotovoltaica,2026-02-01,historico,0.4644409832280074,,,,,,
fotovoltaica,2026-02-01,B0_s0,0.6113831890401685,0.43553084109567386,59568,0.8469360580646946,13968,0.4826044424390965,24480
fotovoltaica,2026-02-01,B0_s1,0.6049998616895119,0.4202302905843485,59568,0.847783291336812,13968,0.46617208079590977,24480
fotovoltaica,2026-02-01,B0_s2,0.6058486975544733,0.434634123704136,59568,0.8456362396803795,13968,0.4571432883321713,24480
fotovoltaica,2026-02-01,B1,0.5734631595609148,0.37009181493737847,59568,0.8465639966487237,13968,0.42210841001157945,24480
fotovoltaica,2026-02-01,B2,0.5770668265322164,0.42060562294695036,59568,0.8144707910993944,13968,0.40600148802147773,24480
fotovoltaica,2026-03-01,historico,0.7301329788663726,,,,,,
fotovoltaica,2026-03-01,B0_s0,0.7945428803121645,0.713293039554434,76224,0.9464637002801651,18096,0.7438258826910104,18096
fotovoltaica,2026-03-01,B0_s1,0.7988039680548263,0.7225759702584512,76224,0.9454950365257975,18096,0.7421896546493243,18096
fotovoltaica,2026-03-01,B0_s2,0.7998640814697654,0.7234522729370353,76224,0.9480829894436639,18096,0.7486525575575611,18096
fotovoltaica,2026-03-01,B1,0.7819539753304111,0.6815753016821596,76224,0.9501181396912317,18096,0.7132533445583911,18096
fotovoltaica,2026-03-01,B2,0.7784978580491679,0.6755407206904174,76224,0.9559561937155736,18096,0.6918892818652838,18096
fotovoltaica,2026-04-01,historico,0.8309108077234955,,,,,,
fotovoltaica,2026-04-01,B0_s0,0.8752293949812199,0.845002028517641,67392,0.9457513161225742,18720,0.864619885358139,26208
fotovoltaica,2026-04-01,B0_s1,0.8774081781538186,0.8461911158197677,67392,0.9467483169542693,18720,0.8698570156448647,26208
fotovoltaica,2026-04-01,B0_s2,0.8763865537506939,0.8442480190619566,67392,0.9477686632695611,18720,0.8692215758524472,26208
fotovoltaica,2026-04-01,B1,0.8852375990706896,0.8667487517948024,67392,0.9351121889722845,18720,0.8820006848849343,26208
fotovoltaica,2026-04-01,B2,0.8870434147802002,0.8707928418866111,67392,0.9346747687316131,18720,0.8849465190668313,26208
fotovoltaica,2026-05-01,historico,0.8346425552542809,,,,,,
fotovoltaica,2026-05-01,B0_s0,0.8702503172906615,0.8184791519686344,78624,0.9537540370567741,18720,0.9102083216390784,18720
fotovoltaica,2026-05-01,B0_s1,0.8747129795261602,0.8243316142203512,78624,0.9578836340992843,18720,0.9069156969072805,18720
fotovoltaica,2026-05-01,B0_s2,0.8701995697803776,0.8125978162104616,78624,0.9592143688498693,18720,0.9094753850927323,18720
fotovoltaica,2026-05-01,B1,0.8813299670591138,0.8411736790464863,78624,0.9439728147751641,18720,0.9173887480112742,18720
fotovoltaica,2026-05-01,B2,0.8768759516120052,0.8335107773508632,78624,0.9464109725557633,18720,0.9147330507934401,18720
fotovoltaica,2026-06-01,historico,0.7005121072373945,,,,,,
fotovoltaica,2026-06-01,B0_s0,0.759414215046423,0.5764472648833452,71952,0.9536741261105351,15120,0.8827786920305836,26352
fotovoltaica,2026-06-01,B0_s1,0.7637287598673437,0.5835258573998523,71952,0.9547097207006281,15120,0.8865610743439883,26352
fotovoltaica,2026-06-01,B0_s2,0.7624313777115436,0.5843030422976506,71952,0.9541083070125047,15120,0.8852173094417561,26352
fotovoltaica,2026-06-01,B1,0.7769066760416876,0.6329090772652866,71952,0.9510332228072969,15120,0.8845502794060268,26352
fotovoltaica,2026-06-01,B2,0.7744813901253523,0.6063432006376284,71952,0.9555965297267319,15120,0.8910413785603151,26352
fotovoltaica,2026-07-01,historico,0.8645219039625055,,,,,,
fotovoltaica,2026-07-01,B0_s0,0.9044363290732832,0.8873133377442353,88320,0.98621788899035,15360,0.7847185371434798,15360
fotovoltaica,2026-07-01,B0_s1,0.9060396365379066,0.8901722914161119,88320,0.9859362470804616,15360,0.7984127354016988,15360
fotovoltaica,2026-07-01,B0_s2,0.9054825154263344,0.8884515633363739,88320,0.986202537244113,15360,0.7880245773580997,15360
fotovoltaica,2026-07-01,B1,0.9069146241516582,0.8867146164189524,88320,0.9836715919652494,15360,0.7751315407433663,15360
fotovoltaica,2026-07-01,B2,0.9046088572050519,0.8871613294192096,88320,0.9811792682664395,15360,0.7493829930413825,15360
fotovoltaica,2026-08-01,historico,0.8663672749652754,,,,,,
fotovoltaica,2026-08-01,B0_s0,0.9077125155751432,0.8781696424031596,82128,0.9823296978846977,19536,0.8582448250104173,19536
fotovoltaica,2026-08-01,B0_s1,0.9080395563191652,0.8790526860318132,82128,0.9823512489554238,19536,0.8557940578375015,19536
fotovoltaica,2026-08-01,B0_s2,0.9095721240750199,0.8813223474314412,82128,0.9827534412666603,19536,0.8593919341496785,19536
fotovoltaica,2026-08-01,B1,0.9017581829030513,0.8670705351078271,82128,0.982816157156293,19536,0.8442968868984944,19536
fotovoltaica,2026-08-01,B2,0.9053161095810738,0.8742460584884434,82128,0.9815094261833608,19536,0.8412165742611252,19536
