fonte,mes,variante,subconjunto,macro_f1,f1_rel,f1_cnf,f1_ene,acuracia,taxa_troca,acuracia_troca,n
eolica,2026-01-01,moda,principal,0.5380508816958797,0.5403302420266908,0.4502143413873733,0.6236080616735751,0.5560305739085374,0.425098242432094,0.0,92628
eolica,2026-01-01,moda,v1,0.5402402837593819,0.5221455035365443,0.47657464599352917,0.6220007017480724,0.5601745031507513,0.42160930683470677,0.0,103150
eolica,2026-01-01,hgb_v1,principal,0.5855763337280298,0.41779605570614076,0.6558152807171902,0.6831176647607583,0.6400764347713435,0.425098242432094,0.40219930922389274,92628
eolica,2026-01-01,hgb_v1,v1,0.5860409671924627,0.40511265164644716,0.6717617577024259,0.681248492228515,0.6459331071255453,0.42160930683470677,0.40541286302283336,103150
eolica,2026-01-01,C1_s0,principal,0.43359477969733967,0.04335187057633974,0.5681406419851811,0.6892918265304981,0.5817787278144837,0.425098242432094,0.30622714343762697,92628
eolica,2026-01-01,C1_s0,v1,0.4408592261702105,0.04415629928158402,0.5889925128070406,0.6894288664220071,0.5914008725157538,0.42160930683470677,0.3130216836441399,103150
eolica,2026-01-01,C2_s0,principal,0.5737595557012684,0.46217032015438664,0.5928348711422208,0.6662734758071978,0.6128600423198169,0.425098242432094,0.3109254368143031,92628
eolica,2026-01-01,C2_s0,v1,0.5745363257447694,0.4471522200683098,0.6100152420368702,0.666441515129128,0.6188269510421716,0.42160930683470677,0.3156890248108717,103150
eolica,2026-01-01,C1_s1,principal,0.43565316606705845,0.04147640791476408,0.5788281948031284,0.6866548954832831,0.5841862071943689,0.425098242432094,0.3300233644859813,92628
eolica,2026-01-01,C1_s1,v1,0.4429759257329267,0.041082223135160516,0.6004243736202499,0.6874211804433698,0.5946873485215706,0.42160930683470677,0.3382464531260779,103150
eolica,2026-01-01,C2_s1,principal,0.5815904497216887,0.46258099619132415,0.6032654819055823,0.6789248710681597,0.6230729369089261,0.425098242432094,0.32453778951645673,92628
eolica,2026-01-01,C2_s1,v1,0.582067788591114,0.4477859778597786,0.6200013278155222,0.6784160600980413,0.6285894328647601,0.42160930683470677,0.33019844098507667,103150
eolica,2026-01-01,C1_s2,principal,0.46963781014271505,0.09472126295017266,0.6057507203727546,0.7084414471052181,0.6095133221056268,0.425098242432094,0.34980698902885005,92628
eolica,2026-01-01,C1_s2,v1,0.4755975630277045,0.09186471663619744,0.6257435523009857,0.7091844201459304,0.6191371788657295,0.42160930683470677,0.3574926993032721,103150
eolica,2026-01-01,C2_s2,principal,0.5744085449401668,0.4660414610069102,0.5993236690951588,0.6578605047184315,0.6114673748758475,0.425098242432094,0.3204744006501422,92628
eolica,2026-01-01,C2_s2,v1,0.574676064192424,0.45168415240198784,0.6152675241647005,0.6570765160105837,0.6168007755695589,0.42160930683470677,0.3241279403987215,103150
eolica,2026-02-01,moda,principal,0.5802021125926665,0.4990704399917372,0.38867227580545866,0.8528636219808037,0.7519914857935305,0.24704099074402555,0.0,31007
eolica,2026-02-01,moda,v1,0.5798163290088453,0.4781319495922906,0.41480104756272707,0.8465159898715183,0.745628701788194,0.2532944143735653,0.0,35287
eolica,2026-02-01,hgb_v1,principal,0.5338900940878132,0.414198697752573,0.35792487788445343,0.829546706626413,0.7073564033927823,0.24704099074402555,0.45026109660574415,31007
eolica,2026-02-01,hgb_v1,v1,0.5375542306664096,0.40347563279183984,0.3824034334763948,0.8267836257309942,0.7070025788534021,0.2532944143735653,0.454240322219736,35287
eolica,2026-02-01,C1_s0,principal,0.6270768035735669,0.3384529461044401,0.6105583756345178,0.9322190889817425,0.8468410358951205,0.24704099074402555,0.5851174934725849,31007
eolica,2026-02-01,C1_s0,v1,0.6277445790399431,0.3284275755228505,0.6259349525170183,0.9288712090799606,0.8448437101482132,0.2532944143735653,0.5853658536585366,35287
eolica,2026-02-01,C2_s0,principal,0.6232733711509056,0.4690909090909091,0.5147255689424364,0.8860036354193715,0.7885638726739124,0.24704099074402555,0.5539164490861619,31007
eolica,2026-02-01,C2_s0,v1,0.625503146076257,0.4654388902176513,0.5301154249737671,0.8809551230373527,0.785275030464477,0.2532944143735653,0.5543745804430521,35287
eolica,2026-02-01,C1_s1,principal,0.5708351416251585,0.17220172201722017,0.6065591057682168,0.9337445970900383,0.8437772115973813,0.24704099074402555,0.5809399477806788,31007
eolica,2026-02-01,C1_s1,v1,0.5727304057399129,0.1633115962574426,0.623592071946215,0.9312875490160809,0.8429733329554794,0.2532944143735653,0.5837995077198478,35287
eolica,2026-02-01,C2_s1,principal,0.6287595053324235,0.4710765239948119,0.5233339073531944,0.8918680846492641,0.7966910697584416,0.24704099074402555,0.5746736292428198,31007
eolica,2026-02-01,C2_s1,v1,0.6299530657736939,0.46763792691664674,0.5362776025236593,0.8859436678807757,0.7920197239776688,0.2532944143735653,0.5741776683821884,35287
eolica,2026-02-01,C1_s2,principal,0.5638787898045364,0.23508564678086238,0.5451062665328833,0.9114444560998637,0.8097526365014351,0.24704099074402555,0.5630548302872063,31007
eolica,2026-02-01,C1_s2,v1,0.5681499358069565,0.23510292524377033,0.5621342251273087,0.9072126570497906,0.8077195567772835,0.2532944143735653,0.5625419556947863,35287
eolica,2026-02-01,C2_s2,principal,0.6608992898543232,0.470954356846473,0.5922292748605501,0.9195142378559464,0.8367465411036218,0.24704099074402555,0.5913838120104439,31007
eolica,2026-02-01,C2_s2,v1,0.662975748128066,0.46752626552053483,0.6060170776474344,0.9153839012162288,0.8338764984271828,0.2532944143735653,0.5899530096218394,35287
eolica,2026-03-01,moda,principal,0.37933802984277554,0.11191831926173179,0.10947741364038972,0.9166183566262052,0.8460173822466717,0.14799322938706422,0.0,61442
eolica,2026-03-01,moda,v1,0.38181274488772016,0.10389153019897869,0.12731619844590555,0.9142305060182763,0.8418178357564311,0.1502613431721351,0.0,68301
eolica,2026-03-01,hgb_v1,principal,0.36971107342898657,0.08632800570090604,0.15663240332843856,0.8661728112576151,0.7566485465967905,0.14799322938706422,0.10975475640602661,61442
eolica,2026-03-01,hgb_v1,v1,0.3721197644744246,0.08111762054979721,0.17159826068512038,0.863643412188356,0.7523169499714499,0.1502613431721351,0.12023774724739356,68301
eolica,2026-03-01,C1_s0,principal,0.4552099358223216,0.12976505367978838,0.37819992423012394,0.8576648295570525,0.7475017089287458,0.14799322938706422,0.3975585615308479,61442
eolica,2026-03-01,C1_s0,v1,0.45253434037841195,0.12141976154584076,0.3807533368166057,0.8554299227727894,0.7430637911597194,0.1502613431721351,0.39442658092175775,68301
eolica,2026-03-01,C2_s0,principal,0.4567870017346091,0.1349646339132097,0.3724791145639334,0.8629172567266842,0.7569252302984929,0.14799322938706422,0.3976685362366656,61442
eolica,2026-03-01,C2_s0,v1,0.4565642179852751,0.12835871983570085,0.37957700549706513,0.8617569286230591,0.7546155986003134,0.1502613431721351,0.4008574490889603,68301
eolica,2026-03-01,C1_s1,principal,0.46148462841965393,0.11953862285914016,0.39689454870420016,0.8680207136956215,0.764525894339377,0.14799322938706422,0.4017376003519191,61442
eolica,2026-03-01,C1_s1,v1,0.4588122428489178,0.11143695014662756,0.399609375,0.8653904034001259,0.759798538820808,0.1502613431721351,0.39773945240183184,68301
eolica,2026-03-01,C2_s1,principal,0.4588726828083292,0.13386880856760375,0.3728642653072657,0.8698849745501183,0.7663650271801048,0.14799322938706422,0.37952270977675134,61442
eolica,2026-03-01,C2_s1,v1,0.45894391281333674,0.12737544940934772,0.38070991432068546,0.8687463747099768,0.7640737324490124,0.1502613431721351,0.3837084673097535,68301
eolica,2026-03-01,C1_s2,principal,0.4525846225119628,0.11195928753180662,0.3779307257568127,0.8678638542472692,0.7627681390579734,0.14799322938706422,0.3851314197734521,61442
eolica,2026-03-01,C1_s2,v1,0.4505672434701136,0.10555196901226598,0.38052317037327327,0.8656265910248018,0.7586565350434108,0.1502613431721351,0.382246906362662,68301
eolica,2026-03-01,C2_s2,principal,0.45678135005612847,0.13389441469013008,0.3597375774510995,0.8767120580271558,0.7758536505973113,0.14799322938706422,0.341581436269658,61442
eolica,2026-03-01,C2_s2,v1,0.4578138120143313,0.1273972602739726,0.37026855572002537,0.8757756200489959,0.7737807645568879,0.1502613431721351,0.3497028159407581,68301
eolica,2026-04-01,moda,principal,0.6811818370426109,0.47172957404881005,0.623921085080148,0.9478948519988748,0.8906491142446347,0.06520161981770456,0.0,75811
eolica,2026-04-01,moda,v1,0.6782493212083919,0.4685714285714286,0.6183747496074928,0.9478017854462544,0.8905843802522279,0.06540270606870367,0.0,82703
eolica,2026-04-01,hgb_v1,principal,0.6477976191517136,0.44588217384685647,0.5669129169464965,0.9305977666617878,0.8350239411167245,0.06520161981770456,0.38316811652842403,75811
eolica,2026-04-01,hgb_v1,v1,0.6351900068581943,0.4234487487144326,0.5564157469939055,0.9257055248662447,0.8272009479704485,0.06540270606870367,0.389351081530782,82703
eolica,2026-04-01,C1_s0,principal,0.7525736179548925,0.5710846274226556,0.7235139605019943,0.9631222659400278,0.9091556634261518,0.06520161981770456,0.19987861622496458,75811
eolica,2026-04-01,C1_s0,v1,0.7443250589799236,0.560242996962538,0.7125176803394625,0.9602144996377705,0.9048402113587173,0.06540270606870367,0.21833980403031983,82703
eolica,2026-04-01,C2_s0,principal,0.7630202740320701,0.5800025539522411,0.7449148418491485,0.9641434262948207,0.9145902309691206,0.06520161981770456,0.16690269067367994,75811
eolica,2026-04-01,C2_s0,v1,0.755281484610509,0.5709828393135725,0.7333274445720342,0.9615341699459202,0.9106199291440455,0.06540270606870367,0.18487705675725644,82703
eolica,2026-04-01,C1_s1,principal,0.7540957821087896,0.5746458409008355,0.7246223419609352,0.9630191634645978,0.9091820448219915,0.06520161981770456,0.2176815698968238,75811
eolica,2026-04-01,C1_s1,v1,0.7466879349289656,0.5652124645892351,0.7145169050430827,0.9603344351545791,0.9052755039115873,0.06540270606870367,0.23812164910334627,82703
eolica,2026-04-01,C2_s1,principal,0.7628795548631769,0.5786502437772646,0.7451660882498761,0.9648223325623898,0.9157510123860654,0.06520161981770456,0.18065951851102569,75811
eolica,2026-04-01,C2_s1,v1,0.756047889772414,0.5707735006636901,0.7347453808021631,0.9626247878513885,0.912421556654535,0.06540270606870367,0.20244037714919577,82703
eolica,2026-04-01,C1_s2,principal,0.7459310543289478,0.572901325478645,0.7049003516998827,0.9599914858083161,0.9033121842476686,0.06520161981770456,0.21363544406231033,75811
eolica,2026-04-01,C1_s2,v1,0.7381165002023566,0.563276576161988,0.6938392666808783,0.9572336577642035,0.8991814081714086,0.06540270606870367,0.23220558328711408,82703
eolica,2026-04-01,C2_s2,principal,0.7673625773417405,0.5887107287185503,0.7466065614825945,0.9667704418240769,0.9186529659284273,0.06520161981770456,0.14181671049969655,75811
eolica,2026-04-01,C2_s2,v1,0.7622775489902266,0.581549815498155,0.7397961515608574,0.9654866799116671,0.916762390723432,0.06540270606870367,0.16139767054908485,82703
eolica,2026-05-01,moda,principal,0.7648870324022558,0.609105981379926,0.742246437552389,0.9433086782744522,0.8884091623733159,0.10480613404929492,0.0,82686
eolica,2026-05-01,moda,v1,0.7651722774383755,0.6039015106458904,0.7485526376731045,0.9430626839961312,0.8880656699175794,0.10494745962277564,0.0,90026
eolica,2026-05-01,hgb_v1,principal,0.746180617993698,0.61685953614487,0.6885295299316995,0.9331527879045246,0.8641970829402801,0.10480613404929492,0.23851834756519733,82686
eolica,2026-05-01,hgb_v1,v1,0.7424951436495807,0.6029562809806636,0.6937867188890867,0.9307424310789919,0.8604069935352009,0.10494745962277564,0.2323243014394581,90026
eolica,2026-05-01,C1_s0,principal,0.7369998652022197,0.5506320691949435,0.7134428164027928,0.9469247100089228,0.8821928742471519,0.10480613404929492,0.1217401338564505,82686
eolica,2026-05-01,C1_s0,v1,0.7368906098375462,0.5439273270283723,0.719650655021834,0.9470938474624326,0.8821784817719326,0.10494745962277564,0.13135055038103302,90026
eolica,2026-05-01,C2_s0,principal,0.7481741497744353,0.5799728137743543,0.7212590799031477,0.9432905556458039,0.8816244587959268,0.10480613404929492,0.13431802446342025,82686
eolica,2026-05-01,C2_s0,v1,0.7478911182487101,0.5731448334445726,0.7270233196159122,0.9435052016856457,0.8815564392508831,0.10494745962277564,0.1443691786621507,90026
eolica,2026-05-01,C1_s1,principal,0.7475917751152251,0.573537163943068,0.7226386806596702,0.946599480742937,0.8852647364729217,0.10480613404929492,0.12058619893837988,82686
eolica,2026-05-01,C1_s1,v1,0.7463763276322363,0.5654430849091583,0.7269910133250698,0.9466948846624812,0.8848665940950392,0.10494745962277564,0.13039796782387808,90026
eolica,2026-05-01,C2_s1,principal,0.7564407552001389,0.59054805401112,0.7302718266556049,0.9485023849336919,0.8887598868006675,0.10480613404929492,0.14078006000461574,82686
eolica,2026-05-01,C2_s1,v1,0.7555987089024777,0.5840729936068525,0.7342853444928599,0.9484377886077209,0.8882656121564881,0.10494745962277564,0.15114309906858595,90026
eolica,2026-05-01,C1_s2,principal,0.7476311138569337,0.5771550885386262,0.7184621545855026,0.9472760984466722,0.8851317030694434,0.10480613404929492,0.12797138241403186,82686
eolica,2026-05-01,C1_s2,v1,0.7469562738607977,0.5694545454545454,0.724127223528368,0.9472870525994794,0.8847221913669384,0.10494745962277564,0.1397121083827265,90026
eolica,2026-05-01,C2_s2,principal,0.7543014277502778,0.5892088712346905,0.7263091359945544,0.9473862760215883,0.8871755799046998,0.10480613404929492,0.143087929840757,82686
eolica,2026-05-01,C2_s2,v1,0.7538532311748999,0.5829245575908103,0.7311365396197195,0.9474985963141698,0.8869548797014196,0.10494745962277564,0.15463590177815412,90026
eolica,2026-06-01,moda,principal,0.6881550858969309,0.4058840063712171,0.7768704215203555,0.8817108297992199,0.8196343724649438,0.17697589523699153,0.0,69032
eolica,2026-06-01,moda,v1,0.6847726640288108,0.3923137118511434,0.7820019496177723,0.8800023306175165,0.8185585820409227,0.17784438941743777,0.0,76730
eolica,2026-06-01,hgb_v1,principal,0.7323429595030753,0.5386866791744841,0.7874410298781951,0.8709011694565466,0.8161577239541082,0.17697589523699153,0.36858475894245724,69032
eolica,2026-06-01,hgb_v1,v1,0.725238218517278,0.5169756300770673,0.7909297886530369,0.8678092368217297,0.8130978756679265,0.17784438941743777,0.36296350578924225,76730
eolica,2026-06-01,C1_s0,principal,0.7051128777307021,0.4336229541321479,0.7969245216574715,0.8847911574024869,0.8307596476996175,0.17697589523699153,0.18212327085209135,69032
eolica,2026-06-01,C1_s0,v1,0.7012754601980832,0.4212694252012732,0.8000201085863664,0.88253684680661,0.8290368825752639,0.17784438941743777,0.19265718891983,76730
eolica,2026-06-01,C2_s0,principal,0.7095078614535902,0.4350669901888385,0.806942805330877,0.8865137888410554,0.835496581295631,0.17697589523699153,0.18400589342719162,69032
eolica,2026-06-01,C2_s0,v1,0.7075504290925533,0.4264953040039545,0.8112428072591354,0.8849131760145696,0.8351752899778444,0.17784438941743777,0.19764033416385754,76730
eolica,2026-06-01,C1_s1,principal,0.7007929966834413,0.4193681602312616,0.7985401036989833,0.8844707261200788,0.8303540387066868,0.17697589523699153,0.19726610460833266,69032
eolica,2026-06-01,C1_s1,v1,0.6977894265423376,0.4092907665838272,0.8016896508883091,0.8823878621548763,0.828971719014727,0.17784438941743777,0.20775318774732524,76730
eolica,2026-06-01,C2_s1,principal,0.7056840163999522,0.42612488033187956,0.8041273172437915,0.8867998516241853,0.8348881678062348,0.17697589523699153,0.16558893345338463,69032
eolica,2026-06-01,C2_s1,v1,0.7034333337250446,0.4175232012773176,0.8077076478213182,0.885069152076498,0.8343151309787566,0.17784438941743777,0.1767550930675656,76730
eolica,2026-06-01,C1_s2,principal,0.6963299043889175,0.40428211586901763,0.7987171043211821,0.8859904929765529,0.8306727314868467,0.17697589523699153,0.20774330850454284,69032
eolica,2026-06-01,C1_s2,v1,0.6933472615187393,0.393807450411224,0.8022023941203943,0.8840319400245993,0.8293236022416265,0.17784438941743777,0.21698666275831746,76730
eolica,2026-06-01,C2_s2,principal,0.7096129635522805,0.44192396555345514,0.801762114537445,0.8851528105659414,0.8337437710047514,0.17697589523699153,0.17197347957763773,69032
eolica,2026-06-01,C2_s2,v1,0.7068094754135005,0.4321182266009852,0.8052218286308801,0.883088371008636,0.8327772709500847,0.17784438941743777,0.18320386926571888,76730
eolica,2026-07-01,moda,principal,0.7573308312651056,0.37449118046132973,0.9320469798657718,0.9654543334682149,0.9459938595622462,0.052371991680697234,0.0,100970
eolica,2026-07-01,moda,v1,0.7449183007124663,0.3441747572815534,0.9275734245794126,0.9630067202764333,0.9421590877766853,0.05623294405189602,0.0,108833
eolica,2026-07-01,hgb_v1,principal,0.6762586481210279,0.2775492530850833,0.8532732917135741,0.8979533995644261,0.8566009705853224,0.052371991680697234,0.4177382753403933,100970
eolica,2026-07-01,hgb_v1,v1,0.6665268805291699,0.25563041385948027,0.8499417760691669,0.8940084516588628,0.8508448724192111,0.05623294405189602,0.3952614379084967,108833
eolica,2026-07-01,C1_s0,principal,0.7540631148309398,0.42218473218051455,0.8943170311417455,0.9456875811705593,0.9190749727641874,0.052371991680697234,0.4682299546142209,100970
eolica,2026-07-01,C1_s0,v1,0.7419240213970221,0.3940422322775264,0.8891947466171398,0.9425350852964001,0.9143917745536739,0.05623294405189602,0.45326797385620915,108833
eolica,2026-07-01,C2_s0,principal,0.7513016806127634,0.42458303118201596,0.8893672282212299,0.9399547824350444,0.9117955828463901,0.052371991680697234,0.46747352496217853,100970
eolica,2026-07-01,C2_s0,v1,0.7352184616590668,0.3861040609137056,0.8840399209551802,0.9355114031083146,0.905359587625077,0.05623294405189602,0.4514705882352941,108833
eolica,2026-07-01,C1_s1,principal,0.7476281807432028,0.41776315789473684,0.8850631136044881,0.9400582707303836,0.9119441418243043,0.052371991680697234,0.46728441754916794,100970
eolica,2026-07-01,C1_s1,v1,0.7368136135012593,0.3935519733185103,0.879802423905399,0.9370864432798687,0.9075188591695533,0.05623294405189602,0.4545751633986928,108833
eolica,2026-07-01,C2_s1,principal,0.7603269102331387,0.4294433142223044,0.9041100837908119,0.9474273326862996,0.9216797068436169,0.052371991680697234,0.4627458396369138,100970
eolica,2026-07-01,C2_s1,v1,0.7450764663333281,0.39315403422982886,0.8987403672664115,0.9433349975037444,0.9156781490908088,0.05623294405189602,0.4465686274509804,108833
eolica,2026-07-01,C1_s2,principal,0.7516420142763879,0.4293929712460064,0.8842223351855423,0.9413107363976148,0.9132811726255323,0.052371991680697234,0.4799546142208775,100970
eolica,2026-07-01,C1_s2,v1,0.7392433757713652,0.4,0.8794094056407654,0.9383207216733305,0.9087776685380353,0.05623294405189602,0.46486928104575165,108833
eolica,2026-07-01,C2_s2,principal,0.7596102024981453,0.4393491124260355,0.8955953740719589,0.9438861209964413,0.9169753392096662,0.052371991680697234,0.47598335854765506,100970
eolica,2026-07-01,C2_s2,v1,0.7443023700207156,0.40240728692257643,0.8906184896918384,0.939881333447732,0.911120707873531,0.05623294405189602,0.45964052287581697,108833
eolica,2026-08-01,moda,principal,0.810454524454868,0.6060606060606061,0.9012226423426158,0.9240803249613823,0.9019290726614374,0.09450389498369229,0.0,111297
eolica,2026-08-01,moda,v1,0.806756278462499,0.5937470835277648,0.901902580702944,0.9246191711567884,0.9023753981990117,0.0939373416610229,0.0,119601
eolica,2026-08-01,hgb_v1,principal,0.7852134023548928,0.550561797752809,0.9002429214288559,0.9048354878830136,0.8800506752203563,0.09450389498369229,0.336280661722761,111297
eolica,2026-08-01,hgb_v1,v1,0.7795152344812722,0.5352166934189406,0.8997486322637882,0.9035803777610882,0.8782953319788296,0.0939373416610229,0.33271028037383177,119601
eolica,2026-08-01,C1_s0,principal,0.7910045033220839,0.5820692006136015,0.8853453461139764,0.9055989632386736,0.8814343603151927,0.09450389498369229,0.3566267351207454,111297
eolica,2026-08-01,C1_s0,v1,0.7865747593418745,0.5704082460839217,0.8846596504550255,0.904656381486676,0.8803939766389913,0.0939373416610229,0.35371606586559856,119601
eolica,2026-08-01,C2_s0,principal,0.7914978287328784,0.5683954619124797,0.8958938199917047,0.9102042042944509,0.8862952280834164,0.09450389498369229,0.34417189579768015,111297
eolica,2026-08-01,C2_s0,v1,0.7860256978564176,0.5546683046683046,0.8948904232963074,0.9085183656046409,0.8845076546182724,0.0939373416610229,0.34187805963506895,119601
eolica,2026-08-01,C1_s1,principal,0.7994718723513294,0.5957882172393213,0.8915433376621706,0.911084062152496,0.8876429733056597,0.09450389498369229,0.36033466438486406,111297
eolica,2026-08-01,C1_s1,v1,0.7947562610289457,0.583299521220482,0.8908598881775807,0.9101093736887745,0.8865226879373919,0.0939373416610229,0.35683133066310635,119601
eolica,2026-08-01,C2_s1,principal,0.7918949875036304,0.5713819546418666,0.8946986578224595,0.9096043500465647,0.8858100398034089,0.09450389498369229,0.34502757178170756,111297
eolica,2026-08-01,C2_s1,v1,0.7867967658786332,0.5584958217270195,0.8937596079938509,0.9081348679150293,0.8842400983269371,0.0939373416610229,0.3413440142412105,119601
eolica,2026-08-01,C1_s2,principal,0.7924024207649767,0.5804002760524499,0.8880670801391939,0.9087399061032864,0.884408384772276,0.09450389498369229,0.34455219623502564,111297
eolica,2026-08-01,C1_s2,v1,0.7873768053152941,0.567235159068547,0.8873147211143521,0.9075805357629833,0.883111345222866,0.0939373416610229,0.3408989764129951,119601
eolica,2026-08-01,C2_s2,principal,0.7715724661412128,0.5251504569433093,0.8918531047384741,0.897713836741855,0.8731322497461746,0.09450389498369229,0.374500855675984,111297
eolica,2026-08-01,C2_s2,v1,0.7659891512073966,0.5116279069767442,0.8905433646812957,0.89579618196415,0.8710880343809835,0.0939373416610229,0.37053849577214065,119601
