nivel,fonte,mes,variante,k,ap,brier,prevalencia,n,rps,rps_historico,skill_rps
diario,eolica,2026-01-01,A0_s0,0,0.9132342989045015,0.12092855651765137,0.8304870335230866,4743,,,
diario,eolica,2026-01-01,A0_s0,1,0.7483404815006973,0.21413673156498972,0.5445920303605313,4743,,,
diario,eolica,2026-01-01,A0_s0,2,0.5593125099726228,0.17389656426833983,0.2939068100358423,4743,,,
diario,eolica,2026-01-01,A0_s1,0,0.9132342989045015,0.12092855651765137,0.8304870335230866,4743,,,
diario,eolica,2026-01-01,A0_s1,1,0.7483404815006973,0.21413673156498972,0.5445920303605313,4743,,,
diario,eolica,2026-01-01,A0_s1,2,0.5593125099726228,0.17389656426833983,0.2939068100358423,4743,,,
diario,eolica,2026-01-01,A0_s2,0,0.9132342989045015,0.12092855651765137,0.8304870335230866,4743,,,
diario,eolica,2026-01-01,A0_s2,1,0.7483404815006973,0.21413673156498972,0.5445920303605313,4743,,,
diario,eolica,2026-01-01,A0_s2,2,0.5593125099726228,0.17389656426833983,0.2939068100358423,4743,,,
diario,eolica,2026-01-01,historico,0,0.887411241863599,0.12497203797101974,0.8304870335230866,4743,,,
diario,eolica,2026-01-01,ultimo_dia,0,0.8721546394425302,0.1832173764705658,0.8304870335230866,4743,,,
diario,eolica,2026-01-01,historico,1,0.7342095535869997,0.2120627909898758,0.5445920303605313,4743,,,
diario,eolica,2026-01-01,ultimo_dia,1,0.6837550069665858,0.28652751445770264,0.5445920303605313,4743,,,
diario,eolica,2026-01-01,historico,2,0.4645596289846625,0.1947053074836731,0.2939068100358423,4743,,,
diario,eolica,2026-01-01,ultimo_dia,2,0.46404241423818415,0.24204090237617493,0.2939068100358423,4743,,,
diario,eolica,2026-01-01,A0_s0,-1,,,,,0.1696536609773088,0.17724670458279218,0.04283884218528111
diario,eolica,2026-01-01,A0_s1,-1,,,,,0.1696536609773088,0.17724670458279218,0.04283884218528111
diario,eolica,2026-01-01,A0_s2,-1,,,,,0.1696536609773088,0.17724670458279218,0.04283884218528111
diario,eolica,2026-02-01,A0_s0,0,0.7028882589746741,0.34187595838185486,0.538750587130108,4258,,,
diario,eolica,2026-02-01,A0_s0,1,0.2532149632566995,0.23001008207179946,0.1843588539220291,4258,,,
diario,eolica,2026-02-01,A0_s0,2,0.08533810031767883,0.06300930041924888,0.03757632691404415,4258,,,
diario,eolica,2026-02-01,A0_s1,0,0.7028882589746741,0.34187595838185486,0.538750587130108,4258,,,
diario,eolica,2026-02-01,A0_s1,1,0.2532149632566995,0.23001008207179946,0.1843588539220291,4258,,,
diario,eolica,2026-02-01,A0_s1,2,0.08533810031767883,0.06300930041924888,0.03757632691404415,4258,,,
diario,eolica,2026-02-01,A0_s2,0,0.7028882589746741,0.34187595838185486,0.538750587130108,4258,,,
diario,eolica,2026-02-01,A0_s2,1,0.2532149632566995,0.23001008207179946,0.1843588539220291,4258,,,
diario,eolica,2026-02-01,A0_s2,2,0.08533810031767883,0.06300930041924888,0.03757632691404415,4258,,,
diario,eolica,2026-02-01,historico,0,0.5908890948189619,0.2777217626571655,0.538750587130108,4258,,,
diario,eolica,2026-02-01,ultimo_dia,0,0.5973767203910796,0.40112727880477905,0.538750587130108,4258,,,
diario,eolica,2026-02-01,historico,1,0.2537600603438615,0.21781127154827118,0.1843588539220291,4258,,,
diario,eolica,2026-02-01,ultimo_dia,1,0.20981781997930987,0.2325035184621811,0.1843588539220291,4258,,,
diario,eolica,2026-02-01,historico,2,0.09176535849587673,0.08637463301420212,0.03757632691404415,4258,,,
diario,eolica,2026-02-01,ultimo_dia,2,0.03739747171898526,0.061296384781599045,0.03757632691404415,4258,,,
diario,eolica,2026-02-01,A0_s0,-1,,,,,0.21135353300661677,0.19396922653016613,-0.0896240439137237
diario,eolica,2026-02-01,A0_s1,-1,,,,,0.21135353300661677,0.19396922653016613,-0.0896240439137237
diario,eolica,2026-02-01,A0_s2,-1,,,,,0.21135353300661677,0.19396922653016613,-0.0896240439137237
diario,eolica,2026-03-01,A0_s0,0,0.923042475689698,0.2114367094522029,0.8295840407470289,4712,,,
diario,eolica,2026-03-01,A0_s0,1,0.3196033912254295,0.2355315530597527,0.27928692699490665,4712,,,
diario,eolica,2026-03-01,A0_s0,2,0.04616291180414829,0.04126790317175237,0.039473684210526314,4712,,,
diario,eolica,2026-03-01,A0_s1,0,0.923042475689698,0.2114367094522029,0.8295840407470289,4712,,,
diario,eolica,2026-03-01,A0_s1,1,0.3196033912254295,0.2355315530597527,0.27928692699490665,4712,,,
diario,eolica,2026-03-01,A0_s1,2,0.04616291180414829,0.04126790317175237,0.039473684210526314,4712,,,
diario,eolica,2026-03-01,A0_s2,0,0.923042475689698,0.2114367094522029,0.8295840407470289,4712,,,
diario,eolica,2026-03-01,A0_s2,1,0.3196033912254295,0.2355315530597527,0.27928692699490665,4712,,,
diario,eolica,2026-03-01,A0_s2,2,0.04616291180414829,0.04126790317175237,0.039473684210526314,4712,,,
diario,eolica,2026-03-01,historico,0,0.849957353905652,0.1463129073381424,0.8295840407470289,4712,,,
diario,eolica,2026-03-01,ultimo_dia,0,0.8643122613024835,0.2565789520740509,0.8295840407470289,4712,,,
diario,eolica,2026-03-01,historico,1,0.36993264319959474,0.19699668884277344,0.27928692699490665,4712,,,
diario,eolica,2026-03-01,ultimo_dia,1,0.34536205754372906,0.3068760633468628,0.27928692699490665,4712,,,
diario,eolica,2026-03-01,historico,2,0.05911745141606454,0.03867919743061066,0.039473684210526314,4712,,,
diario,eolica,2026-03-01,ultimo_dia,2,0.056088875242326815,0.05135823413729668,0.039473684210526314,4712,,,
diario,eolica,2026-03-01,A0_s0,-1,,,,,0.16252000386226043,0.12732960662626103,-0.27637246488391787
diario,eolica,2026-03-01,A0_s1,-1,,,,,0.16252000386226043,0.12732960662626103,-0.27637246488391787
diario,eolica,2026-03-01,A0_s2,-1,,,,,0.16252000386226043,0.12732960662626103,-0.27637246488391787
diario,eolica,2026-04-01,A0_s0,0,0.9910398406973551,0.04872932658581765,0.9109649122807018,4560,,,
diario,eolica,2026-04-01,A0_s0,1,0.5037022861186349,0.2449200568406804,0.42850877192982456,4560,,,
diario,eolica,2026-04-01,A0_s0,2,0.12747155300075308,0.11613342910981565,0.11052631578947368,4560,,,
diario,eolica,2026-04-01,A0_s1,0,0.9910398406973551,0.04872932658581765,0.9109649122807018,4560,,,
diario,eolica,2026-04-01,A0_s1,1,0.5037022861186349,0.2449200568406804,0.42850877192982456,4560,,,
diario,eolica,2026-04-01,A0_s1,2,0.12747155300075308,0.11613342910981565,0.11052631578947368,4560,,,
diario,eolica,2026-04-01,A0_s2,0,0.9910398406973551,0.04872932658581765,0.9109649122807018,4560,,,
diario,eolica,2026-04-01,A0_s2,1,0.5037022861186349,0.2449200568406804,0.42850877192982456,4560,,,
diario,eolica,2026-04-01,A0_s2,2,0.12747155300075308,0.11613342910981565,0.11052631578947368,4560,,,
diario,eolica,2026-04-01,historico,0,0.9806857081323077,0.051418449729681015,0.9109649122807018,4560,,,
diario,eolica,2026-04-01,ultimo_dia,0,0.9544365416824477,0.09407895058393478,0.9109649122807018,4560,,,
diario,eolica,2026-04-01,historico,1,0.5283063311011025,0.23969325423240662,0.42850877192982456,4560,,,
diario,eolica,2026-04-01,ultimo_dia,1,0.450560645395628,0.4416666626930237,0.42850877192982456,4560,,,
diario,eolica,2026-04-01,historico,2,0.17445503296772089,0.09805820137262344,0.11052631578947368,4560,,,
diario,eolica,2026-04-01,ultimo_dia,2,0.11196979826689153,0.1717105209827423,0.11052631578947368,4560,,,
diario,eolica,2026-04-01,A0_s0,-1,,,,,0.13659143598740545,0.12972330409575372,-0.052944472387028485
diario,eolica,2026-04-01,A0_s1,-1,,,,,0.13659143598740545,0.12972330409575372,-0.052944472387028485
diario,eolica,2026-04-01,A0_s2,-1,,,,,0.13659143598740545,0.12972330409575372,-0.052944472387028485
diario,eolica,2026-05-01,A0_s0,0,0.9571881227292744,0.0703823932705672,0.9116960305667586,4711,,,
diario,eolica,2026-05-01,A0_s0,1,0.6282549333514509,0.24089882355764672,0.551687539800467,4711,,,
diario,eolica,2026-05-01,A0_s0,2,0.3509720528105207,0.15303187947273833,0.20759923583103376,4711,,,
diario,eolica,2026-05-01,A0_s1,0,0.9571881227292744,0.0703823932705672,0.9116960305667586,4711,,,
diario,eolica,2026-05-01,A0_s1,1,0.6282549333514509,0.24089882355764672,0.551687539800467,4711,,,
diario,eolica,2026-05-01,A0_s1,2,0.3509720528105207,0.15303187947273833,0.20759923583103376,4711,,,
diario,eolica,2026-05-01,A0_s2,0,0.9571881227292744,0.0703823932705672,0.9116960305667586,4711,,,
diario,eolica,2026-05-01,A0_s2,1,0.6282549333514509,0.24089882355764672,0.551687539800467,4711,,,
diario,eolica,2026-05-01,A0_s2,2,0.3509720528105207,0.15303187947273833,0.20759923583103376,4711,,,
diario,eolica,2026-05-01,historico,0,0.9343814841257494,0.07407516986131668,0.9116960305667586,4711,,,
diario,eolica,2026-05-01,ultimo_dia,0,0.9257645245693489,0.11759711056947708,0.9116960305667586,4711,,,
diario,eolica,2026-05-01,historico,1,0.6861220064018803,0.2276095449924469,0.551687539800467,4711,,,
diario,eolica,2026-05-01,ultimo_dia,1,0.5968114768689297,0.41328805685043335,0.551687539800467,4711,,,
diario,eolica,2026-05-01,historico,2,0.4443000483338045,0.1434715837240219,0.20759923583103376,4711,,,
diario,eolica,2026-05-01,ultimo_dia,2,0.2526214995647983,0.27467629313468933,0.20759923583103376,4711,,,
diario,eolica,2026-05-01,A0_s0,-1,,,,,0.1547705467571023,0.14838543380995398,-0.04303059123260122
diario,eolica,2026-05-01,A0_s1,-1,,,,,0.1547705467571023,0.14838543380995398,-0.04303059123260122
diario,eolica,2026-05-01,A0_s2,-1,,,,,0.1547705467571023,0.14838543380995398,-0.04303059123260122
diario,eolica,2026-06-01,A0_s0,0,0.8808128980297654,0.19235645118617042,0.7605263157894737,4560,,,
diario,eolica,2026-06-01,A0_s0,1,0.5358028249974955,0.26997298923658664,0.46885964912280703,4560,,,
diario,eolica,2026-06-01,A0_s0,2,0.2845748384816468,0.18147765696769722,0.21447368421052632,4560,,,
diario,eolica,2026-06-01,A0_s1,0,0.8808128980297654,0.19235645118617042,0.7605263157894737,4560,,,
diario,eolica,2026-06-01,A0_s1,1,0.5358028249974955,0.26997298923658664,0.46885964912280703,4560,,,
diario,eolica,2026-06-01,A0_s1,2,0.2845748384816468,0.18147765696769722,0.21447368421052632,4560,,,
diario,eolica,2026-06-01,A0_s2,0,0.8808128980297654,0.19235645118617042,0.7605263157894737,4560,,,
diario,eolica,2026-06-01,A0_s2,1,0.5358028249974955,0.26997298923658664,0.46885964912280703,4560,,,
diario,eolica,2026-06-01,A0_s2,2,0.2845748384816468,0.18147765696769722,0.21447368421052632,4560,,,
diario,eolica,2026-06-01,historico,0,0.8313940580115173,0.18930789828300476,0.7605263157894737,4560,,,
diario,eolica,2026-06-01,ultimo_dia,0,0.7952683700355019,0.2885964810848236,0.7605263157894737,4560,,,
diario,eolica,2026-06-01,historico,1,0.5728314466406815,0.2403230369091034,0.46885964912280703,4560,,,
diario,eolica,2026-06-01,ultimo_dia,1,0.47697281194574254,0.4791666567325592,0.46885964912280703,4560,,,
diario,eolica,2026-06-01,historico,2,0.34380263821312207,0.15820221602916718,0.21447368421052632,4560,,,
diario,eolica,2026-06-01,ultimo_dia,2,0.23293296320952517,0.27916666865348816,0.21447368421052632,4560,,,
diario,eolica,2026-06-01,A0_s0,-1,,,,,0.21471095271139326,0.1959443847370815,-0.09577497206410257
diario,eolica,2026-06-01,A0_s1,-1,,,,,0.21471095271139326,0.1959443847370815,-0.09577497206410257
diario,eolica,2026-06-01,A0_s2,-1,,,,,0.21471095271139326,0.1959443847370815,-0.09577497206410257
diario,eolica,2026-07-01,A0_s0,0,0.9938643704613186,0.0623776171575927,0.9942662985771926,4709,,,
diario,eolica,2026-07-01,A0_s0,1,0.8511843807790581,0.2149712538617917,0.6687194733489064,4709,,,
diario,eolica,2026-07-01,A0_s0,2,0.6334171679408463,0.19433402593171376,0.35294117647058826,4709,,,
diario,eolica,2026-07-01,A0_s1,0,0.9938643704613186,0.0623776171575927,0.9942662985771926,4709,,,
diario,eolica,2026-07-01,A0_s1,1,0.8511843807790581,0.2149712538617917,0.6687194733489064,4709,,,
diario,eolica,2026-07-01,A0_s1,2,0.6334171679408463,0.19433402593171376,0.35294117647058826,4709,,,
diario,eolica,2026-07-01,A0_s2,0,0.9938643704613186,0.0623776171575927,0.9942662985771926,4709,,,
diario,eolica,2026-07-01,A0_s2,1,0.8511843807790581,0.2149712538617917,0.6687194733489064,4709,,,
diario,eolica,2026-07-01,A0_s2,2,0.6334171679408463,0.19433402593171376,0.35294117647058826,4709,,,
diario,eolica,2026-07-01,historico,0,0.9939111302601165,0.040857452899217606,0.9942662985771926,4709,,,
diario,eolica,2026-07-01,ultimo_dia,0,0.9944251088711776,0.014652792364358902,0.9942662985771926,4709,,,
diario,eolica,2026-07-01,historico,1,0.8234352094022286,0.2117386758327484,0.6687194733489064,4709,,,
diario,eolica,2026-07-01,ultimo_dia,1,0.734342226121381,0.3172648251056671,0.6687194733489064,4709,,,
diario,eolica,2026-07-01,historico,2,0.6580420193486445,0.18209421634674072,0.35294117647058826,4709,,,
diario,eolica,2026-07-01,ultimo_dia,2,0.48451600371136494,0.2996389865875244,0.35294117647058826,4709,,,
diario,eolica,2026-07-01,A0_s0,-1,,,,,0.15763419808231552,0.1448967875342235,-0.0879067836137053
diario,eolica,2026-07-01,A0_s1,-1,,,,,0.15763419808231552,0.1448967875342235,-0.0879067836137053
diario,eolica,2026-07-01,A0_s2,-1,,,,,0.15763419808231552,0.1448967875342235,-0.0879067836137053
diario,eolica,2026-08-01,A0_s0,0,0.9893405783274518,0.03175764684589059,0.9634819532908705,4710,,,
diario,eolica,2026-08-01,A0_s0,1,0.9239428432316299,0.15648483335961505,0.7246284501061571,4710,,,
diario,eolica,2026-08-01,A0_s0,2,0.8003844451213117,0.18964696619844817,0.4507430997876858,4710,,,
diario,eolica,2026-08-01,A0_s1,0,0.9893405783274518,0.03175764684589059,0.9634819532908705,4710,,,
diario,eolica,2026-08-01,A0_s1,1,0.9239428432316299,0.15648483335961505,0.7246284501061571,4710,,,
diario,eolica,2026-08-01,A0_s1,2,0.8003844451213117,0.18964696619844817,0.4507430997876858,4710,,,
diario,eolica,2026-08-01,A0_s2,0,0.9893405783274518,0.03175764684589059,0.9634819532908705,4710,,,
diario,eolica,2026-08-01,A0_s2,1,0.9239428432316299,0.15648483335961505,0.7246284501061571,4710,,,
diario,eolica,2026-08-01,A0_s2,2,0.8003844451213117,0.18964696619844817,0.4507430997876858,4710,,,
diario,eolica,2026-08-01,historico,0,0.9705892891843617,0.03580314666032791,0.9634819532908705,4710,,,
diario,eolica,2026-08-01,ultimo_dia,0,0.9653511142074833,0.05010615661740303,0.9634819532908705,4710,,,
diario,eolica,2026-08-01,historico,1,0.9108514229946016,0.1600804626941681,0.7246284501061571,4710,,,
diario,eolica,2026-08-01,ultimo_dia,1,0.7763867110673658,0.3212314248085022,0.7246284501061571,4710,,,
diario,eolica,2026-08-01,historico,2,0.7875942501700336,0.17119848728179932,0.4507430997876858,4710,,,
diario,eolica,2026-08-01,ultimo_dia,2,0.5901859165458987,0.3055201768875122,0.4507430997876858,4710,,,
diario,eolica,2026-08-01,A0_s0,-1,,,,,0.1259576537253063,0.1223606990318698,-0.029396323508250166
diario,eolica,2026-08-01,A0_s1,-1,,,,,0.1259576537253063,0.1223606990318698,-0.029396323508250166
diario,eolica,2026-08-01,A0_s2,-1,,,,,0.1259576537253063,0.1223606990318698,-0.029396323508250166
