nivel,fonte,k,candidato,referencia,metrica,media_candidato,media_referencia,meses,meses_vencidos_acima_ruido,meses_vencidos_sem_ruido,ruido_medio,adotado
diario,eolica,0,A0,historico,ap,0.9189263554767548,0.8799024200377833,8,7,7,0.0,true
diario,eolica,0,A0,historico,brier,0.13498058242471847,0.11755860317498446,8,4,4,0.0,false
diario,eolica,1,A0,historico,ap,0.5955057630576369,0.6099310842088688,8,3,3,0.0,false
diario,eolica,1,A0,historico,brier,0.2258657904441078,0.21328946575522423,8,1,1,0.0,false
diario,eolica,2,A0,historico,ap,0.360954197431191,0.37795455349124113,8,2,2,0.0,false
diario,eolica,2,A0,historico,brier,0.1390997156924693,0.1340979803353548,8,2,2,0.0,false
diario,fotovoltaica,0,A0,historico,ap,0.9279820980287437,0.8868983823732872,8,8,8,0.0,true
diario,fotovoltaica,0,A0,historico,brier,0.1339727405999748,0.12804545927792788,8,3,3,0.0,false
diario,fotovoltaica,1,A0,historico,ap,0.740024560725389,0.6447989552341882,8,8,8,0.0,true
diario,fotovoltaica,1,A0,historico,brier,0.2089573195480197,0.22607750818133354,8,7,7,0.0,true
diario,fotovoltaica,2,A0,historico,ap,0.4257503653337272,0.3360687560270571,8,8,8,0.0,true
diario,fotovoltaica,2,A0,historico,brier,0.14074590785478697,0.14878084370866418,8,5,5,0.0,false
meia_hora,eolica,0,A0,historico,ap,0.7879430352116787,0.7396667410785583,8,8,8,0.005578867572945748,true
meia_hora,eolica,0,A0,historico,brier,0.12412544322483307,0.12922185007482767,8,5,5,0.0016113490914692937,false
meia_hora,eolica,1,A0,historico,ap,0.513678875088317,0.5196643419940361,8,2,3,0.01279947617610866,false
meia_hora,eolica,1,A0,historico,brier,0.12230681966703996,0.11953777633607388,8,1,1,0.001604342685271801,false
meia_hora,eolica,2,A0,historico,ap,0.2833673500734692,0.3061394104526056,8,2,2,0.015038303810103166,false
meia_hora,eolica,2,A0,historico,brier,0.07944813222290323,0.07521120947785676,8,1,1,0.001439264344121108,false
meia_hora,fotovoltaica,0,A0,historico,ap,0.8127022986268647,0.7468949177332753,8,8,8,0.004033093368878901,true
meia_hora,fotovoltaica,0,A0,historico,brier,0.07715614040403689,0.08377614244818687,8,7,7,0.0009774038154508734,true
meia_hora,fotovoltaica,1,A0,historico,ap,0.6481793458664994,0.5585969614513636,8,8,8,0.007359029675926387,true
meia_hora,fotovoltaica,1,A0,historico,brier,0.06908501475446113,0.07491784496232867,8,8,8,0.0006017480701129597,true
meia_hora,fotovoltaica,2,A0,historico,ap,0.41615463126115243,0.3353772729261532,8,7,8,0.010994019170782583,true
meia_hora,fotovoltaica,2,A0,historico,brier,0.043755236720987835,0.04590813000686467,8,6,6,0.00043369598908491857,true
