fonte,mes,variante,ap,ap_idade_2,n_idade_2,ap_idade_3,n_idade_3,ap_idade_4_7,n_idade_4_7,ruido
eolica,2026-01-01,historico,0.7427210228603213,,,,,,,0.007467715826247279
eolica,2026-01-01,B0_s0,0.8171380543895816,0.8119770932587265,147840,0.8925644460755214,44352,0.6966652331895585,36960,0.007467715826247279
eolica,2026-01-01,B0_s1,0.8096703385633344,0.8081907896330238,147840,0.8892379509002175,44352,0.673957180149104,36960,0.007467715826247279
eolica,2026-01-01,B0_s2,0.8110305838014791,0.8081713996357921,147840,0.8923948165269137,44352,0.6768720878801897,36960,0.007467715826247279
eolica,2026-01-01,B1,0.8279016323406747,0.803879232333024,147840,0.9060815867771698,44352,0.7958034624626356,36960,0.007467715826247279
eolica,2026-01-01,B2,0.8360059345031794,0.8134346737280826,147840,0.9057705011491316,44352,0.8134563292280024,36960,0.007467715826247279
eolica,2026-02-01,historico,0.3963219192621561,,,,,,,0.01954873586174466
eolica,2026-02-01,B0_s0,0.5692569808409521,0.3261023189206567,124848,0.8914623881939273,29424,0.39766936121449176,51456,0.01954873586174466
eolica,2026-02-01,B0_s1,0.5730184864772141,0.34651804797352154,124848,0.8889215108167025,29424,0.37456377485347847,51456,0.01954873586174466
eolica,2026-02-01,B0_s2,0.5534697506154694,0.27980693487271185,124848,0.8909942873734122,29424,0.38096771960356823,51456,0.01954873586174466
eolica,2026-02-01,B1,0.502525294413934,0.2587163820918585,124848,0.8238579638032042,29424,0.33651903680897466,51456,0.01954873586174466
eolica,2026-02-01,B2,0.5078986435169732,0.2953832509440035,124848,0.840854682446688,29424,0.2905609024995679,51456,0.01954873586174466
eolica,2026-03-01,historico,0.755074052012319,,,,,,,0.004645289855970791
eolica,2026-03-01,B0_s0,0.7860973687581372,0.7437263803247068,154224,0.8832639546115043,36720,0.8249921089908017,36720,0.004645289855970791
eolica,2026-03-01,B0_s1,0.790742658614108,0.7509042254457097,154224,0.8833533230154834,36720,0.8315518999902158,36720,0.004645289855970791
eolica,2026-03-01,B0_s2,0.7865266783413033,0.7524236527762672,154224,0.8786906225072608,36720,0.8257532813228153,36720,0.004645289855970791
eolica,2026-03-01,B1,0.7855228202534819,0.7228793177071408,154224,0.8947367928215424,36720,0.8493302395147423,36720,0.004645289855970791
eolica,2026-03-01,B2,0.786363175894485,0.7377010037443108,154224,0.8921948643008837,36720,0.8289212963343928,36720,0.004645289855970791
eolica,2026-04-01,historico,0.8010435367411213,,,,,,,0.0014445754350433937
eolica,2026-04-01,B0_s0,0.8281474127669658,0.8317360877070482,132192,0.9062329002686429,36720,0.7558060267477462,51408,0.0014445754350433937
eolica,2026-04-01,B0_s1,0.8280041145103543,0.832667725028572,132192,0.9006293464496706,36720,0.7556030624519461,51408,0.0014445754350433937
eolica,2026-04-01,B0_s2,0.8267028373319224,0.8312822031058282,132192,0.8995654519314091,36720,0.7539663404146522,51408,0.0014445754350433937
eolica,2026-04-01,B1,0.8234419482280957,0.8345238118715482,132192,0.8927470589129761,36720,0.7380498582586161,51408,0.0014445754350433937
eolica,2026-04-01,B2,0.8264301659998949,0.8353250841677489,132192,0.894426239652388,36720,0.7453810998839587,51408,0.0014445754350433937
eolica,2026-05-01,historico,0.7763269537077007,,,,,,,0.004353663485823334
eolica,2026-05-01,B0_s0,0.810533802620832,0.7768548654906651,154223,0.9102690298903134,36720,0.7982105040386854,36720,0.004353663485823334
eolica,2026-05-01,B0_s1,0.8103260524250597,0.7765219207290286,154223,0.9064685897320887,36720,0.8010179434324409,36720,0.004353663485823334
eolica,2026-05-01,B0_s2,0.8061801391350086,0.7752005788580465,154223,0.9078522487895525,36720,0.7860284811231768,36720,0.004353663485823334
eolica,2026-05-01,B1,0.826848839851064,0.8024959560245848,154223,0.9061037967934392,36720,0.8044257012294508,36720,0.004353663485823334
eolica,2026-05-01,B2,0.8406353002905599,0.8181307754621849,154223,0.917403095423961,36720,0.8249187848910552,36720,0.004353663485823334
eolica,2026-06-01,historico,0.6631602065782691,,,,,,,0.004827255290926202
eolica,2026-06-01,B0_s0,0.6828450867868324,0.5338612907509293,139536,0.8906125579877842,29376,0.8228912183358046,51408,0.004827255290926202
eolica,2026-06-01,B0_s1,0.6824973469853468,0.5333397718577645,139536,0.8858131061424037,29376,0.8218699696274807,51408,0.004827255290926202
eolica,2026-06-01,B0_s2,0.6780178314959062,0.5297618987832616,139536,0.8838015320227495,29376,0.8159157681947746,51408,0.004827255290926202
eolica,2026-06-01,B1,0.6971941819497817,0.5565026227907942,139536,0.909019987554297,29376,0.8010175924858005,51408,0.004827255290926202
eolica,2026-06-01,B2,0.7005815618297384,0.5676983280241314,139536,0.9113253775361227,29376,0.8285461400850505,51408,0.004827255290926202
eolica,2026-07-01,historico,0.8794371193089722,,,,,,,0.002078067601017919
eolica,2026-07-01,B0_s0,0.8883914247220113,0.8881487613980816,168908,0.9416595514606918,29364,0.8161338822692965,29376,0.002078067601017919
eolica,2026-07-01,B0_s1,0.8863133571209934,0.884355189924069,168908,0.9406589962072587,29364,0.822820136352953,29376,0.002078067601017919
eolica,2026-07-01,B0_s2,0.88661600349478,0.8866172753053654,168908,0.9373068927329943,29364,0.8206847765198605,29376,0.002078067601017919
eolica,2026-07-01,B1,0.8859253297784212,0.8857052760435913,168908,0.940953891466833,29364,0.7941516720327846,29376,0.002078067601017919
eolica,2026-07-01,B2,0.8866116794683783,0.8859323014548495,168908,0.9426145421410913,29364,0.7973855130307556,29376,0.002078067601017919
eolica,2026-08-01,historico,0.9031835928839804,,,,,,,0.0002968617774700144
eolica,2026-08-01,B0_s0,0.9209935584313841,0.9050898759808549,154221,0.9675185174921823,36719,0.9312475338637898,36720,0.0002968617774700144
eolica,2026-08-01,B0_s1,0.9212904202088541,0.9050929657845932,154221,0.9679892501325263,36719,0.9329657843257759,36720,0.0002968617774700144
eolica,2026-08-01,B0_s2,0.9210029466904797,0.905375218853443,154221,0.9671490502461233,36719,0.930444598870345,36720,0.0002968617774700144
eolica,2026-08-01,B1,0.9224785712765511,0.9085552066495106,154221,0.9677439362680265,36719,0.9331612300751904,36720,0.0002968617774700144
eolica,2026-08-01,B2,0.9218785323093246,0.9060718781650978,154221,0.9673638631733245,36719,0.9292557811430504,36720,0.0002968617774700144
fotovoltaica,2026-01-01,historico,0.6816028688815114,,,,,,,0.0060769619932046215
fotovoltaica,2026-01-01,B0_s0,0.7784662166312946,0.7410795680092295,68592,0.8869336697189524,20544,0.619087100311132,17088,0.0060769619932046215
fotovoltaica,2026-01-01,B0_s1,0.7845431786244992,0.7427451448858611,68592,0.8956878291838828,20544,0.6439849256436261,17088,0.0060769619932046215
fotovoltaica,2026-01-01,B0_s2,0.7789524668195711,0.744964753723195,68592,0.8838210700716487,20544,0.6244211502569649,17088,0.0060769619932046215
fotovoltaica,2026-01-01,B1,0.7682746623168288,0.7402633130999307,68592,0.8798264751212492,20544,0.5625263822654997,17088,0.0060769619932046215
fotovoltaica,2026-01-01,B2,0.7730455820648958,0.7347070246459941,68592,0.8826760159364871,20544,0.6329507692852033,17088,0.0060769619932046215
fotovoltaica,2026-02-01,historico,0.4644409832280074,,,,,,,0.006383327350656609
fotovoltaica,2026-02-01,B0_s0,0.6113831890401685,0.43553084109567386,59568,0.8469360580646946,13968,0.4826044424390965,24480,0.006383327350656609
fotovoltaica,2026-02-01,B0_s1,0.6049998616895119,0.4202302905843485,59568,0.847783291336812,13968,0.46617208079590977,24480,0.006383327350656609
fotovoltaica,2026-02-01,B0_s2,0.6058486975544733,0.434634123704136,59568,0.8456362396803795,13968,0.4571432883321713,24480,0.006383327350656609
fotovoltaica,2026-02-01,B1,0.5734631595609148,0.37009181493737847,59568,0.8465639966487237,13968,0.42210841001157945,24480,0.006383327350656609
fotovoltaica,2026-02-01,B2,0.5770668265322164,0.42060562294695036,59568,0.8144707910993944,13968,0.40600148802147773,24480,0.006383327350656609
fotovoltaica,2026-03-01,historico,0.7301329788663726,,,,,,,0.00532120115760093
fotovoltaica,2026-03-01,B0_s0,0.7945428803121645,0.713293039554434,76224,0.9464637002801651,18096,0.7438258826910104,18096,0.00532120115760093
fotovoltaica,2026-03-01,B0_s1,0.7988039680548263,0.7225759702584512,76224,0.9454950365257975,18096,0.7421896546493243,18096,0.00532120115760093
fotovoltaica,2026-03-01,B0_s2,0.7998640814697654,0.7234522729370353,76224,0.9480829894436639,18096,0.7486525575575611,18096,0.00532120115760093
fotovoltaica,2026-03-01,B1,0.7819539753304111,0.6815753016821596,76224,0.9501181396912317,18096,0.7132533445583911,18096,0.00532120115760093
fotovoltaica,2026-03-01,B2,0.7784978580491679,0.6755407206904174,76224,0.9559561937155736,18096,0.6918892818652838,18096,0.00532120115760093
fotovoltaica,2026-04-01,historico,0.8309108077234955,,,,,,,0.002178783172598675
fotovoltaica,2026-04-01,B0_s0,0.8752293949812199,0.845002028517641,67392,0.9457513161225742,18720,0.864619885358139,26208,0.002178783172598675
fotovoltaica,2026-04-01,B0_s1,0.8774081781538186,0.8461911158197677,67392,0.9467483169542693,18720,0.8698570156448647,26208,0.002178783172598675
fotovoltaica,2026-04-01,B0_s2,0.8763865537506939,0.8442480190619566,67392,0.9477686632695611,18720,0.8692215758524472,26208,0.002178783172598675
fotovoltaica,2026-04-01,B1,0.8852375990706896,0.8667487517948024,67392,0.9351121889722845,18720,0.8820006848849343,26208,0.002178783172598675
fotovoltaica,2026-04-01,B2,0.8870434147802002,0.8707928418866111,67392,0.9346747687316131,18720,0.8849465190668313,26208,0.002178783172598675
fotovoltaica,2026-05-01,historico,0.8346425552542809,,,,,,,0.004513409745782626
fotovoltaica,2026-05-01,B0_s0,0.8702503172906615,0.8184791519686344,78624,0.9537540370567741,18720,0.9102083216390784,18720,0.004513409745782626
fotovoltaica,2026-05-01,B0_s1,0.8747129795261602,0.8243316142203512,78624,0.9578836340992843,18720,0.9069156969072805,18720,0.004513409745782626
fotovoltaica,2026-05-01,B0_s2,0.8701995697803776,0.8125978162104616,78624,0.9592143688498693,18720,0.9094753850927323,18720,0.004513409745782626
fotovoltaica,2026-05-01,B1,0.8813299670591138,0.8411736790464863,78624,0.9439728147751641,18720,0.9173887480112742,18720,0.004513409745782626
fotovoltaica,2026-05-01,B2,0.8768759516120052,0.8335107773508632,78624,0.9464109725557633,18720,0.9147330507934401,18720,0.004513409745782626
fotovoltaica,2026-06-01,historico,0.7005121072373945,,,,,,,0.0043145448209206405
fotovoltaica,2026-06-01,B0_s0,0.759414215046423,0.5764472648833452,71952,0.9536741261105351,15120,0.8827786920305836,26352,0.0043145448209206405
fotovoltaica,2026-06-01,B0_s1,0.7637287598673437,0.5835258573998523,71952,0.9547097207006281,15120,0.8865610743439883,26352,0.0043145448209206405
fotovoltaica,2026-06-01,B0_s2,0.7624313777115436,0.5843030422976506,71952,0.9541083070125047,15120,0.8852173094417561,26352,0.0043145448209206405
fotovoltaica,2026-06-01,B1,0.7769066760416876,0.6329090772652866,71952,0.9510332228072969,15120,0.8845502794060268,26352,0.0043145448209206405
fotovoltaica,2026-06-01,B2,0.7744813901253523,0.6063432006376284,71952,0.9555965297267319,15120,0.8910413785603151,26352,0.0043145448209206405
fotovoltaica,2026-07-01,historico,0.8645219039625055,,,,,,,0.001603307464623449
fotovoltaica,2026-07-01,B0_s0,0.9044363290732832,0.8873133377442353,88320,0.98621788899035,15360,0.7847185371434798,15360,0.001603307464623449
fotovoltaica,2026-07-01,B0_s1,0.9060396365379066,0.8901722914161119,88320,0.9859362470804616,15360,0.7984127354016988,15360,0.001603307464623449
fotovoltaica,2026-07-01,B0_s2,0.9054825154263344,0.8884515633363739,88320,0.986202537244113,15360,0.7880245773580997,15360,0.001603307464623449
fotovoltaica,2026-07-01,B1,0.9069146241516582,0.8867146164189524,88320,0.9836715919652494,15360,0.7751315407433663,15360,0.001603307464623449
fotovoltaica,2026-07-01,B2,0.9046088572050519,0.8871613294192096,88320,0.9811792682664395,15360,0.7493829930413825,15360,0.001603307464623449
fotovoltaica,2026-08-01,historico,0.8663672749652754,,,,,,,0.0018596084998766527
fotovoltaica,2026-08-01,B0_s0,0.9077125155751432,0.8781696424031596,82128,0.9823296978846977,19536,0.8582448250104173,19536,0.0018596084998766527
fotovoltaica,2026-08-01,B0_s1,0.9080395563191652,0.8790526860318132,82128,0.9823512489554238,19536,0.8557940578375015,19536,0.0018596084998766527
fotovoltaica,2026-08-01,B0_s2,0.9095721240750199,0.8813223474314412,82128,0.9827534412666603,19536,0.8593919341496785,19536,0.0018596084998766527
fotovoltaica,2026-08-01,B1,0.9017581829030513,0.8670705351078271,82128,0.982816157156293,19536,0.8442968868984944,19536,0.0018596084998766527
fotovoltaica,2026-08-01,B2,0.9053161095810738,0.8742460584884434,82128,0.9815094261833608,19536,0.8412165742611252,19536,0.0018596084998766527
