nivel,fonte,k,preditor,bin,n,p_media,freq_observada
diario,eolica,0,modelo,0,1060,0.04491784850316669,0.33679245283018866
diario,eolica,0,modelo,1,913,0.1433013138970652,0.6768893756845564
diario,eolica,0,modelo,2,619,0.24590938493551676,0.6704361873990307
diario,eolica,0,modelo,3,621,0.35124710996068864,0.6666666666666666
diario,eolica,0,modelo,4,620,0.4520604948613639,0.6612903225806451
diario,eolica,0,modelo,5,723,0.5505997196079868,0.661134163208852
diario,eolica,0,modelo,6,974,0.6521662286512577,0.7114989733059548
diario,eolica,0,modelo,7,1338,0.752778954405549,0.7055306427503737
diario,eolica,0,modelo,8,2584,0.8579813248484985,0.7248452012383901
diario,eolica,0,modelo,9,27511,0.9808128177130893,0.9115262985714805
diario,eolica,0,historico,0,68,0.05147058889269829,0.22058823529411764
diario,eolica,0,historico,1,432,0.15864750742912292,0.18518518518518517
diario,eolica,0,historico,2,645,0.23239201307296753,0.23255813953488372
diario,eolica,0,historico,3,390,0.3540293276309967,0.4564102564102564
diario,eolica,0,historico,4,277,0.44729238748550415,0.6101083032490975
diario,eolica,0,historico,5,1306,0.5426580905914307,0.8330781010719756
diario,eolica,0,historico,6,3185,0.64727783203125,0.765149136577708
diario,eolica,0,historico,7,4680,0.7449480891227722,0.7574786324786325
diario,eolica,0,historico,8,6905,0.8736727237701416,0.8434467776973208
diario,eolica,0,historico,9,19075,0.9666279554367065,0.9327916120576671
diario,eolica,1,modelo,0,3769,0.050304588140657636,0.15654019633855135
diario,eolica,1,modelo,1,3267,0.14843140135961733,0.25895316804407714
diario,eolica,1,modelo,2,3149,0.2526068881416615,0.33693235947919975
diario,eolica,1,modelo,3,3825,0.350987856906685,0.42901960784313725
diario,eolica,1,modelo,4,3768,0.4494995303414361,0.41932059447983017
diario,eolica,1,modelo,5,3599,0.5493348837844798,0.522645179216449
diario,eolica,1,modelo,6,4082,0.6524862099186971,0.5805977462028418
diario,eolica,1,modelo,7,4119,0.7492560761023102,0.6103423160961399
diario,eolica,1,modelo,8,3208,0.8483377325014684,0.6234413965087282
diario,eolica,1,modelo,9,4177,0.9578152169619107,0.8269092650227436
diario,eolica,1,historico,0,2476,0.04122432693839073,0.09652665589660743
diario,eolica,1,historico,1,3476,0.14672036468982697,0.21979286536248563
diario,eolica,1,historico,2,4368,0.2511099576950073,0.34706959706959706
diario,eolica,1,historico,3,5235,0.3587603271007538,0.430945558739255
diario,eolica,1,historico,4,4000,0.44672608375549316,0.47625
diario,eolica,1,historico,5,5685,0.5354406237602234,0.5264731750219876
diario,eolica,1,historico,6,4018,0.6409316062927246,0.5696864111498258
diario,eolica,1,historico,7,3116,0.749276340007782,0.6582156611039794
diario,eolica,1,historico,8,2547,0.8584328293800354,0.7938751472320377
diario,eolica,1,historico,9,2042,0.9602981209754944,0.931439764936337
diario,eolica,2,modelo,0,17037,0.04084080725115452,0.08299583259963608
diario,eolica,2,modelo,1,7596,0.14434707280402703,0.19207477619799895
diario,eolica,2,modelo,2,3910,0.24584581795056581,0.2659846547314578
diario,eolica,2,modelo,3,2280,0.34663668241978285,0.3364035087719298
diario,eolica,2,modelo,4,1690,0.44894156709264327,0.3816568047337278
diario,eolica,2,modelo,5,1272,0.5487163163158022,0.40644654088050314
diario,eolica,2,modelo,6,1011,0.6486833781143988,0.49455984174085066
diario,eolica,2,modelo,7,684,0.7455862175457452,0.6154970760233918
diario,eolica,2,modelo,8,785,0.8552012432413418,0.8101910828025478
diario,eolica,2,modelo,9,698,0.9344204342502515,0.839541547277937
diario,eolica,2,historico,0,15475,0.024722417816519737,0.07030694668820678
diario,eolica,2,historico,1,7664,0.13795273005962372,0.15409707724425886
diario,eolica,2,historico,2,4290,0.24639827013015747,0.2699300699300699
diario,eolica,2,historico,3,3285,0.35446062684059143,0.3470319634703196
diario,eolica,2,historico,4,1678,0.4454227089881897,0.38200238379022644
diario,eolica,2,historico,5,1944,0.5325945019721985,0.4573045267489712
diario,eolica,2,historico,6,1033,0.6382242441177368,0.5411423039690223
diario,eolica,2,historico,7,709,0.7480857968330383,0.7588152327221439
diario,eolica,2,historico,8,551,0.8533186912536621,0.8784029038112523
diario,eolica,2,historico,9,334,0.9606501460075378,0.9191616766467066
diario,fotovoltaica,0,modelo,0,140,0.06038110137267223,0.6214285714285714
diario,fotovoltaica,0,modelo,1,262,0.14929745832872998,0.6603053435114504
diario,fotovoltaica,0,modelo,2,358,0.2527794069184683,0.6033519553072626
diario,fotovoltaica,0,modelo,3,457,0.3535185856358088,0.612691466083151
diario,fotovoltaica,0,modelo,4,579,0.4513361269218953,0.6217616580310881
diario,fotovoltaica,0,modelo,5,808,0.5525831224161188,0.655940594059406
diario,fotovoltaica,0,modelo,6,959,0.6523263558294042,0.7361835245046924
diario,fotovoltaica,0,modelo,7,1444,0.7525250715366647,0.7811634349030471
diario,fotovoltaica,0,modelo,8,2396,0.8558821363542235,0.8213689482470785
diario,fotovoltaica,0,modelo,9,11103,0.9710586938579557,0.9217328649914438
diario,fotovoltaica,0,historico,0,124,0.0059407539665699005,0.22580645161290322
diario,fotovoltaica,0,historico,1,60,0.15229283273220062,0.25
diario,fotovoltaica,0,historico,2,45,0.22948989272117615,0.6666666666666666
diario,fotovoltaica,0,historico,3,90,0.36344847083091736,0.6777777777777778
diario,fotovoltaica,0,historico,4,353,0.44806331396102905,0.6883852691218131
diario,fotovoltaica,0,historico,5,938,0.5427261590957642,0.7004264392324094
diario,fotovoltaica,0,historico,6,1867,0.6463439464569092,0.786823781467595
diario,fotovoltaica,0,historico,7,2402,0.7503809928894043,0.7293921731890092
diario,fotovoltaica,0,historico,8,4112,0.866632878780365,0.8523832684824902
diario,fotovoltaica,0,historico,9,8515,0.9624361395835876,0.9303581914268937
diario,fotovoltaica,1,modelo,0,1183,0.06245495351518876,0.15891800507185122
diario,fotovoltaica,1,modelo,1,1711,0.1511295706959225,0.25832846288720046
diario,fotovoltaica,1,modelo,2,1784,0.25106423514898063,0.37331838565022424
diario,fotovoltaica,1,modelo,3,2028,0.3504428412883465,0.40236686390532544
diario,fotovoltaica,1,modelo,4,2193,0.4502258147381042,0.444140446876425
diario,fotovoltaica,1,modelo,5,2157,0.5499333540167699,0.5150672229949004
diario,fotovoltaica,1,modelo,6,1793,0.6483950778514881,0.5828220858895705
diario,fotovoltaica,1,modelo,7,1682,0.7497821636506199,0.6866825208085613
diario,fotovoltaica,1,modelo,8,1876,0.8516105017316626,0.7814498933901919
diario,fotovoltaica,1,modelo,9,2099,0.9456543754956745,0.8909004287756074
diario,fotovoltaica,1,historico,0,562,0.035021331161260605,0.13701067615658363
diario,fotovoltaica,1,historico,1,972,0.1473502367734909,0.26851851851851855
diario,fotovoltaica,1,historico,2,1817,0.25550419092178345,0.3494771601541002
diario,fotovoltaica,1,historico,3,2892,0.3609614372253418,0.4242738589211618
diario,fotovoltaica,1,historico,4,2041,0.44743552803993225,0.48064674179323863
diario,fotovoltaica,1,historico,5,3236,0.5353240966796875,0.5290482076637825
diario,fotovoltaica,1,historico,6,2744,0.6411399245262146,0.6064139941690962
diario,fotovoltaica,1,historico,7,2291,0.7468156218528748,0.691837625491052
diario,fotovoltaica,1,historico,8,1380,0.8543840646743774,0.7920289855072464
diario,fotovoltaica,1,historico,9,571,0.9498374462127686,0.87215411558669
diario,fotovoltaica,2,modelo,0,8452,0.04780814421703261,0.08364884051112163
diario,fotovoltaica,2,modelo,1,4086,0.14356815637114184,0.1727851199216838
diario,fotovoltaica,2,modelo,2,2015,0.2463709244054394,0.288833746898263
diario,fotovoltaica,2,modelo,3,1245,0.34641092085400566,0.39036144578313253
diario,fotovoltaica,2,modelo,4,946,0.44946934121520615,0.47780126849894294
diario,fotovoltaica,2,modelo,5,667,0.548745520663646,0.5577211394302849
diario,fotovoltaica,2,modelo,6,536,0.6497234824078801,0.5708955223880597
diario,fotovoltaica,2,modelo,7,334,0.7438147106586688,0.5988023952095808
diario,fotovoltaica,2,modelo,8,169,0.843739191739391,0.5680473372781065
diario,fotovoltaica,2,modelo,9,56,0.926519862494203,0.625
diario,fotovoltaica,2,historico,0,5549,0.03602534532546997,0.08830419895476663
diario,fotovoltaica,2,historico,1,5620,0.14009785652160645,0.17295373665480426
diario,fotovoltaica,2,historico,2,3459,0.24274833500385284,0.23590633130962707
diario,fotovoltaica,2,historico,3,1779,0.3527555465698242,0.3412029229904441
diario,fotovoltaica,2,historico,4,690,0.4455602765083313,0.41739130434782606
diario,fotovoltaica,2,historico,5,782,0.5288562774658203,0.4718670076726343
diario,fotovoltaica,2,historico,6,407,0.6426640748977661,0.5896805896805897
diario,fotovoltaica,2,historico,7,153,0.7369281053543091,0.7124183006535948
diario,fotovoltaica,2,historico,8,65,0.8423077464103699,0.7846153846153846
diario,fotovoltaica,2,historico,9,2,1.0,0.0
meia_hora,eolica,0,modelo,0,737305,0.030666537771868622,0.04763564603522287
meia_hora,eolica,0,modelo,1,159612,0.14553306245768358,0.18872014635491066
meia_hora,eolica,0,modelo,2,109034,0.24778877668920862,0.304015261294642
meia_hora,eolica,0,modelo,3,86943,0.3487849891212509,0.3871041947022762
meia_hora,eolica,0,modelo,4,77462,0.44908808727410743,0.4592832614701402
meia_hora,eolica,0,modelo,5,73767,0.5501159071024306,0.5123700299591959
meia_hora,eolica,0,modelo,6,78787,0.6510641111455128,0.5962024191808293
meia_hora,eolica,0,modelo,7,99345,0.7528712222048238,0.678836378277719
meia_hora,eolica,0,modelo,8,147795,0.853862816971696,0.7962921614398322
meia_hora,eolica,0,modelo,9,204441,0.9439292321921058,0.9164110917086103
meia_hora,eolica,0,historico,0,661707,0.01780771091580391,0.041030244503987415
meia_hora,eolica,0,historico,1,184385,0.13900750875473022,0.15200260324863737
meia_hora,eolica,0,historico,2,127735,0.24714934825897217,0.2560692057775864
meia_hora,eolica,0,historico,3,99736,0.3560338020324707,0.37189179433704983
meia_hora,eolica,0,historico,4,66741,0.446838915348053,0.49175169685800335
meia_hora,eolica,0,historico,5,111604,0.5361854434013367,0.5645496577183613
meia_hora,eolica,0,historico,6,124492,0.6426753997802734,0.6401053882980432
meia_hora,eolica,0,historico,7,119423,0.7504095435142517,0.7224906425060499
meia_hora,eolica,0,historico,8,158111,0.8598387837409973,0.8278424651036297
meia_hora,eolica,0,historico,9,120557,0.9553131461143494,0.8892805892648291
meia_hora,eolica,1,modelo,0,914615,0.026548444665018836,0.04099539150352881
meia_hora,eolica,1,modelo,1,201518,0.1458692166099164,0.19600730455840173
meia_hora,eolica,1,modelo,2,138223,0.24796734936529916,0.27753702350549475
meia_hora,eolica,1,modelo,3,116100,0.3488394933679926,0.3573471145564169
meia_hora,eolica,1,modelo,4,104470,0.4492888050593062,0.44551545898344025
meia_hora,eolica,1,modelo,5,94826,0.549206049345141,0.5286841161706705
meia_hora,eolica,1,modelo,6,83562,0.6482286293058327,0.600296785620258
meia_hora,eolica,1,modelo,7,67190,0.7474823692758827,0.6425956243488614
meia_hora,eolica,1,modelo,8,38529,0.8444215125746518,0.6944898647771808
meia_hora,eolica,1,modelo,9,15458,0.9314752948103717,0.8851727260965196
meia_hora,eolica,1,historico,0,859149,0.017292184755206108,0.037005222609815064
meia_hora,eolica,1,historico,1,241103,0.13865000009536743,0.1613210951336151
meia_hora,eolica,1,historico,2,165592,0.2479850947856903,0.27208440021257063
meia_hora,eolica,1,historico,3,134265,0.3555590510368347,0.37643466279372884
meia_hora,eolica,1,historico,4,79085,0.4458867311477661,0.45630650565846875
meia_hora,eolica,1,historico,5,102967,0.5342230200767517,0.5186418949760603
meia_hora,eolica,1,historico,6,78132,0.6407712697982788,0.5831541493882149
meia_hora,eolica,1,historico,7,58222,0.7471622228622437,0.6914911888976676
meia_hora,eolica,1,historico,8,38294,0.8540314435958862,0.7955815532459393
meia_hora,eolica,1,historico,9,17682,0.9505265951156616,0.8616106775251668
meia_hora,eolica,2,modelo,0,1279151,0.02254757662256202,0.039820161966804546
meia_hora,eolica,2,modelo,1,218182,0.1439995530890712,0.1826869310942241
meia_hora,eolica,2,modelo,2,121612,0.24607505216309347,0.28579416504950167
meia_hora,eolica,2,modelo,3,71505,0.344915837058473,0.3415565345080764
meia_hora,eolica,2,modelo,4,39489,0.44475754571211656,0.387778875129783
meia_hora,eolica,2,modelo,5,21547,0.544702616512138,0.41903745300969975
meia_hora,eolica,2,modelo,6,11754,0.6451395465874408,0.46971243831887016
meia_hora,eolica,2,modelo,7,7580,0.7470613654530237,0.6642480211081794
meia_hora,eolica,2,modelo,8,3671,0.8291367681683669,0.6927267774448379
meia_hora,eolica,2,historico,0,1222538,0.014448050409555435,0.029024864666783362
meia_hora,eolica,2,historico,1,228586,0.13700991868972778,0.1596160744752522
meia_hora,eolica,2,historico,2,129003,0.24706895649433136,0.2519243738517709
meia_hora,eolica,2,historico,3,82677,0.35357123613357544,0.3323173313013293
meia_hora,eolica,2,historico,4,36404,0.4451373815536499,0.39685199428634216
meia_hora,eolica,2,historico,5,36895,0.5314463973045349,0.4674617156796314
meia_hora,eolica,2,historico,6,21365,0.6388598680496216,0.5716826585537094
meia_hora,eolica,2,historico,7,11190,0.743054986000061,0.6616621983914209
meia_hora,eolica,2,historico,8,4943,0.8517022728919983,0.7189965607930406
meia_hora,eolica,2,historico,9,890,0.938122034072876,0.6797752808988764
meia_hora,fotovoltaica,0,modelo,0,546916,0.00647246712894136,0.009809550278287707
meia_hora,fotovoltaica,0,modelo,1,41214,0.14712048604630978,0.20167904110253798
meia_hora,fotovoltaica,0,modelo,2,31968,0.24893301686343425,0.3231669169169169
meia_hora,fotovoltaica,0,modelo,3,28803,0.34921777103195256,0.41388049855917786
meia_hora,fotovoltaica,0,modelo,4,28420,0.4502619071936474,0.498311048557354
meia_hora,fotovoltaica,0,modelo,5,29148,0.550523922095415,0.5602442706189104
meia_hora,fotovoltaica,0,modelo,6,33782,0.6512576924300592,0.6298916582795572
meia_hora,fotovoltaica,0,modelo,7,41437,0.7519817347767606,0.7180539131693897
meia_hora,fotovoltaica,0,modelo,8,52209,0.8514319963741172,0.8034438506770863
meia_hora,fotovoltaica,0,modelo,9,54391,0.9425787717849395,0.9289956058906804
meia_hora,fotovoltaica,0,historico,0,535199,0.0034437677823007107,0.008032526219219393
meia_hora,fotovoltaica,0,historico,1,34062,0.1418900191783905,0.1944689096353708
meia_hora,fotovoltaica,0,historico,2,33743,0.250514417886734,0.29600213377589424
meia_hora,fotovoltaica,0,historico,3,35964,0.35848385095596313,0.4131075519964409
meia_hora,fotovoltaica,0,historico,4,27389,0.4465731680393219,0.49497973639052173
meia_hora,fotovoltaica,0,historico,5,43508,0.5356898903846741,0.5739634090282247
meia_hora,fotovoltaica,0,historico,6,44989,0.6428081393241882,0.6362666429571673
meia_hora,fotovoltaica,0,historico,7,48399,0.7511993646621704,0.7234653608545631
meia_hora,fotovoltaica,0,historico,8,51472,0.8566742539405823,0.8161913273235935
meia_hora,fotovoltaica,0,historico,9,33563,0.9563145637512207,0.8933051276703513
meia_hora,fotovoltaica,1,modelo,0,617602,0.008005284816962385,0.010680017227923484
meia_hora,fotovoltaica,1,modelo,1,54381,0.1462317388037899,0.1927695334767658
meia_hora,fotovoltaica,1,modelo,2,41291,0.2486554922631441,0.2853164127776029
meia_hora,fotovoltaica,1,modelo,3,38196,0.34941644609138445,0.370771808566342
meia_hora,fotovoltaica,1,modelo,4,33410,0.4489023787147865,0.4388506435199042
meia_hora,fotovoltaica,1,modelo,5,28972,0.5482614984246338,0.5134957890376916
meia_hora,fotovoltaica,1,modelo,6,24766,0.6491059831776278,0.6133408705483324
meia_hora,fotovoltaica,1,modelo,7,22280,0.7504094250459241,0.7125673249551167
meia_hora,fotovoltaica,1,modelo,8,20937,0.8478970166950172,0.8187419401060324
meia_hora,fotovoltaica,1,modelo,9,6453,0.9264612071862499,0.8766465209979855
meia_hora,fotovoltaica,1,historico,0,599498,0.0037154194433242083,0.008870755198516092
meia_hora,fotovoltaica,1,historico,1,52351,0.14210698008537292,0.18796202555825103
meia_hora,fotovoltaica,1,historico,2,52633,0.2501676678657532,0.28932418824691736
meia_hora,fotovoltaica,1,historico,3,50886,0.3559824526309967,0.3785717093110089
meia_hora,fotovoltaica,1,historico,4,29694,0.4460432827472687,0.4500572506230215
meia_hora,fotovoltaica,1,historico,5,37569,0.5342789888381958,0.5169687774494929
meia_hora,fotovoltaica,1,historico,6,30095,0.640544593334198,0.5928559561388935
meia_hora,fotovoltaica,1,historico,7,20078,0.7461577653884888,0.6924992529136368
meia_hora,fotovoltaica,1,historico,8,12205,0.8518545627593994,0.7772224498156494
meia_hora,fotovoltaica,1,historico,9,3279,0.9448111057281494,0.8411100945410186
meia_hora,fotovoltaica,2,modelo,0,727310,0.009842571486813891,0.01361180239512725
meia_hora,fotovoltaica,2,modelo,1,69035,0.1448324378147165,0.1655247338306656
meia_hora,fotovoltaica,2,modelo,2,36502,0.24448089159324057,0.26680729823023397
meia_hora,fotovoltaica,2,modelo,3,20465,0.3469115467125517,0.37796237478622036
meia_hora,fotovoltaica,2,modelo,4,14197,0.4473808581991875,0.48954004367119813
meia_hora,fotovoltaica,2,modelo,5,10555,0.5460235490077427,0.5729985788725722
meia_hora,fotovoltaica,2,modelo,6,6226,0.644535876500546,0.5955669771924189
meia_hora,fotovoltaica,2,modelo,7,2813,0.741310099838578,0.545680767863491
meia_hora,fotovoltaica,2,modelo,8,992,0.8386814551942368,0.5856854838709677
meia_hora,fotovoltaica,2,modelo,9,193,0.9158857533095938,0.7616580310880829
meia_hora,fotovoltaica,2,historico,0,702732,0.005930258892476559,0.012878309227415287
meia_hora,fotovoltaica,2,historico,1,80408,0.13952122628688812,0.15906377474878122
meia_hora,fotovoltaica,2,historico,2,48977,0.24480009078979492,0.2445841925801907
meia_hora,fotovoltaica,2,historico,3,25149,0.35211437940597534,0.3364348483041075
meia_hora,fotovoltaica,2,historico,4,10345,0.4452584981918335,0.4027066215563074
meia_hora,fotovoltaica,2,historico,5,10637,0.5316917300224304,0.4739118172417035
meia_hora,fotovoltaica,2,historico,6,6298,0.6377114653587341,0.5805017465862179
meia_hora,fotovoltaica,2,historico,7,2879,0.7430035471916199,0.6787078846821814
meia_hora,fotovoltaica,2,historico,8,820,0.8447299599647522,0.8
meia_hora,fotovoltaica,2,historico,9,43,0.9717606902122498,0.3953488372093023
