mes,usinas_com_grupo,frac_usinas_em_grupo_unitario,mediana_tamanho_por_usina,grupos,fonte
2025-09-01,156,0.012975256487628244,42.0,10,eolica
2025-10-01,156,0.014041514041514042,71.0,9,eolica
2025-11-01,156,0.013782051282051282,82.0,10,eolica
2025-12-01,156,0.013547237076648842,90.0,9,eolica
2026-01-01,142,0.014084507042253521,89.0,8,eolica
2026-02-01,140,0.013063632532659082,86.0,6,eolica
2026-03-01,141,0.018575851393188854,73.0,8,eolica
2026-04-01,141,0.01877346683354193,34.0,12,eolica
2026-05-01,141,0.02497434143003763,63.0,14,eolica
2026-06-01,139,0.03381294964028777,33.0,16,eolica
2026-07-01,139,0.039568345323741004,29.0,20,eolica
2026-08-01,141,0.03796561604584527,23.0,23,eolica
