mes,linhas,cap_91d,y_fracao,sin_ene_ultimo,sin_ene_7d,sin_ene_ultimo_total,sin_ene_7d_total,grupo_restricao,grupo_nivel_ultimo,grupo_nivel_7d,grupo_tamanho,causa_rel_91d,causa_cnf_91d,causa_ene_91d,fonte
2024-12-01,92976,0.0,0.02632937532266391,0.0,0.0,0.0,0.0,1.0,1.0,1.0,1.0,0.4985372569265187,0.4985372569265187,0.4985372569265187,fotovoltaica
2025-01-01,95808,0.0,0.03156312625250501,0.06513026052104208,0.0,0.06513026052104208,0.0,1.0,1.0,1.0,1.0,0.5002922511690047,0.5002922511690047,0.5002922511690047,fotovoltaica
2025-02-01,87360,0.0,0.020879120879120878,0.0,0.0,0.0,0.0,1.0,1.0,1.0,1.0,0.44183836996336995,0.44183836996336995,0.44183836996336995,fotovoltaica
2025-03-01,96720,0.0,0.0034739454094292804,0.0,0.0,0.0,0.0,1.0,1.0,1.0,1.0,0.4390612076095947,0.4390612076095947,0.4390612076095947,fotovoltaica
2025-04-01,93600,0.0,0.0,0.0,0.0,0.0,0.0,1.0,1.0,1.0,1.0,0.419017094017094,0.419017094017094,0.419017094017094,fotovoltaica
2025-05-01,96720,0.0,0.0,0.0,0.0,0.0,0.0,1.0,1.0,1.0,1.0,0.4407051282051282,0.4407051282051282,0.4407051282051282,fotovoltaica
2025-06-01,93600,0.0,0.0,0.0,0.0,0.0,0.0,1.0,1.0,1.0,1.0,0.4483867521367521,0.4483867521367521,0.4483867521367521,fotovoltaica
2025-07-01,96720,0.0,0.0,0.0,0.0,0.0,0.0,1.0,1.0,1.0,1.0,0.4887510339123242,0.4887510339123242,0.4887510339123242,fotovoltaica
2025-08-01,96720,0.0,0.0,0.0,0.0,0.0,0.0,1.0,1.0,1.0,1.0,0.5077853598014889,0.5077853598014889,0.5077853598014889,fotovoltaica
2025-09-01,96480,0.0,0.004975124378109453,0.0,0.0,0.0,0.0,0.10646766169154229,0.10646766169154229,0.10646766169154229,0.10646766169154229,0.4945169983416252,0.4945169983416252,0.4945169983416252,fotovoltaica
2025-10-01,102096,0.0,0.0,0.0,0.0,0.0,0.0,0.0004701457451810061,0.0004701457451810061,0.0004701457451810061,0.0004701457451810061,0.48600336937784044,0.48600336937784044,0.48600336937784044,fotovoltaica
2025-11-01,99360,0.0,0.002898550724637681,0.0,0.0,0.0,0.0,0.014492753623188406,0.014492753623188406,0.014492753623188406,0.014492753623188406,0.4895028180354267,0.4895028180354267,0.4895028180354267,fotovoltaica
2025-12-01,104976,0.0,0.004572473708276178,0.0,0.0,0.0,0.0,0.04435299497027892,0.04435299497027892,0.04435299497027892,0.04435299497027892,0.4964944368236549,0.4964944368236549,0.4964944368236549,fotovoltaica
2026-01-01,106224,0.0,0.0031631269769543608,0.0,0.0,0.0,0.0,0.02711251694532309,0.02711251694532309,0.02711251694532309,0.02711251694532309,0.48098358186473866,0.48098358186473866,0.48098358186473866,fotovoltaica
2026-02-01,98016,0.0,0.0019588638589618022,0.0,0.0,0.0,0.0,0.014201762977473066,0.014201762977473066,0.014201762977473066,0.014201762977473066,0.47919727391446293,0.47919727391446293,0.47919727391446293,fotovoltaica
2026-03-01,112416,0.0,0.016652433817250213,0.0,0.0,0.0,0.0,0.036293766011955594,0.036293766011955594,0.036293766011955594,0.036293766011955594,0.4977850128095645,0.4977850128095645,0.4977850128095645,fotovoltaica
2026-04-01,112320,0.0,0.01282051282051282,0.0,0.0,0.0,0.0,0.07179487179487179,0.07179487179487179,0.07179487179487179,0.07179487179487179,0.49720441595441595,0.49720441595441595,0.49720441595441595,fotovoltaica
2026-05-01,116064,0.0,0.01282051282051282,0.0,0.0,0.0,0.0,0.1000827129859388,0.1000827129859388,0.1000827129859388,0.1000827129859388,0.503317135373587,0.503317135373587,0.503317135373587,fotovoltaica
2026-06-01,113424,0.0,0.013118916631400761,0.0,0.0,0.0,0.0,0.1608125264494287,0.1608125264494287,0.1608125264494287,0.1608125264494287,0.5152965862604034,0.5152965862604034,0.5152965862604034,fotovoltaica
2026-07-01,119040,0.0,0.013709677419354839,0.0,0.0,0.0,0.0,0.18629032258064515,0.18629032258064515,0.18629032258064515,0.18629032258064515,0.5318212365591398,0.5318212365591398,0.5318212365591398,fotovoltaica
2026-08-01,121200,0.0,0.016237623762376238,0.0,0.0,0.0,0.0,0.1596039603960396,0.1596039603960396,0.1596039603960396,0.1596039603960396,0.5303630363036304,0.5303630363036304,0.5303630363036304,fotovoltaica
