fonte,periodo,n,prevalencia,ap_modelo,brier_modelo,ap_historico,brier_historico,ap_mesmo_slot_ultimo_dia,brier_mesmo_slot_ultimo_dia,ap_ultimo_valor,brier_ultimo_valor,recall_alerta,precisao_alerta,energia_real_mwh,mae_modelo,wape_modelo,wape_diario_modelo,vies_modelo,mae_historico,wape_historico,wape_diario_historico,vies_historico,mae_mesmo_slot_ultimo_dia,wape_mesmo_slot_ultimo_dia,wape_diario_mesmo_slot_ultimo_dia,vies_mesmo_slot_ultimo_dia,mae_ultimo_valor,wape_ultimo_valor,wape_diario_ultimo_valor,vies_ultimo_valor,mae_zero,wape_zero,wape_diario_zero,vies_zero,cobertura_p10_p90,cobertura_p10_p90_positivo,n_causa,f1_modelo,f1_usina_28d,f1_estado_7d
eolica,2026-01-01,229152,0.4042207896709442,0.8171380543895816,0.15118004620090095,0.7427210228603213,0.16435177624225616,0.6082280469541134,0.24519096314907074,0.47338692209160094,0.3534509837627411,0.8296195534827482,0.6615416401232761,2450187.0,19.941391933061816,0.9325022629384984,0.7348032951773683,-0.21501368524672382,21.175825119018555,0.9902269840240479,0.8144988417625427,-0.14240175485610962,22.192859649658203,1.0377856492996216,0.8027812838554382,-0.047423720359802246,24.182193756103516,1.1308112144470215,1.0435962677001953,-0.36704081296920776,21.38481865644726,0.9999999928091616,0.9999999890947774,-1.0,0.8830383326351068,0.7106490478041197,103150,0.5860409671924627,0.542498677042198,0.46891845548554834
eolica,2026-02-01,205728,0.15071842074394226,0.5692569808409521,0.11248147215293916,0.3963219192621561,0.13840223848819733,0.2942092698327401,0.15502507984638214,0.15185277379346526,0.15290577709674835,0.8194923726900377,0.38264038429683617,502275.65625,9.737275711835068,1.9941542385316475,1.6550844931813768,0.8582777923800555,14.82830810546875,3.0367770195007324,2.605238914489746,2.107203722000122,6.693556308746338,1.370813012123108,1.206096887588501,-0.19658774137496948,5.333019733428955,1.092180609703064,1.0921502113342285,-0.890796959400177,4.8829100802562895,1.000000012434373,1.000000015119597,-1.0,0.9679479701353243,0.7873383429548166,35287,0.5375542306664096,0.5764118673215046,0.3776843640929042
eolica,2026-03-01,227664,0.26988017559051514,0.7860973687581372,0.10522020306428168,0.755074052012319,0.10398024320602417,0.5367911481657341,0.17453351616859436,0.27088863247946565,0.27162835001945496,0.7795481917906318,0.7149979847437639,844268.25,7.772486092169571,1.047957964596971,0.7797967327935392,-0.08743518051973875,7.417284965515137,1.0000665187835693,0.7900752425193787,-0.22387641668319702,8.541123390197754,1.15159273147583,0.9131702184677124,-0.14530420303344727,7.453285217285156,1.0049203634262085,0.9948437809944153,-0.9853842854499817,7.416791732112379,0.999999983950381,0.9999999866607662,-1.0,0.9217618947220465,0.7101005826633248,68301,0.3721197644744246,0.3823570163568904,0.30131908338147506
eolica,2026-04-01,220320,0.3440949618816376,0.8281474127669658,0.12500997964756538,0.8010435367411213,0.12600937485694885,0.5691027320451448,0.22006173431873322,0.34773268042939115,0.3677060604095459,0.790703196106106,0.7192100495518735,1404803.75,13.64336673971257,1.0698670757724962,0.8129058839624363,-0.11372270698388232,12.725476264953613,0.9978892207145691,0.7406418919563293,-0.24620598554611206,15.897153854370117,1.2466015815734863,0.9671267867088318,-0.15647870302200317,16.191675186157227,1.2696969509124756,1.2315073013305664,-0.6408828496932983,12.75239487588734,1.0000000494928558,1.0000000510670648,-1.0,0.8994190268700073,0.7076941340966351,82703,0.6351900068581943,0.6854267885300361,0.2972383217751572
eolica,2026-05-01,227663,0.3631947338581085,0.810533802620832,0.1284681714087349,0.7763269537077007,0.1281982660293579,0.5834935832078816,0.22998027503490448,0.39114290788329886,0.37045106291770935,0.8187238468422707,0.6947200985171123,2066428.875,17.122489561216206,0.943211108820565,0.7021221069044374,-0.14305658977445979,17.501317977905273,0.9640793204307556,0.7142379879951477,-0.1302507519721985,20.999588012695312,1.156785249710083,0.9175450801849365,-0.016945838928222656,22.927831649780273,1.2630047798156738,1.1925082206726074,-0.46060699224472046,18.153400451174612,0.9999999653788629,0.999999966444967,-1.0,0.891075844559722,0.7000943327770118,90026,0.7424951436495807,0.7660735465269011,0.286256364750375
eolica,2026-06-01,220320,0.31332606077194214,0.6828450867868324,0.15916329045351088,0.6631602065782691,0.15199872851371765,0.4510433529617383,0.2721269130706787,0.33594409169083383,0.32418301701545715,0.7277639355661143,0.5760098143753082,1759659.75,18.355103712754946,1.149084773347282,0.9582751833750296,-0.09788303169056356,18.70444107055664,1.1709543466567993,0.957929790019989,0.03589808940887451,20.51774024963379,1.2844723463058472,1.1221367120742798,-0.19756001234054565,19.484426498413086,1.2197837829589844,1.1831142902374268,-0.6088355779647827,15.9736725629286,1.0000000110999951,1.0000000069078008,-1.0,0.8829429920116194,0.6264051454397961,76730,0.725238218517278,0.6842050926604837,0.45921521233323254
eolica,2026-07-01,227648,0.44353562593460083,0.8883914247220113,0.11079771259398602,0.8794371193089722,0.11651933193206787,0.7057414343148807,0.19424286484718323,0.5550415845289585,0.33556193113327026,0.9158066752500743,0.7714428732323865,3068444.5,21.962088618571425,0.8146840442837646,0.6448009134201468,-0.08520034625933404,22.034704208374023,0.8173777461051941,0.6482944488525391,-0.2011900544166565,24.946237564086914,0.925381064414978,0.7375181317329407,0.019914984703063965,25.441547393798828,0.9437546730041504,0.8479350209236145,-0.494360089302063,26.957798805028435,0.9999999971267385,0.9999999952232841,-1.0,0.8926764127073377,0.758601564821234,108833,0.6665268805291699,0.7451419639932108,0.4473941410238503
eolica,2026-08-01,227660,0.48887374997138977,0.9209935584313841,0.09421908110273795,0.9031835928839804,0.09755836427211761,0.7612370930281757,0.17791444063186646,0.6614020962088769,0.2939251661300659,0.9454253034672992,0.8169043607878453,3939792.5,24.730307092489973,0.7145175428244339,0.5392143281700406,-0.15370598003194724,25.29808235168457,0.7309219241142273,0.5788539052009583,-0.09799540042877197,29.737516403198242,0.8591877818107605,0.6526905298233032,-0.04960554838180542,29.610620498657227,0.8555214405059814,0.7642627954483032,-0.296233594417572,34.61119482887632,0.9999999511068137,0.9999999482933725,-1.0,0.8729157515593429,0.7546654447109985,119601,0.7795152344812722,0.8073661781388316,0.5251770430075876
fotovoltaica,2026-01-01,106224,0.20694005489349365,0.7784662166312946,0.08196781482177874,0.6816028688815114,0.09353597462177277,0.48703571773144766,0.1507757157087326,0.206940051212532,0.20694005489349365,0.8592484760258393,0.6285524126455907,741875.0625,13.475803683399473,0.9647539342013034,0.7737410209958636,0.03557941332129011,15.226025581359863,1.0900551080703735,0.9068917632102966,0.09737110137939453,16.343168258666992,1.1700330972671509,1.0208628177642822,0.06526422500610352,13.968125343322754,1.0,1.0,-1.0,13.968124589321906,0.9999999604893918,0.9999999609790267,-1.0,0.9469987949992469,0.7438813574742972,29024,0.5314201000038065,0.3579579553621574,0.4008837234717248
fotovoltaica,2026-02-01,98016,0.12170462310314178,0.6113831890401685,0.07507995588069592,0.4644409832280074,0.08676134794950485,0.2993480212707692,0.1206231638789177,0.12170461965393405,0.12170462310314178,0.7602481347975522,0.4548600662052362,337366.5625,9.636154067706732,1.3998086682054376,1.1885673432841177,0.40517944984847754,11.197997093200684,1.6266918182373047,1.4080485105514526,0.5153357982635498,8.714818000793457,1.2659696340560913,1.1247576475143433,-0.19676101207733154,6.883907794952393,1.0,1.0,-1.0,6.883907807807478,0.999999974345498,0.9999999828416264,-1.0,0.9685561540972902,0.7416380249811384,16220,0.46407257654455697,0.5148078312166349,0.29535637698676237
fotovoltaica,2026-03-01,112416,0.22892649471759796,0.7945428803121645,0.08972113259323299,0.7301329788663726,0.095204196870327,0.4807443179240083,0.16422928869724274,0.22892648733276402,0.22892649471759796,0.7554303477754032,0.7108746526254205,863020.25,12.587476754336864,0.81981493876623,0.6571650606794776,-0.2568286336531055,13.88265609741211,0.9041692018508911,0.7570595741271973,-0.3122124671936035,18.380252838134766,1.1970950365066528,1.0611134767532349,-0.16175490617752075,15.354046821594238,1.0,1.0,-1.0,15.354045326113749,0.9999999185305345,1.0000000646256406,-1.0,0.9281330059777968,0.6860695550806295,32877,0.4639794713527056,0.4073736393011147,0.30524580557554387
fotovoltaica,2026-04-01,112320,0.26006942987442017,0.8752293949812199,0.07044981847831286,0.8309108077234955,0.07850173860788345,0.600046293323139,0.13960114121437073,0.26006944444444446,0.26006942987442017,0.8955188114066619,0.7566308969427009,1044073.25,13.174536568689742,0.7086494876653682,0.5426988995583256,-0.11067268671715069,14.721677780151367,0.7918691635131836,0.6395735740661621,-0.12167751789093018,18.011280059814453,0.9688146710395813,0.8312056660652161,-0.11176663637161255,18.591047286987305,1.0,1.0,-1.0,18.591048485269813,1.0000000315425692,0.9999999722017038,-1.0,0.95059650997151,0.8100373147102119,35433,0.46756479952298396,0.4763467623918145,0.32435356799551734
fotovoltaica,2026-05-01,116064,0.2643972337245941,0.8702503172906615,0.07276109852059567,0.8346425552542809,0.0727301836013794,0.6627700325951665,0.11897745728492737,0.26439722911497104,0.2643972337245941,0.9422882653892528,0.7216731556354198,1150309.0,15.102313032512354,0.76189739444163,0.6196968246190099,0.08220286581693359,15.879355430603027,0.8010984659194946,0.6736961603164673,0.04200613498687744,18.099966049194336,0.9131261706352234,0.7526722550392151,-0.024754643440246582,19.821977615356445,1.0,1.0,-1.0,19.821978940499022,1.0000000711765615,1.000000071461902,-1.0,0.9506996140060656,0.8135366767686643,36314,0.4947463994411742,0.4760570448221359,0.32014580709187374
fotovoltaica,2026-06-01,113424,0.20714311301708221,0.759414215046423,0.08826014483860431,0.7005121072373945,0.09164945781230927,0.48263422697960756,0.14931583404541016,0.20714310904217803,0.20714311301708221,0.8527346243881677,0.6032276518230814,997381.625,15.804876195703272,0.8986792180081762,0.780220624282838,-0.07406108578528214,16.67385482788086,0.9480900764465332,0.8223171234130859,0.001473069190979004,19.527883529663086,1.11037278175354,1.0299639701843262,-0.031897127628326416,17.586782455444336,1.0,1.0,-1.0,17.586782484750685,0.999999983231274,0.9999999839210592,-1.0,0.935974749612075,0.6909129602042988,27451,0.5789464475152665,0.41831047788276154,0.35137950388088185
fotovoltaica,2026-07-01,119040,0.2737483084201813,0.9044363290732832,0.06701358615086893,0.8645219039625055,0.07255744189023972,0.6746986476887906,0.11820396780967712,0.2737483198924731,0.2737483084201813,0.899407739282536,0.8043305249869646,1267380.125,13.16385913416888,0.6182145989276356,0.4904086693817136,-0.14854282614115455,15.13611888885498,0.7108379006385803,0.5908536314964294,-0.1239396333694458,18.691638946533203,0.877815842628479,0.7756797671318054,-0.008398354053497314,21.29334831237793,1.0,1.0,-1.0,21.29334951035645,1.0000000298698197,0.9999999249406856,-1.0,0.9428511424731183,0.7912357688648848,38771,0.45755668857760234,0.5135535341543475,0.3644236880071196
fotovoltaica,2026-08-01,121200,0.28305280208587646,0.9077125155751432,0.06506602498463168,0.8663672749652754,0.07221417129039764,0.6117283607996633,0.14943069219589233,0.28305280528052806,0.28305280208587646,0.9160496706115548,0.7958770197031859,1572443.75,16.47573622822439,0.6349541059452194,0.5538171624329076,-0.15299916859878004,18.957605361938477,0.7306022047996521,0.661845862865448,-0.0700453519821167,24.447162628173828,0.942162811756134,0.8679260611534119,-0.14430660009384155,25.94791603088379,1.0,1.0,-1.0,25.947918016785017,1.0000000520318593,0.9999999724533127,-1.0,0.9351980198019803,0.7710604558969276,40592,0.570880951944005,0.530189693786026,0.3148095176179951
