feature,idade,dia_semana,feriado,slot,ultimo_slot,vol_ultimo_slot,hist_7d,hist_28d,hist_91d,vol_hist_7d,vol_hist_28d,ref_hist_28d,restricao_hist_28d,origem_sis_28d,causa_rel_28d,causa_cnf_28d,causa_ene_28d,usina_nivel_ultimo,usina_vol_ultimo,ultimo_valor_corte,ultimo_valor_volume,usina_nivel_7d,cobertura_28d,estado_nivel_ultimo,estado_nivel_7d,estado_nivel_28d,estado_rel_7d,estado_cnf_7d,estado_ene_7d,tend_hist,tend_estado,tend_usina,tend_vol
idade,1.0,-0.13175489929695802,0.07379931479233577,0.0010676062415569294,-0.011614564133808068,-0.014143203174680301,-0.011790786682765689,-0.01223233025257562,-0.006970909737136021,-0.014653323627315818,-0.013182266308067521,-0.013438576721837578,-0.014594952552354106,0.001249940230636603,0.007238527095530409,-0.011517837192472822,-0.0023793228554456537,-0.027683512996261598,-0.0204828117467435,-0.024292925345161254,-0.023422729930839072,-0.016630242016454386,0.00114655939665921,-0.03436988829191093,-0.021577633546815207,-0.035187872794313554,0.01424258153502613,-0.028943031329684867,0.031471590760362614,6.391462268833031e-6,0.003692326571160312,-0.015633613206495877,-0.0023949004641581548
dia_semana,-0.13175489929695802,1.0,0.09338586904101744,-0.0008392990822386198,-0.02058454680800214,-0.020449609404765118,0.0008669649198208453,-0.0008679479890531128,0.00003616613772156357,-0.0004957268300772969,-0.0016027102375798317,-0.0022576466106854036,-0.0002322530026994682,-0.0004911501816136114,-0.004398147621215014,0.001243916081735195,0.0015424334947274111,-0.04268607364501391,-0.04132917941495787,0.007311436677100117,0.007536209568347919,0.004090304425256952,0.0004462817434550283,-0.04163812426800165,0.004626478255163701,0.0006453118459242109,-0.003502355075831759,0.0031248839567090563,-0.001396794857624703,0.003935906551350495,0.008423504288911319,-0.07366773320194765,0.003243674793008073
feriado,0.07379931479233576,0.09338586904101742,1.0,0.00005986019900844114,0.023066215171637663,0.02031733674981956,0.03398192847812789,0.019030328300075755,0.014715529524728321,0.033039327550276124,0.012249691708473613,0.011093157084861584,0.021470278199238305,0.01706210878780179,-0.01570042619393462,0.03644976252613186,-0.0016963727308462269,0.047976367418453264,0.0273508262166606,0.014572680109360536,0.013616130820963522,0.0640388672164573,0.004781200896444542,0.05428506769440739,0.07013872817999871,0.039290862563911566,-0.03519309278514871,0.03616067107619674,-0.013374567445047334,0.04340068963900911,0.0713252326813587,-0.014437086210667078,0.05054566864094198
slot,0.0010676062415569294,-0.0008392990822386198,0.00005986019900844114,1.0,0.003736651796891877,0.00014492886800071477,0.013866161854531003,0.025845249668562564,0.029803549994937405,0.009883233361876152,0.020408832267200073,0.0013820420107598678,0.025828711489260216,0.09396559238489062,0.0596698004851259,0.059893934318478975,0.08071125809782603,0.0005858017673319036,0.0006981307437236656,-0.000026219121723539164,-0.00014975325950216306,-0.00020412110045245186,-0.0007852299633861774,0.0014172341536265163,0.0012008037360145274,0.0013807422967657915,-0.0001453851180817277,0.0014934872433222091,-0.0010958217572915746,-0.007012667372871878,4.434099295316799e-6,0.0015062327080625868,-0.009236486588836737
ultimo_slot,-0.011614564133808068,-0.020584546808002136,0.023066215171637663,0.003736651796891877,1.0,0.9613725380058988,0.7725708661446059,0.710552120236278,0.6558382705351992,0.6964470877867895,0.6241390713793341,0.03002766065709275,0.6952841298405259,0.2791662226370694,0.17896294297185808,0.23876967687788425,0.39732390220058,0.50078693305987,0.4082219993195934,0.32908169899592987,0.3309173852597931,0.3941375430310324,0.0027704135833777426,0.4330885851585392,0.34334236527803286,0.3060437949748145,-0.0023975465387620384,0.25055921532464287,-0.20052657504564123,0.31171471533590117,0.15011437821822818,0.2929202017640973,0.1692102235277941
vol_ultimo_slot,-0.014143203174680301,-0.02044960940476512,0.020317336749819562,0.00014492886800071477,0.961372538005899,1.0,0.7622111525441327,0.7080181308843926,0.650946953507366,0.7395228422012848,0.6681384817043581,0.12638051104803963,0.691607565546587,0.2724702466872132,0.1694095658988165,0.2365326117799473,0.37414824584382944,0.5241122688082974,0.49268483762249765,0.3492937073664028,0.3569681296014599,0.4116938640101559,-0.0024461260867755996,0.458919369968961,0.36158331028158003,0.3262299589150284,0.002242983167716195,0.262175176142529,-0.21546062178252534,0.29562536788376104,0.15118344938139083,0.30532192084045634,0.20496122089453198
hist_7d,-0.011790786682765687,0.0008669649198208454,0.033981928478127886,0.013866161854531003,0.772570866144606,0.7622111525441327,1.0,0.9101388445792093,0.8381532128558574,0.9191683602526572,0.809393618034432,0.03169089039439045,0.890149408414902,0.37975241628392103,0.2964130169867964,0.337376215475018,0.5275437823565883,0.41123057484377773,0.32981314441579634,0.28703593487552226,0.2871559342700144,0.5232886951240705,0.002609621702346238,0.36282768259248704,0.4562328933943847,0.3953895525384219,0.03896805132880356,0.32372275125516076,-0.273394810547362,0.4196460012184633,0.22642966061326775,-0.014615904475684267,0.233494740704121
hist_28d,-0.01223233025257562,-0.0008679479890531128,0.019030328300075755,0.02584524966856256,0.7105521202362779,0.7080181308843925,0.9101388445792093,1.0,0.9286370542000038,0.8447709148165214,0.9008650404357028,0.03948360862272673,0.9743287727014298,0.4655040903563301,0.39571442308995114,0.4305836715220884,0.5882322650140905,0.35857706630150354,0.2908620345563726,0.26353402126150616,0.26333511484579725,0.4471726837575115,0.0025853478575780277,0.31670353623285774,0.382741885386586,0.4439625410972084,0.05054518089010638,0.3582874821086922,-0.3196885860814792,0.04786742542320337,0.006339001063049123,0.001193932788946282,-0.03385221056257154
hist_91d,-0.006970909737136021,0.00003616613772156357,0.014715529524728323,0.029803549994937405,0.6558382705351992,0.6509469535073661,0.8381532128558574,0.9286370542000039,1.0,0.7714273511504257,0.8327945236931951,0.0047063283055738215,0.9098383398452797,0.41630525296789933,0.3430966218156333,0.37600136363792036,0.5736952096826952,0.2872413410357935,0.22377510508810983,0.19544176808985994,0.19436882078940562,0.35745471591547845,0.00545996940716984,0.24160193946656244,0.29294292946541506,0.3556987294861925,0.04045704662910284,0.3183413084147766,-0.2829104409075153,0.011323544677698923,-0.02797519226550546,0.0007150539804123894,-0.07001802064549291
vol_hist_7d,-0.01465332362731582,-0.0004957268300772969,0.033039327550276124,0.009883233361876152,0.6964470877867895,0.7395228422012848,0.9191683602526571,0.8447709148165216,0.7714273511504258,1.0,0.878268025988198,0.22824081154886133,0.8250132290637755,0.3674077341936144,0.331354795061172,0.34852887296431007,0.47391374499956535,0.4063678780744115,0.4163280403379501,0.29461227329138534,0.3025868027394921,0.517863196435759,-0.011145789924392626,0.3587375113086244,0.44960631856802985,0.396158061642873,0.08127833451902682,0.3184546551716879,-0.28682799155911926,0.3550173643427257,0.2123369413758176,-0.01281253539519986,0.288205370341519
vol_hist_28d,-0.013182266308067521,-0.0016027102375798317,0.012249691708473611,0.020408832267200076,0.6241390713793341,0.668138481704358,0.809393618034432,0.9008650404357028,0.8327945236931951,0.878268025988198,0.9999999999999998,0.31256400663993955,0.873796624246947,0.4523243548645483,0.4621422834149287,0.4351685173901528,0.5098293825279011,0.3352109041385905,0.3842487038146083,0.25230183455048055,0.2611970642752694,0.4214467092481656,-0.015260869683111043,0.2883183851896862,0.3530962076307779,0.42005945299140196,0.11079692975388221,0.32692541066964015,-0.31587190042976154,0.029486990983013498,-0.00543241631759069,-0.004471577135988322,-0.06729863352364608
ref_hist_28d,-0.01343857672183758,-0.0022576466106854036,0.011093157084861584,0.0013820420107598678,0.030027660657092753,0.12638051104803966,0.03169089039439046,0.039483608622726735,0.0047063283055738215,0.2282408115488613,0.31256400663993955,1.0,0.03442007797299636,-0.0021197025183409936,0.013559939964007527,0.05607781009036118,-0.058763390600532206,0.14112756677685123,0.45599963295409535,0.026550810747491185,0.0451446187265972,0.16186242145522414,-0.04780308260423836,0.1463424408811023,0.17593683245452474,0.20798748876117829,0.09939712172630223,0.13277506168692066,-0.14506813989832287,-0.006387697489039479,-0.015772064719797824,0.003610944000691014,-0.030033137896399508
restricao_hist_28d,-0.014594952552354106,-0.0002322530026994682,0.02147027819923831,0.025828711489260213,0.6952841298405259,0.691607565546587,0.8901494084149019,0.9743287727014297,0.9098383398452797,0.8250132290637756,0.873796624246947,0.03442007797299636,0.9999999999999998,0.4679581245171787,0.3997396618766519,0.4700303933053461,0.5906796331271957,0.36104858131242384,0.29299315665052306,0.2711878868960529,0.27032885227891934,0.44695663577410966,0.0018908612376801327,0.34790114109556863,0.4182627336954349,0.48293471091228085,0.052664403977188995,0.3978769392615933,-0.35268406159586285,0.05175340659801536,0.008761443820981376,0.004372283826924114,-0.027159196853167155
origem_sis_28d,0.001249940230636603,-0.0004911501816136114,0.01706210878780179,0.0939655923848906,0.27916622263706947,0.2724702466872132,0.37975241628392103,0.4655040903563301,0.4163052529678994,0.3674077341936144,0.45232435486454825,-0.0021197025183409936,0.4679581245171787,1.0,0.4963603084547578,0.1972941213068201,0.7349636312291078,0.0445927405623299,0.06180385686113416,-0.07448438088181707,-0.07295439412197373,0.05028498298348086,0.002260713611577985,0.051720450450659795,0.056230044117086694,0.06442645331476483,0.13257376179825855,0.03444970866346128,-0.04386749397375916,-0.022472965810784826,-0.013157755225807106,0.00771667005866534,-0.06897891849026187
causa_rel_28d,0.007238527095530408,-0.004398147621215014,-0.01570042619393462,0.0596698004851259,0.17896294297185808,0.16940956589881648,0.2964130169867964,0.39571442308995114,0.34309662181563333,0.33135479506117205,0.4621422834149287,0.013559939964007523,0.39973966187665183,0.49636030845475776,1.0,0.38301364952711364,0.33823691902830344,0.11051091989309003,0.09400013404996475,0.0722830368522217,0.07369423678342915,0.17585277722033443,0.012466036586540087,0.07475423278616153,0.12045952846103734,0.17023255546252428,0.3516638664404096,0.12273352220515554,-0.19106664936724296,-0.04922143088776294,-0.026286284916723215,-0.04252357613672859,-0.10120156057827646
causa_cnf_28d,-0.011517837192472822,0.001243916081735195,0.03644976252613185,0.059893934318478975,0.2387696768778843,0.2365326117799473,0.337376215475018,0.4305836715220884,0.3760013636379204,0.34852887296431007,0.4351685173901528,0.05607781009036118,0.4700303933053461,0.1972941213068201,0.3830136495271137,1.0,0.05347856520694578,0.39227964122288567,0.2909888422160546,0.2876759932509123,0.2849900886850278,0.4853882599108583,0.017286504819492118,0.38608545402554445,0.463665121749481,0.5718222114637205,0.028114407668290896,0.5384410816235694,-0.4640973679485959,-0.04397119412205359,-0.027836058770935562,0.009688077096364144,-0.07777611613366686
causa_ene_28d,-0.002379322855445654,0.0015424334947274111,-0.0016963727308462269,0.08071125809782605,0.39732390220057995,0.3741482458438294,0.5275437823565883,0.5882322650140906,0.573695209682695,0.47391374499956535,0.5098293825279012,-0.058763390600532206,0.5906796331271956,0.7349636312291078,0.33823691902830344,0.05347856520694578,0.9999999999999998,0.031648488478255105,0.0407312947304461,0.005293759364554728,0.0054355551800444706,0.026880306778895385,0.004747441559839017,0.034794710623689856,0.026724740523432856,-0.0012738835179925175,0.006870671835225465,-0.031024212769947365,0.052547810862667174,0.038435008032956144,0.04193764594411592,0.01515127269276651,-0.024916758864968032
usina_nivel_ultimo,-0.027683512996261598,-0.042686073645013915,0.04797636741845326,0.0005858017673319037,0.5007869330598701,0.5241122688082974,0.41123057484377773,0.35857706630150354,0.28724134103579346,0.40636787807441155,0.3352109041385905,0.14112756677685123,0.3610485813124238,0.0445927405623299,0.11051091989309002,0.3922796412228856,0.031648488478255105,0.9999999999999998,0.8102954136471268,0.5470636232295631,0.5483597910300224,0.761065112319856,0.0038993735572886846,0.8566262023205299,0.6630765132031213,0.5860609667361851,0.008972304556956266,0.48028043353677835,-0.37951112404886916,0.23423472315906493,0.29114351621569295,0.5666571824796708,0.19185418147521688
usina_vol_ultimo,-0.020482811746743497,-0.041329179414957874,0.0273508262166606,0.0006981307437236656,0.4082219993195934,0.49268483762249765,0.32981314441579634,0.2908620345563726,0.22377510508810985,0.4163280403379501,0.3842487038146083,0.45599963295409535,0.29299315665052306,0.06180385686113417,0.09400013404996475,0.2909888422160546,0.0407312947304461,0.8102954136471268,1.0,0.38210845702415536,0.3948844962787984,0.6199473260587951,-0.01939284445372783,0.7193598448861195,0.5544900774408469,0.4918435798663777,0.058426532346456714,0.37215816482801306,-0.30210223666880676,0.17978378554709773,0.23158215435492038,0.4740085121282585,0.16195203130348157
ultimo_valor_corte,-0.024292925345161254,0.007311436677100116,0.014572680109360536,-0.000026219121723539164,0.3290816989959298,0.34929370736640275,0.28703593487552226,0.2635340212615062,0.19544176808985994,0.29461227329138534,0.25230183455048055,0.026550810747491185,0.2711878868960529,-0.07448438088181708,0.07228303685222172,0.2876759932509123,0.005293759364554728,0.5470636232295631,0.38210845702415536,1.0,0.9957011960686737,0.4519452568031466,0.0004496815191354738,0.47687047581784964,0.3815776646190513,0.3700869018025218,-0.02944632485090473,0.31342363164601567,-0.27282139209358786,0.13203197104816855,0.1416720484156077,0.30985418881718135,0.12535252332706867
ultimo_valor_volume,-0.023422729930839072,0.007536209568347919,0.013616130820963523,-0.00014975325950216306,0.33091738525979314,0.3569681296014599,0.2871559342700144,0.26333511484579725,0.19436882078940565,0.30258680273949207,0.2611970642752694,0.0451446187265972,0.2703288522789194,-0.07295439412197373,0.07369423678342917,0.2849900886850278,0.00543555518004447,0.5483597910300224,0.3948844962787984,0.9957011960686737,0.9999999999999999,0.45109827465652436,-0.0018025691162121644,0.47729672871943896,0.3796599199503562,0.36807846949345463,-0.026061986526828895,0.31141869017723844,-0.2727106701692264,0.1323079915576159,0.1414730179229,0.3138048423553671,0.12791091850021793
usina_nivel_7d,-0.016630242016454386,0.004090304425256952,0.06403886721645731,-0.00020412110045245184,0.3941375430310323,0.41169386401015595,0.5232886951240706,0.44717268375751146,0.35745471591547845,0.517863196435759,0.42144670924816563,0.16186242145522417,0.44695663577410966,0.05028498298348086,0.17585277722033443,0.4853882599108583,0.026880306778895385,0.761065112319856,0.6199473260587952,0.4519452568031466,0.45109827465652436,1.0,0.002127168677120698,0.6716822322284781,0.8670021074683628,0.7310018791986213,0.07301319752485191,0.5834945281306403,-0.479692769509006,0.32536225668662727,0.4345316559053672,-0.031764088873586574,0.268185685936549
cobertura_28d,0.00114655939665921,0.00044628174345502837,0.004781200896444542,-0.0007852299633861774,0.0027704135833777426,-0.0024461260867755996,0.0026096217023462375,0.002585347857578028,0.00545996940716984,-0.011145789924392626,-0.015260869683111042,-0.047803082604238364,0.0018908612376801327,0.0022607136115779846,0.012466036586540085,0.01728650481949212,0.004747441559839018,0.003899373557288684,-0.01939284445372783,0.00044968151913547376,-0.0018025691162121646,0.002127168677120698,1.0,-0.024547047858932403,-0.025182259360014895,-0.034813659873490395,0.008716907791724904,-0.018224644598949936,0.020845853822088492,0.003321017829529783,0.012961061264369206,-0.00042158762332959883,0.0037413630367209546
estado_nivel_ultimo,-0.03436988829191093,-0.04163812426800165,0.05428506769440739,0.0014172341536265163,0.4330885851585392,0.45891936996896104,0.36282768259248704,0.31670353623285774,0.24160193946656247,0.3587375113086244,0.2883183851896862,0.1463424408811023,0.34790114109556863,0.051720450450659795,0.07475423278616153,0.3860854540255445,0.034794710623689856,0.8566262023205298,0.7193598448861195,0.4768704758178497,0.477296728719439,0.6716822322284782,-0.0245470478589324,0.9999999999999998,0.7694364528210551,0.6893238705057251,0.0013580453686368365,0.5681338018681127,-0.45894401677590385,0.2036253670366942,0.3298340229299625,0.4764945125085675,0.18140008789453094
estado_nivel_7d,-0.02157763354681521,0.004626478255163701,0.07013872817999871,0.0012008037360145274,0.34334236527803286,0.36158331028158003,0.4562328933943847,0.382741885386586,0.29294292946541506,0.44960631856802985,0.3530962076307779,0.17593683245452474,0.4182627336954349,0.056230044117086694,0.12045952846103736,0.46366512174948094,0.026724740523432856,0.6630765132031213,0.5544900774408469,0.3815776646190513,0.37965991995035614,0.8670021074683628,-0.025182259360014895,0.7694364528210551,1.0,0.844834861994237,0.06690173752232745,0.6757037166502988,-0.5655490279269957,0.2996212894647039,0.49684196200591335,-0.03490572563932649,0.26439609807940045
estado_nivel_28d,-0.035187872794313554,0.0006453118459242108,0.039290862563911566,0.0013807422967657915,0.30604379497481443,0.3262299589150284,0.39538955253842195,0.44396254109720845,0.3556987294861925,0.3961580616428729,0.4200594529914019,0.2079874887611783,0.4829347109122808,0.06442645331476483,0.1702325554625243,0.5718222114637205,-0.0012738835179925175,0.5860609667361852,0.49184357986637767,0.37008690180252174,0.36807846949345463,0.7310018791986213,-0.034813659873490395,0.6893238705057251,0.844834861994237,1.0,0.051934751986886664,0.7987873805509245,-0.7087246775669672,0.01717610370892156,0.012403160787435823,0.0011491148606295827,0.009280199359069591
estado_rel_7d,0.01424258153502613,-0.0035023550758317592,-0.03519309278514871,-0.00014538511808172768,-0.002397546538762039,0.002242983167716195,0.03896805132880356,0.05054518089010638,0.04045704662910284,0.08127833451902682,0.11079692975388224,0.09939712172630222,0.052664403977188995,0.13257376179825858,0.3516638664404096,0.028114407668290896,0.006870671835225465,0.008972304556956266,0.058426532346456714,-0.029446324850904728,-0.026061986526828895,0.07301319752485191,0.008716907791724904,0.0013580453686368365,0.06690173752232745,0.05193475198688666,1.0,0.057654960208286164,-0.2847368198848693,0.006636795134847961,0.052864417320205234,-0.07949543632743596,0.026695121293566847
estado_cnf_7d,-0.02894303132968487,0.0031248839567090563,0.03616067107619674,0.0014934872433222091,0.25055921532464287,0.262175176142529,0.32372275125516076,0.35828748210869227,0.3183413084147766,0.3184546551716879,0.3269254106696401,0.13277506168692066,0.39787693926159334,0.03444970866346128,0.12273352220515553,0.5384410816235694,-0.031024212769947362,0.48028043353677835,0.3721581648280131,0.31342363164601567,0.31141869017723844,0.5834945281306403,-0.018224644598949936,0.5681338018681128,0.6757037166502989,0.7987873805509246,0.05765496020828616,1.0,-0.8889157608618207,0.01482906643765994,0.024029658151306962,0.01070045042893976,0.01837955078777235
estado_ene_7d,0.031471590760362614,-0.0013967948576247033,-0.013374567445047333,-0.0010958217572915746,-0.2005265750456412,-0.21546062178252534,-0.273394810547362,-0.3196885860814792,-0.2829104409075153,-0.28682799155911926,-0.31587190042976154,-0.1450681398983229,-0.35268406159586285,-0.043867493973759164,-0.19106664936724294,-0.46409736794859585,0.05254781086266718,-0.3795111240488692,-0.3021022366688067,-0.27282139209358786,-0.2727106701692264,-0.479692769509006,0.020845853822088495,-0.4589440167759039,-0.5655490279269957,-0.7087246775669672,-0.2847368198848693,-0.8889157608618208,1.0,0.023873318376817786,0.02711569013320533,0.022190761760833014,0.0014612067236120653
tend_hist,6.391462268833032e-6,0.003935906551350495,0.04340068963900911,-0.007012667372871878,0.31171471533590117,0.29562536788376104,0.41964600121846324,0.047867425423203366,0.011323544677698923,0.3550173643427257,0.029486990983013498,-0.0063876974890394785,0.051753406598015354,-0.022472965810784826,-0.04922143088776294,-0.04397119412205359,0.03843500803295615,0.23423472315906496,0.17978378554709773,0.13203197104816858,0.1323079915576159,0.3253622566866273,0.003321017829529783,0.20362536703669418,0.2996212894647039,0.017176103708921555,0.006636795134847961,0.01482906643765994,0.023873318376817786,0.9999999999999998,0.5603473779431812,-0.04820452507023452,0.6602728344093861
tend_estado,0.0036923265711603114,0.008423504288911317,0.0713252326813587,4.434099295316799e-6,0.15011437821822818,0.15118344938139083,0.22642966061326775,0.006339001063049123,-0.027975192265505457,0.21233694137581763,-0.00543241631759069,-0.015772064719797824,0.008761443820981376,-0.013157755225807104,-0.026286284916723215,-0.02783605877093556,0.04193764594411592,0.29114351621569295,0.23158215435492038,0.1416720484156077,0.14147301792290004,0.43453165590536724,0.012961061264369206,0.3298340229299625,0.4968419620059134,0.012403160787435823,0.05286441732020523,0.024029658151306966,0.02711569013320533,0.5603473779431812,0.9999999999999998,-0.09177886194079388,0.5229630485929537
tend_usina,-0.015633613206495877,-0.07366773320194765,-0.014437086210667076,0.001506232708062587,0.29292020176409733,0.3053219208404564,-0.014615904475684269,0.001193932788946282,0.0007150539804123894,-0.012812535395199859,-0.004471577135988322,0.0036109440006910137,0.004372283826924114,0.00771667005866534,-0.04252357613672859,0.009688077096364144,0.01515127269276651,0.5666571824796708,0.47400851212825845,0.30985418881718135,0.3138048423553671,-0.03176408887358657,-0.00042158762332959883,0.4764945125085675,-0.03490572563932649,0.0011491148606295827,-0.07949543632743594,0.010700450428939759,0.022190761760833018,-0.048204525070234525,-0.09177886194079388,0.9999999999999998,-0.04657930126290743
tend_vol,-0.0023949004641581543,0.0032436747930080726,0.05054566864094199,-0.009236486588836735,0.16921022352779408,0.20496122089453198,0.233494740704121,-0.03385221056257154,-0.0700180206454929,0.288205370341519,-0.06729863352364608,-0.030033137896399508,-0.02715919685316715,-0.06897891849026187,-0.10120156057827646,-0.07777611613366688,-0.024916758864968035,0.19185418147521688,0.16195203130348157,0.12535252332706864,0.12791091850021793,0.268185685936549,0.003741363036720955,0.18140008789453094,0.2643960980794005,0.009280199359069591,0.026695121293566843,0.01837955078777235,0.0014612067236120653,0.6602728344093861,0.5229630485929536,-0.04657930126290743,0.9999999999999998
