variante,wape_diario,wape,rmse,vies,meses_vence_b0,meses_vence_hist
B1,0.8480236186624577,1.0727770528400176,39.15580444796666,-0.023774690443881724,3,4
B0,0.8533753543260738,1.0832473763894575,38.91159129420324,-0.004717466015824248,0,6
B6,0.8545051612343055,1.057790344009705,40.500656954338915,-0.15055147126676371,3,4
B0_s1,0.8559183726261028,1.087033538093869,39.057895300947656,0.00850012927715861,3,3
B2,0.8660984878250612,1.0672445824334704,40.84637123635965,-0.1540768702937252,5,4
B0_s2,0.8661768256478871,1.0953426322253421,39.18237116089129,0.003265722092884754,2,3
B4,0.8707663978948372,1.0963085627746425,39.341296336552205,-0.002730729464162557,3,4
B3,0.888995083983046,1.059564959036877,42.759956794561226,-0.2599525253266531,3,3
historico,0.981221366109061,1.21353663998563,39.88659400795299,0.13764768963985208,2,0
B5,5.075570412983257e+35,5.0755704129832576e+35,4.278376807406116e+39,5.0755704129832576e+35,0,3
