variante,mes,wape_diario,wape,rmse,vies
B0,2026-01-01,0.73480329558839,0.9325022629384984,46.01955477252334,-0.21501368524672382
historico,2026-01-01,0.8144988900539747,0.9902270479650052,47.2788238812956,-0.14240176911576796
B0,2026-02-01,1.65508439020727,1.9941542385316475,23.13417315026796,0.8582777923800555
historico,2026-02-01,2.6052387073411016,3.0367769485580864,29.14875382102992,2.10720368804148
B0,2026-03-01,0.7797967327935392,1.047957964596971,22.658113064371307,-0.08743518051973875
historico,2026-03-01,0.790075269802876,1.000066488668939,23.101840644354134,-0.22387642630378246
B0,2026-04-01,0.8129058840045259,1.0698670757724962,37.01841047568247,-0.11372270698388232
historico,2026-04-01,0.7406418788023306,0.997889260762984,35.88081544941078,-0.24620600682739113
B0,2026-05-01,0.702122106874901,0.943211108820565,40.64390277832049,-0.14305658977445979
historico,2026-05-01,0.7142379745403868,0.9640793472851146,40.510785816405274,-0.13025066314979483
B0,2026-06-01,0.9582751835137727,1.149084773347282,42.95253514050343,-0.09788303169056356
historico,2026-06-01,0.9579298374308062,1.170954333152239,41.592257296278845,0.03589814701055882
B0,2026-07-01,0.6448009133903099,0.8146840442837646,46.252822682995784,-0.08520034625933404
historico,2026-07-01,0.6482944704745818,0.817377769751255,47.76297328763682,-0.201190042372274
B0,2026-08-01,0.5392143282358813,0.7145175428244339,52.61321828896116,-0.15370598003194724
historico,2026-08-01,0.5788539004264303,0.7309219237414173,53.81650186721257,-0.09799541016421187
B1,2026-01-01,0.753351822811144,0.9507263601826201,46.18327782100909,-0.18597837793709726
B1,2026-02-01,1.531996738046155,1.853541745716937,22.471997133978498,0.6656842177036015
B1,2026-03-01,0.8033163744792535,1.0654793938641907,23.127161525642503,-0.0822489338124659
B1,2026-04-01,0.7968713235317737,1.052920202972581,37.02784541946722,-0.14862682074620615
B1,2026-05-01,0.7227519088243819,0.9523476961535128,40.75309420360429,-0.14462940480666486
B1,2026-06-01,0.976385326468313,1.1654069559151246,43.550075488542305,-0.10526954179680748
B1,2026-07-01,0.6385440919005173,0.811336474877606,46.745142069799535,-0.09997921295418277
B1,2026-08-01,0.5609713632381227,0.7304575930375681,53.38784192168981,-0.08914944920123091
B2,2026-01-01,0.7316369897718166,0.9168217626889038,46.50685218646789,-0.25544767761411336
B2,2026-02-01,1.582957126372573,1.9289630689571857,22.936948029807937,0.8733285640432844
B2,2026-03-01,0.7422260242988843,0.9341058168988187,22.83621601033322,-0.3938320925918489
B2,2026-04-01,0.7857378275788529,1.0195076957354745,37.123884491701084,-0.24105088135804875
B2,2026-05-01,0.6906324444630519,0.9107204304750965,41.49217570425595,-0.29756206478765235
B2,2026-06-01,1.0156928466744533,1.19011428142259,45.01313106236101,-0.15268743048755407
B2,2026-07-01,0.7122906246296455,0.8422856190404159,50.74820965124885,-0.38104879869416297
B2,2026-08-01,0.6676140188112119,0.7954379842492785,60.11355275470125,-0.3843145808597055
B3,2026-01-01,0.7539389498631177,0.8977920526413373,48.56308112571729,-0.42324555864590985
B3,2026-02-01,1.5087271551503423,1.7957714966367,24.33579179893149,0.6252956237884562
B3,2026-03-01,0.7528318938070861,0.9274641656875364,23.13339138319091,-0.44913503199203986
B3,2026-04-01,0.7823864782261035,0.9959757615049234,37.31750044536279,-0.3125536579696315
B3,2026-05-01,0.816814843574415,0.948183521448139,47.2511121480646,-0.6500844526647094
B3,2026-06-01,1.0460932985319011,1.212440453637059,45.58067022754276,-0.024714300080897034
B3,2026-07-01,0.758367297296319,0.894910139856364,55.07884939402534,-0.3914124441909185
B3,2026-08-01,0.6928007554150831,0.8039820808829572,60.81925783365462,-0.4537703808575748
B4,2026-01-01,0.7423356912114707,0.9364534095572795,46.352766240589496,-0.22071805339612338
B4,2026-02-01,1.7396079528342923,2.0871692549912133,23.809427471366753,0.9801808231584779
B4,2026-03-01,0.791502511584971,1.026669855021533,22.75165086703459,-0.16844351526513557
B4,2026-04-01,0.8067386891507504,1.0601318277703864,36.94918615067236,-0.14600926668544778
B4,2026-05-01,0.7146701360061001,0.9578023028630077,41.129399005283986,-0.12472832440088943
B4,2026-06-01,1.0119919015295025,1.1995110438548484,44.048228210064025,-0.051644558673371144
B4,2026-07-01,0.6248312832980207,0.79577736907867,46.64973557767976,-0.1454860694147605
B4,2026-08-01,0.5344530175435903,0.7069534390602024,53.03997716972669,-0.14499687103605052
B5,2026-01-01,4.0604563303866055e+36,4.060456330386606e+36,3.422701445924893e+40,4.060456330386606e+36
B5,2026-02-01,1.6807626621886547,2.029763425120491,23.945728819675107,0.9433315982904955
B5,2026-03-01,0.9186252422789559,1.096652088503696,58.71386423437975,-0.2404752070667182
B5,2026-04-01,0.8155150496375627,1.051570858253702,37.838187298458934,-0.2368699371455073
B5,2026-05-01,0.7029566524607695,0.960978872109925,41.99804067586045,-0.1455977698634482
B5,2026-06-01,1.0356129715252094,1.2169126117055098,44.49829288438477,-0.019077999773710053
B5,2026-07-01,0.6658771016528635,0.8243012092881117,49.32711813370614,-0.2637528202456103
B5,2026-08-01,0.5393545873321278,0.7059291480210689,54.03924872135715,-0.2587820662011956
B0_s1,2026-01-01,0.7410055676043283,0.9390041642680523,46.398749813550076,-0.2194789164816654
B0_s1,2026-02-01,1.620353238231787,1.965207139199209,22.970482606282555,0.8334145441548781
B0_s1,2026-03-01,0.8065398854322162,1.0705190055127183,22.965876264019155,-0.06727208005428109
B0_s1,2026-04-01,0.8010605091090598,1.0596197187164196,36.81280178710967,-0.11965984790017281
B0_s1,2026-05-01,0.7245757017415495,0.9645367751631303,41.03361720625661,-0.11145557272742213
B0_s1,2026-06-01,0.9711671401063404,1.1628583615557362,43.60886241878718,-0.0912345594831776
B0_s1,2026-07-01,0.6533211294810103,0.8234234944569834,46.61597184875498,-0.06342430486477757
B0_s1,2026-08-01,0.5293238093025315,0.7110996458787023,52.056800462821016,-0.09288822842611266
B0_s2,2026-01-01,0.7336534191465172,0.9335448244298187,45.973468346431396,-0.22274257122023
B0_s2,2026-02-01,1.7100484122048605,2.044693058263398,23.56470902962808,0.8981673886864043
B0_s2,2026-03-01,0.8022202067990388,1.0646827172547682,22.944725561333495,-0.0670114219223159
B0_s2,2026-04-01,0.8054739900447287,1.0659736040079175,36.94418836815379,-0.10761860699271464
B0_s2,2026-05-01,0.7194309688990705,0.9591154288030936,41.13909443483776,-0.13012695850753453
B0_s2,2026-06-01,0.9654600442927366,1.1565092760940061,43.39206702960623,-0.10068507035563257
B0_s2,2026-07-01,0.6486285614627864,0.8169298316547208,46.57419670661588,-0.09432525848378104
B0_s2,2026-08-01,0.5444990023333579,0.7212923172950144,52.92651981052372,-0.14953172446111762
B6,2026-01-01,0.7369977558536814,0.9218515656258818,46.32165765544943,-0.23801628120342333
B6,2026-02-01,1.5442638777667044,1.8812709690689953,22.39280802733526,0.7576541805256229
B6,2026-03-01,0.7293252707114485,0.9177291534133186,22.897938324401043,-0.42879106742773654
B6,2026-04-01,0.7933202787649358,1.0225198609180108,37.35376839790972,-0.22202246167172968
B6,2026-05-01,0.7086615031539297,0.9253160623412408,42.15272543615709,-0.29840156185307865
B6,2026-06-01,1.0117594219323551,1.1922604953813596,45.17306475660859,-0.1319884775039335
B6,2026-07-01,0.6799190837006911,0.8199496247283131,48.827861938739794,-0.3459333761981087
B6,2026-08-01,0.6317940979906979,0.7814250206005195,58.88543109811038,-0.29691272480172226
