timestamp,ws_bytes,private_bytes,peak_ws_bytes,commit_free_bytes,cpu_s
pid=26164
2026-09-23T19:03:51.9953594-03:00,8230576128,9320804352,13072711680,27308814336,67
2026-09-23T19:04:12.2639713-03:00,9002254336,10101780480,13072711680,26430484480,88
2026-09-23T19:04:32.4027545-03:00,8921251840,10016772096,13072711680,26431041536,109
2026-09-23T19:04:52.5417711-03:00,8777961472,9928163328,13072711680,26713726976,129
2026-09-23T19:05:12.6713952-03:00,13529186304,14641631232,13529186304,21285650432,153
2026-09-23T19:05:32.7684512-03:00,9100218368,10279763968,13539680256,26212782080,173
2026-09-23T19:05:52.8805088-03:00,9061822464,10279763968,13539680256,26194157568,193
2026-09-23T19:06:13.0359491-03:00,10958479360,12461613056,13539680256,24112734208,217
2026-09-23T19:06:33.2032987-03:00,11305426944,12438855680,13539680256,24144322560,319
2026-09-23T19:06:53.3301642-03:00,11277139968,12385599488,13539680256,24035123200,435
2026-09-23T19:07:13.4960247-03:00,11313815552,12467040256,13539680256,24034119680,492
2026-09-23T19:07:33.6484125-03:00,11312152576,12433055744,13539680256,24075661312,609
2026-09-23T19:07:53.7801720-03:00,9885253632,10980208640,13539680256,25562746880,714
2026-09-23T19:08:13.8795259-03:00,8796971008,9885356032,13539680256,26655227904,761
2026-09-23T19:08:33.9716344-03:00,7318810624,8507699200,13539680256,28137025536,844
2026-09-23T19:08:54.1049824-03:00,8191483904,9506631680,13539680256,27121602560,876
2026-09-23T19:09:14.2053552-03:00,8590024704,10613723136,13539680256,26057932800,896
2026-09-23T19:09:34.2986993-03:00,8778178560,10132832256,13539680256,26466324480,918
2026-09-23T19:09:54.4003466-03:00,8541208576,9897684992,13539680256,26782068736,939
2026-09-23T19:10:14.4916834-03:00,9027387392,10336112640,13539680256,26392084480,962
2026-09-23T19:10:34.6179450-03:00,8915243008,10336112640,13539680256,26321551360,982
2026-09-23T19:10:54.7123375-03:00,9544556544,11722821632,13539680256,24998785024,1004
2026-09-23T19:11:14.8502452-03:00,11189157888,12529926144,13539680256,24110436352,1082
2026-09-23T19:11:34.9598269-03:00,11121311744,12448026624,13539680256,24217923584,1199
2026-09-23T19:11:55.1135323-03:00,11091091456,12416684032,13539680256,24246681600,1260
2026-09-23T19:12:15.2720326-03:00,11129921536,12469968896,13539680256,24250908672,1379
2026-09-23T19:12:35.3744731-03:00,11091132416,12416724992,13539680256,24245616640,1498
2026-09-23T19:12:55.5171399-03:00,8928841728,10230575104,13539680256,26523934720,1549
2026-09-23T19:13:15.6241822-03:00,8226037760,9571856384,13539680256,27220176896,1632
2026-09-23T19:13:35.7430644-03:00,3538296832,4860211200,13539680256,31998951424,1712
2026-09-23T19:13:55.8826873-03:00,3489366016,4770369536,13539680256,31989366784,1809
2026-09-23T19:14:15.9925115-03:00,5338120192,6884077568,13539680256,30162649088,1876
2026-09-23T19:14:36.1242359-03:00,4347842560,5630279680,13539680256,31144439808,1961
2026-09-23T19:14:56.2562787-03:00,3433549824,4947443712,13539680256,32069660672,2057
2026-09-23T19:15:16.3508601-03:00,6599790592,7973597184,13539680256,28842053632,2123
2026-09-23T19:15:36.4445631-03:00,6214868992,7621632000,13539680256,29135077376,2143
2026-09-23T19:15:56.5450561-03:00,6087499776,7621632000,13539680256,29512204288,2163
2026-09-23T19:16:16.6472847-03:00,6466162688,7815843840,13539680256,29366693888,2183
2026-09-23T19:16:36.7957305-03:00,6215708672,7621632000,13539680256,29751894016,2202
2026-09-23T19:16:56.9706876-03:00,6466162688,7815843840,13539680256,28818378752,2222
2026-09-23T19:17:17.1128151-03:00,6466162688,7815843840,13539680256,28846301184,2242
2026-09-23T19:17:37.2111467-03:00,6576779264,7947046912,13539680256,28609089536,2263
2026-09-23T19:17:57.3713700-03:00,6838587392,8400207872,13539680256,27365511168,2282
2026-09-23T19:18:17.4987997-03:00,6797447168,8400207872,13539680256,29920083968,2302
2026-09-23T19:18:37.6192686-03:00,6834286592,8400207872,13539680256,27668369408,2320
2026-09-23T19:18:57.7330397-03:00,6580232192,8141258752,13539680256,29181816832,2340
2026-09-23T19:19:17.8786589-03:00,6887563264,8335470592,13539680256,28963287040,2360
2026-09-23T19:19:37.9870803-03:00,6586175488,8141258752,13539680256,29335539712,2380
2026-09-23T19:19:58.1084841-03:00,6829748224,8335470592,13539680256,29296705536,2400
2026-09-23T19:20:18.2205239-03:00,7494197248,8870039552,13539680256,28822126592,2422
2026-09-23T19:20:38.3027957-03:00,7153655808,8656199680,13539680256,29063081984,2442
2026-09-23T19:20:58.3942378-03:00,6955429888,8371126272,13539680256,29404536832,2462
2026-09-23T19:21:18.4758983-03:00,7209676800,8584929280,13539680256,29181865984,2482
2026-09-23T19:21:38.5614520-03:00,7244587008,8656199680,13539680256,29080330240,2502
2026-09-23T19:21:58.6435748-03:00,6799749120,8371126272,13539680256,29163704320,2522
2026-09-23T19:22:18.7324709-03:00,7280807936,8656199680,13539680256,28890570752,2542
2026-09-23T19:22:38.8158972-03:00,7093653504,8584929280,13539680256,29120425984,2562
2026-09-23T19:22:58.9075128-03:00,7209676800,8584929280,13539680256,29150617600,2583
2026-09-23T19:23:18.9946163-03:00,6557077504,7939878912,13539680256,29793386496,2604
2026-09-23T19:23:39.1464797-03:00,7620931584,9000091648,13539680256,28786331648,2707
2026-09-23T19:23:59.2525034-03:00,9386528768,11101032448,13539680256,26681634816,2807
2026-09-23T19:24:19.4187839-03:00,7577616384,9003331584,13539680256,28701921280,2874
2026-09-23T19:24:39.5017553-03:00,5224935424,6693347328,13539680256,31042113536,2989
2026-09-23T19:24:59.6386523-03:00,6744481792,8159551488,13539680256,29257027584,3024
2026-09-23T19:25:19.7578547-03:00,4181483520,5532479488,13539680256,31966416896,3096
2026-09-23T19:25:39.8769377-03:00,2598285312,3837624320,13539680256,33432305664,3142
2026-09-23T19:26:00.0692217-03:00,2644533248,3930943488,13539680256,32926273536,3192
2026-09-23T19:26:20.1839462-03:00,1512861696,2753511424,13539680256,34468175872,3243
2026-09-23T19:26:40.4013253-03:00,2631610368,3928195072,13539680256,33536536576,3298
2026-09-23T19:27:00.4961992-03:00,1902690304,3173240832,13539680256,34298224640,3349
2026-09-23T19:27:20.5927446-03:00,2609319936,3910639616,13539680256,33679261696,3403
2026-09-23T19:27:40.7390132-03:00,2025771008,3287691264,13539680256,34301657088,3455
2026-09-23T19:28:00.8307283-03:00,2666000384,3982589952,13539680256,33662373888,3509
2026-09-23T19:28:20.9777863-03:00,2067484672,3335942144,13539680256,34235789312,3561
2026-09-23T19:28:41.2456116-03:00,1978953728,3325591552,13539680256,34320687104,3618
2026-09-23T19:29:01.3470535-03:00,2082332672,3368620032,13539680256,34229161984,3667
2026-09-23T19:29:21.4317958-03:00,1877901312,3153436672,13539680256,34460631040,3720
2026-09-23T19:29:41.5225698-03:00,2569945088,3882840064,13539680256,33757134848,3777
2026-09-23T19:30:01.6055530-03:00,2628804608,3910602752,13539680256,33696796672,3830
2026-09-23T19:30:21.6940407-03:00,2795139072,4128501760,13539680256,33643319296,3883
2026-09-23T19:30:41.8175362-03:00,2098466816,3341086720,13539680256,34270593024,3941
2026-09-23T19:31:01.8947214-03:00,1937281024,3118399488,13539680256,34481348608,3992
2026-09-23T19:31:21.9823851-03:00,1858330624,2965315584,13539680256,34679476224,4043
2026-09-23T19:31:42.0837459-03:00,2614411264,3766566912,13539680256,33805586432,4101
2026-09-23T19:32:02.1911418-03:00,1924997120,3049000960,13539680256,34500567040,4153
2026-09-23T19:32:22.2864596-03:00,3364823040,4556791808,13539680256,33057259520,4207
2026-09-23T19:32:42.3694501-03:00,2445385728,3680047104,13539680256,33953030144,4229
2026-09-23T19:33:02.4545007-03:00,5059117056,6370263040,13539680256,31309811712,4260
2026-09-23T19:33:22.5370766-03:00,3156758528,4461408256,13539680256,33186344960,4281
2026-09-23T19:33:42.6601433-03:00,5667692544,7094583296,13539680256,30617784320,4302
2026-09-23T19:34:02.7785228-03:00,2180710400,3466600448,13539680256,34158620672,4326
2026-09-23T19:34:22.9743215-03:00,3650600960,5094248448,13539680256,32414040064,4356
2026-09-23T19:34:43.1166020-03:00,2189197312,3524562944,13539680256,33655513088,4377
2026-09-23T19:35:03.2237131-03:00,4613496832,6187335680,13539680256,31265771520,4399
2026-09-23T19:35:23.3328715-03:00,1612341248,2914185216,13539680256,34550849536,4426
2026-09-23T19:35:43.4435099-03:00,3362643968,4735053824,13539680256,32330080256,4452
2026-09-23T19:36:03.5216731-03:00,2257813504,3612639232,13539680256,33790787584,4473
2026-09-23T19:36:23.6249525-03:00,3599486976,5294190592,13539680256,32203595776,4496
2026-09-23T19:36:43.7467860-03:00,1688027136,2867924992,13539680256,34621456384,4525
2026-09-23T19:37:03.8540166-03:00,5064986624,6307594240,13539680256,31173545984,4548
2026-09-23T19:37:23.9803467-03:00,4680773632,5940088832,13539680256,31521202176,4570
2026-09-23T19:37:44.0656100-03:00,4843700224,6051594240,13539680256,31588667392,4628
2026-09-23T19:38:04.1404247-03:00,4698210304,5844738048,13539680256,31823007744,4648
2026-09-23T19:38:24.2186347-03:00,4616568832,5762932736,13539680256,31842709504,4668
2026-09-23T19:38:44.2953389-03:00,4664508416,5811367936,13539680256,31897313280,4688
2026-09-23T19:39:04.3796751-03:00,4616577024,5762932736,13539680256,31929835520,4708
2026-09-23T19:39:24.4667082-03:00,4616577024,5762932736,13539680256,31933820928,4728
2026-09-23T19:39:44.5549601-03:00,4894158848,6056726528,13539680256,31639482368,4748
2026-09-23T19:40:04.6392798-03:00,4616577024,5762932736,13539680256,31932071936,4768
2026-09-23T19:40:24.7250378-03:00,4616577024,5762932736,13539680256,31902752768,4788
2026-09-23T19:40:44.8186413-03:00,4616577024,5762932736,13539680256,31765716992,4808
2026-09-23T19:41:04.9013698-03:00,4785262592,5935181824,13539680256,31752716288,4828
2026-09-23T19:41:24.9866522-03:00,4616577024,5762932736,13539680256,31796396032,4848
2026-09-23T19:41:45.1059562-03:00,4292812800,5496528896,13539680256,31382921216,4869
2026-09-23T19:42:05.1903838-03:00,4292812800,5496528896,13539680256,31232618496,4889
2026-09-23T19:42:25.2753852-03:00,4292812800,5496528896,13539680256,31793627136,4909
2026-09-23T19:42:45.3600194-03:00,4438839296,5652148224,13539680256,31771615232,4930
2026-09-23T19:43:05.4493231-03:00,4387975168,5598654464,13539680256,31826833408,4950
2026-09-23T19:43:25.5300827-03:00,5343657984,6575448064,13539680256,30868393984,4972
2026-09-23T19:43:45.6041272-03:00,5302980608,6534692864,13539680256,30903386112,4992
2026-09-23T19:44:05.6968679-03:00,5333037056,6572232704,13539680256,30838779904,5012
2026-09-23T19:44:25.7763026-03:00,5297074176,6534692864,13539680256,30879526912,5032
2026-09-23T19:44:45.8501310-03:00,5367709696,6606548992,13539680256,30844571648,5052
2026-09-23T19:45:05.9349234-03:00,5297074176,6534692864,13539680256,30904676352,5072
2026-09-23T19:45:26.0223959-03:00,2989436928,4157235200,13539680256,33272524800,5093
2026-09-23T19:45:46.1131800-03:00,2996412416,4142452736,13539680256,33163120640,5114
2026-09-23T19:46:06.2004794-03:00,2966282240,4091478016,13539680256,33400774656,5136
2026-09-23T19:46:26.2878112-03:00,2966622208,4103933952,13539680256,33353863168,5157
2026-09-23T19:46:46.3721962-03:00,2925756416,4063748096,13539680256,33353265152,5179
2026-09-23T19:47:06.4600707-03:00,2848194560,3982200832,13539680256,33476485120,5200
2026-09-23T19:47:26.5486730-03:00,2839621632,3975942144,13539680256,33454653440,5222
2026-09-23T19:47:46.6239679-03:00,2823852032,3957149696,13539680256,33532641280,5243
2026-09-23T19:48:06.7122385-03:00,2823704576,3991285760,13539680256,33517674496,5265
2026-09-23T19:48:26.8020052-03:00,6649434112,7931068416,13539680256,29584138240,5288
2026-09-23T19:48:46.9047019-03:00,6649434112,7931068416,13539680256,28729425920,5308
2026-09-23T19:49:07.0064671-03:00,6557282304,7850676224,13539680256,28459978752,5328
2026-09-23T19:49:27.1033486-03:00,6634311680,7930019840,13539680256,28796215296,5348
2026-09-23T19:49:47.2032685-03:00,6557282304,7850676224,13539680256,29063471104,5368
2026-09-23T19:50:07.3033648-03:00,6557282304,7850676224,13539680256,29068017664,5388
2026-09-23T19:50:27.3946755-03:00,6557282304,7850676224,13539680256,29162528768,5408
2026-09-23T19:50:47.4682977-03:00,6557282304,7850676224,13539680256,29111455744,5428
2026-09-23T19:51:07.5654368-03:00,6557282304,7850676224,13539680256,29183983616,5448
2026-09-23T19:51:27.6452932-03:00,6557282304,7850676224,13539680256,29231185920,5468
2026-09-23T19:51:47.7609499-03:00,6577733632,7971266560,13539680256,27474911232,5488
2026-09-23T19:52:07.9068908-03:00,6567313408,7860727808,13539680256,28261847040,5507
2026-09-23T19:52:28.0044323-03:00,5023485952,6271512576,13539680256,30242000896,5529
2026-09-23T19:52:48.0928196-03:00,5023485952,6271512576,13539680256,30313590784,5549
2026-09-23T19:53:08.1790760-03:00,4941840384,6189707264,13539680256,30448648192,5569
2026-09-23T19:53:28.2662677-03:00,4941840384,6189707264,13539680256,30414958592,5589
2026-09-23T19:53:48.3572116-03:00,4987215872,6235308032,13539680256,30370381824,5609
2026-09-23T19:54:08.4402419-03:00,4939472896,6189707264,13539680256,30452604928,5629
2026-09-23T19:54:28.5310850-03:00,4939472896,6189707264,13539680256,30451027968,5649
2026-09-23T19:54:48.6521230-03:00,5133312000,6391779328,13539680256,29490200576,5669
2026-09-23T19:55:08.7493298-03:00,4939464704,6189707264,13539680256,29990166528,5688
2026-09-23T19:55:28.8978398-03:00,4939464704,6189707264,13539680256,29148078080,5708
2026-09-23T19:55:48.9970234-03:00,5088436224,6339915776,13539680256,29427281920,5728
2026-09-23T19:56:09.0867284-03:00,4939464704,6189707264,13539680256,29786136576,5748
2026-09-23T19:56:29.1844783-03:00,4949069824,6226817024,13539680256,29845184512,5768
2026-09-23T19:56:49.3129800-03:00,4943888384,6221885440,13539680256,29467770880,5788
2026-09-23T19:57:09.3972142-03:00,4908752896,6186418176,13539680256,29651894272,5808
2026-09-23T19:57:29.4829932-03:00,4948602880,6228344832,13539680256,29695418368,5828
2026-09-23T19:57:49.5720404-03:00,4908752896,6186418176,13539680256,29795688448,5848
2026-09-23T19:58:09.7147624-03:00,4962582528,6241415168,13539680256,29506531328,5868
2026-09-23T19:58:29.8080334-03:00,5204549632,6493954048,13539680256,29285855232,5889
2026-09-23T19:58:49.8957835-03:00,5154066432,6443372544,13539680256,29596803072,5909
2026-09-23T19:59:09.9995326-03:00,5174747136,6519246848,13539680256,29205950464,5929
2026-09-23T19:59:30.1307431-03:00,5150846976,6443372544,13539680256,29308170240,5949
2026-09-23T19:59:50.2216431-03:00,5150846976,6443372544,13539680256,29393485824,5969
2026-09-23T20:00:10.3105243-03:00,5150846976,6443372544,13539680256,29359366144,5989
2026-09-23T20:00:30.4049412-03:00,5150846976,6443372544,13539680256,29543497728,6009
2026-09-23T20:00:50.4908150-03:00,4309442560,5574406144,13539680256,30424895488,6030
2026-09-23T20:01:10.6034145-03:00,4309442560,5574406144,13539680256,30436495360,6050
2026-09-23T20:01:30.6903901-03:00,4370010112,5635469312,13539680256,30421360640,6070
2026-09-23T20:01:50.7695930-03:00,3232505856,4480835584,13539680256,31510716416,6090
2026-09-23T20:02:10.8566469-03:00,3015692288,4268273664,13539680256,31699652608,6110
2026-09-23T20:02:30.9419718-03:00,6391861248,7686991872,13539680256,28403716096,6132
2026-09-23T20:02:51.0288077-03:00,6391861248,7686991872,13539680256,28415860736,6152
2026-09-23T20:03:11.1189418-03:00,6312452096,7607431168,13539680256,28460937216,6172
2026-09-23T20:03:31.2105555-03:00,6493405184,7789486080,13539680256,28318351360,6192
2026-09-23T20:03:51.2866901-03:00,6312452096,7607431168,13539680256,28458991616,6212
2026-09-23T20:04:11.3746797-03:00,6279610368,7607431168,13539680256,28514947072,6232
2026-09-23T20:04:31.4679737-03:00,6279610368,7607431168,13539680256,28571336704,6252
2026-09-23T20:04:51.5565643-03:00,6470901760,7806140416,13539680256,28315635712,6272
2026-09-23T20:05:11.6492357-03:00,6279610368,7607431168,13539680256,28537528320,6292
2026-09-23T20:05:31.7376741-03:00,6279610368,7607431168,13539680256,28399976448,6312
2026-09-23T20:05:51.8273210-03:00,6286852096,7627325440,13539680256,28562132992,6332
2026-09-23T20:06:11.9143031-03:00,6427312128,7757713408,13539680256,28414836736,6352
2026-09-23T20:06:31.9967672-03:00,4581027840,5928980480,13539680256,30034358272,6374
2026-09-23T20:06:52.1068057-03:00,4581027840,5928980480,13539680256,29063675904,6394
2026-09-23T20:07:12.2692496-03:00,4499382272,5847175168,13539680256,27325440000,6414
2026-09-23T20:07:32.4069819-03:00,4499382272,5847175168,13539680256,28309311488,6434
2026-09-23T20:07:52.5054513-03:00,4608499712,5958610944,13539680256,28645937152,6454
2026-09-23T20:08:12.6056108-03:00,4499382272,5847175168,13539680256,28661575680,6474
2026-09-23T20:08:32.6943820-03:00,4499382272,5847175168,13539680256,29167095808,6494
2026-09-23T20:08:52.7905749-03:00,4666245120,6019424256,13539680256,29596151808,6514
2026-09-23T20:09:12.8900484-03:00,4274761728,5847175168,13539680256,30086094848,6534
2026-09-23T20:09:32.9663211-03:00,4274761728,5847175168,13539680256,30135205888,6554
2026-09-23T20:09:53.0561422-03:00,4274761728,5847175168,13539680256,30095814656,6574
2026-09-23T20:10:13.1396140-03:00,4384710656,5958610944,13539680256,30016544768,6594
2026-09-23T20:10:33.2144591-03:00,4140679168,5764317184,13539680256,30163931136,6615
2026-09-23T20:10:53.3031905-03:00,4140679168,5764317184,13539680256,30363181056,6635
2026-09-23T20:11:13.3868018-03:00,4082216960,5711196160,13539680256,30532423680,6656
2026-09-23T20:11:33.4636678-03:00,4061777920,5690716160,13539680256,30518407168,6676
2026-09-23T20:11:53.5704938-03:00,4061777920,5690716160,13539680256,30395805696,6696
2026-09-23T20:12:13.6592673-03:00,4953075712,6593376256,13539680256,29596000256,6718
2026-09-23T20:12:33.7365362-03:00,4936544256,6577168384,13539680256,29607038976,6738
2026-09-23T20:12:53.8859707-03:00,4912398336,6552621056,13539680256,29461225472,6758
2026-09-23T20:13:13.9914646-03:00,4887064576,6572994560,13539680256,29832564736,6778
2026-09-23T20:13:34.0900047-03:00,4912398336,6552621056,13539680256,29860917248,6798
2026-09-23T20:13:54.2037662-03:00,4928565248,6572994560,13539680256,29821714432,6818
2026-09-23T20:14:14.3082381-03:00,2652872704,4201406464,13539680256,31948865536,6839
2026-09-23T20:14:34.4009978-03:00,2628603904,4166807552,13539680256,32007438336,6860
2026-09-23T20:14:54.4988213-03:00,2622521344,4144037888,13539680256,32127614976,6881
2026-09-23T20:15:14.6006223-03:00,2602024960,4100374528,13539680256,32119275520,6902
2026-09-23T20:15:34.6946492-03:00,2587021312,4071870464,13539680256,32213172224,6923
2026-09-23T20:15:54.7976759-03:00,2543947776,4006465536,13539680256,32321347584,6944
2026-09-23T20:16:14.9052450-03:00,2533363712,3985653760,13539680256,32322834432,6965
2026-09-23T20:16:35.0253910-03:00,2537443328,4000747520,13539680256,32148103168,6986
2026-09-23T20:16:55.1152399-03:00,2539868160,4010786816,13539680256,32327180288,7007
2026-09-23T20:17:15.2253089-03:00,2526056448,3997093888,13539680256,32376430592,7028
2026-09-23T20:17:35.3448564-03:00,6345072640,7944159232,13539680256,28397649920,7050
2026-09-23T20:17:55.4362925-03:00,6336450560,7924060160,13539680256,27320266752,7070
2026-09-23T20:18:15.5194999-03:00,6256214016,7843667968,13539680256,27465011200,7090
2026-09-23T20:18:35.5997217-03:00,6442356736,8034791424,13539680256,26857418752,7110
2026-09-23T20:18:55.7332614-03:00,6256214016,7843667968,13539680256,27143299072,7130
2026-09-23T20:19:15.8594572-03:00,6243713024,7843667968,13539680256,26799099904,7150
2026-09-23T20:19:35.9840641-03:00,6243713024,7843667968,13539680256,27174174720,7169
2026-09-23T20:19:56.1061299-03:00,6243713024,7843667968,13539680256,27492700160,7189
2026-09-23T20:20:16.2127659-03:00,6243713024,7843667968,13539680256,27732385792,7209
2026-09-23T20:20:36.3034986-03:00,6243713024,7843667968,13539680256,27394162688,7229
2026-09-23T20:20:56.4151077-03:00,6299815936,7901024256,13539680256,27308933120,7249
2026-09-23T20:21:16.5315221-03:00,6243713024,7843667968,13539680256,27252056064,7269
2026-09-23T20:21:36.6240134-03:00,4966989824,6530572288,13539680256,28547481600,7290
2026-09-23T20:21:56.7155193-03:00,4966989824,6530572288,13539680256,28869357568,7310
2026-09-23T20:22:16.8223825-03:00,4895551488,6458994688,13539680256,29318250496,7330
2026-09-23T20:22:36.9120193-03:00,5029179392,6593200128,13539680256,29180223488,7350
2026-09-23T20:22:56.9948579-03:00,4885344256,6448766976,13539680256,29351264256,7370
2026-09-23T20:23:17.0870132-03:00,4893593600,6469222400,13539680256,29352906752,7390
2026-09-23T20:23:37.1744723-03:00,4885344256,6448766976,13539680256,29327589376,7410
2026-09-23T20:23:57.2706757-03:00,4943585280,6508978176,13539680256,29281366016,7430
2026-09-23T20:24:17.3699298-03:00,4884992000,6448766976,13539680256,29365256192,7450
2026-09-23T20:24:37.4469488-03:00,4884992000,6448766976,13539680256,29368623104,7470
2026-09-23T20:24:57.5628776-03:00,5044482048,6610628608,13539680256,29236396032,7490
2026-09-23T20:25:17.6625938-03:00,4884992000,6448766976,13539680256,29489291264,7510
2026-09-23T20:25:37.7613776-03:00,4634009600,6216716288,13539680256,29594357760,7531
2026-09-23T20:25:57.8710320-03:00,4593692672,6176317440,13539680256,29673500672,7551
2026-09-23T20:26:17.9651261-03:00,4598734848,6181371904,13539680256,29658697728,7571
2026-09-23T20:26:38.0666082-03:00,4593692672,6176317440,13539680256,29372891136,7588
2026-09-23T20:26:58.1750855-03:00,4631031808,6215835648,13539680256,29354831872,7608
2026-09-23T20:27:18.2600513-03:00,4593692672,6176317440,13539680256,29242523648,7628
2026-09-23T20:27:38.3541424-03:00,4999315456,6586236928,13539680256,28510982144,7649
2026-09-23T20:27:58.4453417-03:00,4948832256,6535655424,13539680256,28713144320,7669
2026-09-23T20:28:18.5399448-03:00,4948832256,6535655424,13539680256,29326991360,7689
2026-09-23T20:28:38.6332725-03:00,4948832256,6535655424,13539680256,29272625152,7709
2026-09-23T20:28:58.7201177-03:00,4955144192,6541979648,13539680256,29357387776,7729
2026-09-23T20:29:18.8114182-03:00,5050327040,6642454528,13539680256,29220409344,7749
2026-09-23T20:29:38.8908126-03:00,4945342464,6535655424,13539680256,29377896448,7769
2026-09-23T20:29:58.9744702-03:00,4089962496,5639307264,13539680256,30265634816,7789
2026-09-23T20:30:19.0709177-03:00,4063793152,5613084672,13539680256,30252052480,7809
2026-09-23T20:30:39.1651053-03:00,4122808320,5674147840,13539680256,28779016192,7829
2026-09-23T20:30:59.2767108-03:00,4065648640,5619642368,13539680256,28931604480,7849
2026-09-23T20:31:19.3827914-03:00,2729992192,4274622464,13539680256,30416539648,7869
2026-09-23T20:31:39.5008467-03:00,2637131776,4178505728,13539680256,29868163072,7889
2026-09-23T20:31:59.5960528-03:00,6092447744,7695650816,13539680256,27127824384,7911
2026-09-23T20:32:19.6938627-03:00,6092447744,7695650816,13539680256,27249291264,7931
2026-09-23T20:32:39.7758093-03:00,6013038592,7616090112,13539680256,27427454976,7951
2026-09-23T20:32:59.8624135-03:00,6013038592,7616090112,13539680256,27446571008,7971
2026-09-23T20:33:19.9490167-03:00,6132154368,7745138688,13539680256,27342036992,7991
2026-09-23T20:33:40.0368996-03:00,6013038592,7616090112,13539680256,27472855040,8011
2026-09-23T20:34:00.1241072-03:00,6013038592,7616090112,13539680256,27476103168,8031
2026-09-23T20:34:20.2170150-03:00,6000611328,7616090112,13539680256,27449176064,8051
2026-09-23T20:34:40.2971635-03:00,6106480640,7726403584,13539680256,27295592448,8071
2026-09-23T20:35:00.3885260-03:00,6000611328,7616090112,13539680256,27468480512,8091
2026-09-23T20:35:20.4746521-03:00,6000611328,7616090112,13539680256,27463352320,8111
2026-09-23T20:35:40.5575003-03:00,2436128768,3859144704,13539680256,31144247296,8138
2026-09-23T20:36:00.7231389-03:00,2490241024,3918610432,13539680256,31126691840,8207
2026-09-23T20:36:21.0292202-03:00,2428342272,3722522624,13539680256,31419518976,8278
2026-09-23T20:36:41.1195932-03:00,2516123648,3746910208,13539680256,31154577408,8342
2026-09-23T20:37:01.2172809-03:00,2450337792,3677016064,13539680256,31294210048,8411
2026-09-23T20:37:21.3861724-03:00,1961426944,3270475776,13539680256,31766568960,8481
2026-09-23T20:37:41.4731515-03:00,2471137280,3718008832,13539680256,31361454080,8548
2026-09-23T20:38:01.7213454-03:00,4832931840,6078365696,13539680256,28983476224,8617
2026-09-23T20:38:22.0079524-03:00,3945361408,5145550848,13539680256,29990244352,8657
2026-09-23T20:38:42.0966931-03:00,8291184640,9562984448,13539680256,25582477312,8709
2026-09-23T20:39:02.1891058-03:00,10303229952,11570151424,13539680256,23586168832,8753
2026-09-23T20:39:22.2861798-03:00,7492046848,8769073152,13539680256,26402484224,8775
2026-09-23T20:39:42.4069999-03:00,9784676352,11148972032,13539680256,23956594688,8802
2026-09-23T20:40:02.5503889-03:00,8749731840,10229260288,13539680256,24473153536,8828
2026-09-23T20:40:22.6870039-03:00,11099512832,12394147840,13539680256,21664964608,8870
2026-09-23T20:40:42.8154663-03:00,7419031552,8744075264,13539680256,25260027904,8891
2026-09-23T20:41:02.9329026-03:00,9311346688,10655199232,13539680256,22804508672,8915
2026-09-23T20:41:23.0384266-03:00,8963641344,10173849600,13539680256,23839858688,8965
2026-09-23T20:41:43.1490343-03:00,8963641344,10173849600,13539680256,23635587072,8985
2026-09-23T20:42:03.2698067-03:00,8881995776,10092044288,13539680256,23897460736,9005
2026-09-23T20:42:23.3696219-03:00,8881995776,10092044288,13539680256,23897497600,9025
2026-09-23T20:42:43.4845112-03:00,8882036736,10092044288,13539680256,23947972608,9045
2026-09-23T20:43:03.5928746-03:00,8882036736,10092044288,13539680256,23997788160,9065
2026-09-23T20:43:23.6903797-03:00,8882036736,10092044288,13539680256,23926054912,9085
2026-09-23T20:43:43.7794344-03:00,8882040832,10092044288,13539680256,23901011968,9105
2026-09-23T20:44:03.8711608-03:00,8882040832,10092044288,13539680256,23903657984,9125
2026-09-23T20:44:23.9700718-03:00,8975826944,10188681216,13539680256,23790407680,9145
2026-09-23T20:44:44.0547610-03:00,8881766400,10092044288,13539680256,23895056384,9165
2026-09-23T20:45:04.1628588-03:00,8881766400,10092044288,13539680256,23958917120,9185
2026-09-23T20:45:24.2572108-03:00,9045467136,10258788352,13539680256,23772168192,9205
2026-09-23T20:45:44.3693748-03:00,6972321792,8234430464,13539680256,25761505280,9227
2026-09-23T20:46:04.4734009-03:00,6972321792,8234430464,13539680256,25868713984,9246
2026-09-23T20:46:24.5721237-03:00,7058255872,8292360192,13539680256,25750437888,9268
2026-09-23T20:46:44.6683615-03:00,7088414720,8324317184,13539680256,25644679168,9288
2026-09-23T20:47:04.8209393-03:00,7061737472,8297373696,13539680256,25513283584,9308
2026-09-23T20:47:24.9289045-03:00,8547389440,9819713536,13539680256,23916916736,9330
2026-09-23T20:47:45.0504238-03:00,8506712064,9778958336,13539680256,24175321088,9350
2026-09-23T20:48:05.1548582-03:00,8506712064,9778958336,13539680256,24251666432,9370
2026-09-23T20:48:25.2693202-03:00,8506712064,9778958336,13539680256,24230232064,9390
2026-09-23T20:48:45.3567176-03:00,8506712064,9778958336,13539680256,24223875072,9410
2026-09-23T20:49:05.4661040-03:00,8506712064,9778958336,13539680256,24208412672,9429
2026-09-23T20:49:25.5736199-03:00,4638760960,5748551680,13539680256,28184473600,9450
2026-09-23T20:49:45.6737282-03:00,4564340736,5655371776,13539680256,28332863488,9472
2026-09-23T20:50:05.7631530-03:00,4345933824,5404864512,13539680256,28584607744,9494
2026-09-23T20:50:25.8636458-03:00,4266590208,5311848448,13539680256,28668182528,9517
2026-09-23T20:50:46.0290278-03:00,4199817216,5229076480,13539680256,28653973504,9539
2026-09-23T20:51:06.1188425-03:00,4193042432,5220921344,13539680256,28812828672,9561
2026-09-23T20:51:26.2119302-03:00,4192206848,5220798464,13539680256,28772921344,9583
2026-09-23T20:51:46.3204937-03:00,4196749312,5225390080,13539680256,28706025472,9605
2026-09-23T20:52:06.4237592-03:00,4196446208,5227290624,13539680256,28667133952,9627
2026-09-23T20:52:26.5418137-03:00,4194402304,5223550976,13539680256,28650348544,9649
2026-09-23T20:52:46.6293642-03:00,10535673856,11979456512,13539680256,21984006144,9674
2026-09-23T20:53:06.7322426-03:00,10535673856,11979456512,13539680256,22008635392,9694
2026-09-23T20:53:26.8359113-03:00,10455437312,11899064320,13539680256,22061912064,9714
2026-09-23T20:53:46.9298841-03:00,10616782848,12063690752,13539680256,21973102592,9734
2026-09-23T20:54:07.0243467-03:00,10455441408,11899064320,13539680256,22092312576,9754
2026-09-23T20:54:27.1173979-03:00,10455412736,11899064320,13539680256,22059184128,9773
2026-09-23T20:54:47.2136854-03:00,10455412736,11899064320,13539680256,22095319040,9793
2026-09-23T20:55:07.3708030-03:00,10455412736,11899064320,13539680256,22046679040,9814
2026-09-23T20:55:27.4692386-03:00,10455412736,11899064320,13539680256,21883383808,9833
2026-09-23T20:55:47.5940219-03:00,10578808832,12022956032,13539680256,21454630912,9853
2026-09-23T20:56:07.6865013-03:00,10455412736,11899064320,13539680256,22080995328,9873
2026-09-23T20:56:27.8383110-03:00,10455412736,11899064320,13539680256,22039367680,9893
2026-09-23T20:56:47.9460548-03:00,10455412736,11899064320,13539680256,21980524544,9912
2026-09-23T20:57:08.0644123-03:00,7496970240,8860393472,13539680256,24996200448,9934
2026-09-23T20:57:28.1673976-03:00,7496970240,8860393472,13539680256,24966602752,9953
2026-09-23T20:57:48.2810291-03:00,7415324672,8778588160,13539680256,25166766080,9973
2026-09-23T20:58:08.3830231-03:00,7415324672,8778588160,13539680256,25124073472,9993
2026-09-23T20:58:28.4937032-03:00,7415705600,8799043584,13539680256,25120210944,10013
2026-09-23T20:58:48.6042411-03:00,7550259200,8913793024,13539680256,25029160960,10033
2026-09-23T20:59:08.7156448-03:00,7415324672,8778588160,13539680256,25097871360,10053
2026-09-23T20:59:28.8264274-03:00,7407169536,8778588160,13539680256,25149583360,10073
2026-09-23T20:59:48.9248718-03:00,7514324992,8890019840,13539680256,24985567232,10093
2026-09-23T21:00:09.0418492-03:00,7407169536,8778588160,13539680256,25143705600,10113
2026-09-23T21:00:29.1779071-03:00,7407259648,8778649600,13539680256,24971452416,10133
2026-09-23T21:00:49.3142479-03:00,7407259648,8778649600,13539680256,25048363008,10153
2026-09-23T21:01:09.4310955-03:00,7407300608,8778649600,13539680256,24996134912,10173
2026-09-23T21:01:29.5650229-03:00,7557898240,8932290560,13539680256,24871018496,10193
2026-09-23T21:01:49.6842746-03:00,7440461824,8853700608,13539680256,24896290816,10214
2026-09-23T21:02:09.8022422-03:00,7398129664,8803205120,13539680256,24906952704,10234
2026-09-23T21:02:29.9590190-03:00,7402942464,8813301760,13539680256,24953454592,10254
2026-09-23T21:02:50.0598710-03:00,7398129664,8803205120,13539680256,25095061504,10274
2026-09-23T21:03:10.2017960-03:00,7398129664,8803205120,13539680256,25095131136,10294
2026-09-23T21:03:30.3138297-03:00,7398129664,8803205120,13539680256,25101848576,10314
2026-09-23T21:03:50.4089346-03:00,8282312704,9684348928,13539680256,24202797056,10336
2026-09-23T21:04:10.5150486-03:00,8252428288,9654403072,13539680256,24203788288,10355
2026-09-23T21:04:30.6227745-03:00,8179359744,9654403072,13539680256,24224882688,10375
2026-09-23T21:04:50.7161708-03:00,8235503616,9711382528,13539680256,24220110848,10395
2026-09-23T21:05:10.8262073-03:00,8195534848,9670668288,13539680256,24207659008,10415
2026-09-23T21:05:30.9626672-03:00,8684326912,10138759168,13539680256,23585902592,10437
2026-09-23T21:05:51.0971970-03:00,8641716224,10096066560,13539680256,23754698752,10457
2026-09-23T21:06:11.2045239-03:00,8724750336,10179416064,13539680256,23639465984,10477
2026-09-23T21:06:31.3194702-03:00,8641716224,10096066560,13539680256,23692750848,10496
2026-09-23T21:06:51.4332175-03:00,8641716224,10096066560,13539680256,23682600960,10516
2026-09-23T21:07:11.5646849-03:00,8641716224,10096066560,13539680256,23613206528,10536
2026-09-23T21:07:31.6682812-03:00,8694415360,10152210432,13539680256,23549009920,10556
2026-09-23T21:07:51.7755126-03:00,6820655104,8177848320,13539680256,25656827904,10577
2026-09-23T21:08:11.8918109-03:00,4755304448,6020931584,13539680256,27819925504,10597
2026-09-23T21:08:32.0008667-03:00,4370456576,5607690240,13539680256,28230774784,10617
2026-09-23T21:08:52.0978198-03:00,9649782784,11120754688,13539680256,22771826688,10640
2026-09-23T21:09:12.1935238-03:00,9649782784,11120754688,13539680256,22742659072,10660
2026-09-23T21:09:32.2895441-03:00,9436581888,11041193984,13539680256,22824505344,10680
2026-09-23T21:09:52.3860140-03:00,9436581888,11041193984,13539680256,22833664000,10700
2026-09-23T21:10:12.4887143-03:00,9436581888,11041193984,13539680256,22817599488,10720
2026-09-23T21:10:32.5883730-03:00,9436581888,11041193984,13539680256,22790451200,10740
2026-09-23T21:10:52.7111453-03:00,9585823744,11191476224,13539680256,22584246272,10760
2026-09-23T21:11:12.8191228-03:00,9436581888,11041193984,13539680256,22758072320,10780
2026-09-23T21:11:32.9382508-03:00,9436581888,11041193984,13539680256,22682398720,10800
2026-09-23T21:11:53.0518805-03:00,9506304000,11111907328,13539680256,22625177600,10819
2026-09-23T21:12:13.1552977-03:00,9436581888,11041193984,13539680256,22669193216,10839
2026-09-23T21:12:33.2514439-03:00,9436581888,11041193984,13539680256,22720942080,10859
2026-09-23T21:12:53.3555947-03:00,9436581888,11041193984,13539680256,22812266496,10879
2026-09-23T21:13:13.4518559-03:00,6915457024,8130064384,13539680256,25727156224,10948
2026-09-23T21:13:33.6458618-03:00,6771785728,8064299008,13539680256,25639714816,10974
2026-09-23T21:13:53.7715763-03:00,10584383488,12393185280,13539680256,21444661248,11016
2026-09-23T21:14:13.8993536-03:00,7437893632,8754413568,13539680256,25077288960,11038
2026-09-23T21:14:34.0254967-03:00,9315282944,10726330368,13539680256,23061909504,11064
2026-09-23T21:14:54.1237055-03:00,7027421184,8410398720,13539680256,25356812288,11087
2026-09-23T21:15:14.2267669-03:00,10544762880,11840655360,13539680256,21919858688,11132
2026-09-23T21:15:34.3468878-03:00,11067547648,12348788736,13539680256,21451984896,11152
2026-09-23T21:15:54.4420220-03:00,8732188672,10126344192,13539680256,23660347392,11179
2026-09-23T21:16:14.7008556-03:00,8139042816,9433911296,13539680256,24412221440,11229
2026-09-23T21:16:34.8000182-03:00,8585056256,9813544960,13539680256,24001007616,11250
2026-09-23T21:16:54.9211308-03:00,8585056256,9813544960,13539680256,23836143616,11270
2026-09-23T21:17:15.1628863-03:00,8503410688,9731739648,13539680256,23790379008,11289
2026-09-23T21:17:35.2946183-03:00,8561901568,9854451712,13539680256,23719202816,11309
2026-09-23T21:17:55.3851903-03:00,8503422976,9731739648,13539680256,23901270016,11329
2026-09-23T21:18:15.4974327-03:00,8503427072,9731739648,13539680256,23998943232,11348
2026-09-23T21:18:35.6022798-03:00,8503427072,9731739648,13539680256,24078991360,11368
2026-09-23T21:18:55.6950011-03:00,8503427072,9731739648,13539680256,24026787840,11388
2026-09-23T21:19:15.8093382-03:00,8652738560,9881944064,13539680256,23858343936,11408
2026-09-23T21:19:35.9132675-03:00,8503369728,9731739648,13539680256,24059232256,11428
2026-09-23T21:19:56.0168400-03:00,8503369728,9731739648,13539680256,24091684864,11448
2026-09-23T21:20:16.1290692-03:00,8561442816,9791950848,13539680256,24068870144,11468
2026-09-23T21:20:36.2403819-03:00,8503369728,9731739648,13539680256,24074248192,11488
2026-09-23T21:20:56.3607036-03:00,8701628416,9933803520,13539680256,23036981248,11507
2026-09-23T21:21:16.4868002-03:00,6789783552,8089915392,13539680256,25293524992,11528
2026-09-23T21:21:36.6131796-03:00,6789783552,8089915392,13539680256,25343840256,11548
2026-09-23T21:21:56.7379967-03:00,6833197056,8134344704,13539680256,25098096640,11568
2026-09-23T21:22:16.8736527-03:00,7020818432,8263122944,13539680256,25482076160,11589
2026-09-23T21:22:37.0109037-03:00,7040339968,8282882048,13539680256,25779482624,11609
2026-09-23T21:22:57.1399617-03:00,7020818432,8263122944,13539680256,25615351808,11628
2026-09-23T21:23:17.2813363-03:00,8524910592,9814900736,13539680256,24217903104,11651
2026-09-23T21:23:37.3942539-03:00,8502292480,9784332288,13539680256,24253591552,11670
2026-09-23T21:23:57.5212139-03:00,8481968128,9763954688,13539680256,24250273792,11690
2026-09-23T21:24:17.6554389-03:00,8481419264,9763954688,13539680256,24268615680,11710
2026-09-23T21:24:37.7530409-03:00,8481419264,9763954688,13539680256,24300490752,11730
2026-09-23T21:24:57.8869557-03:00,8481423360,9763954688,13539680256,24065830912,11750
2026-09-23T21:25:18.0157047-03:00,7145971712,8394915840,13539680256,25635110912,11770
2026-09-23T21:25:38.1370662-03:00,4577177600,5682810880,13539680256,28375248896,11792
2026-09-23T21:25:58.2602012-03:00,4380844032,5462405120,13539680256,28600123392,11813
2026-09-23T21:26:18.3846896-03:00,4277288960,5343227904,13539680256,28722380800,11834
2026-09-23T21:26:38.5572289-03:00,4241825792,5301121024,13539680256,28556640256,11855
2026-09-23T21:26:58.6984055-03:00,4186787840,5238530048,13539680256,28442148864,11876
2026-09-23T21:27:18.8302201-03:00,4187074560,5234593792,13539680256,28550172672,11897
2026-09-23T21:27:38.9515488-03:00,4183719936,5231968256,13539680256,28655771648,11918
2026-09-23T21:27:59.0806936-03:00,4187717632,5237723136,13539680256,28685570048,11940
2026-09-23T21:28:19.2083227-03:00,4182441984,5237321728,13539680256,28732502016,11961
2026-09-23T21:28:39.3322073-03:00,4189405184,5245636608,13539680256,28700823552,11983
2026-09-23T21:28:59.4292965-03:00,4187152384,5241700352,13539680256,28649947136,12004
2026-09-23T21:29:19.5533073-03:00,4186619904,5299531776,13539680256,28675321856,12025
2026-09-23T21:29:39.6807803-03:00,10512576512,11969585152,13539680256,21978345472,12048
2026-09-23T21:29:59.7867046-03:00,10512576512,11969585152,13539680256,22051336192,12068
2026-09-23T21:30:19.9020337-03:00,10432339968,11889192960,13539680256,22144364544,12088
2026-09-23T21:30:40.0672688-03:00,10432339968,11889192960,13539680256,21125636096,12108
2026-09-23T21:31:00.1886676-03:00,10432339968,11889192960,13539680256,21907550208,12127
2026-09-23T21:31:20.3133498-03:00,10432339968,11889192960,13539680256,21867032576,12147
2026-09-23T21:31:40.4643767-03:00,10432339968,11889192960,13539680256,21668626432,12166
2026-09-23T21:32:00.6035995-03:00,10432339968,11889192960,13539680256,21736992768,12186
2026-09-23T21:32:20.7284165-03:00,10497638400,12009779200,13539680256,21594660864,12206
2026-09-23T21:32:40.8512634-03:00,10432339968,11889192960,13539680256,21822562304,12225
2026-09-23T21:33:00.9656187-03:00,10432339968,11889192960,13539680256,21802401792,12245
2026-09-23T21:33:21.0962158-03:00,10432339968,11889192960,13539680256,21834489856,12265
2026-09-23T21:33:41.2107570-03:00,10432339968,11889192960,13539680256,21874946048,12285
2026-09-23T21:34:01.3333324-03:00,10597220352,12099051520,13539680256,21739667456,12305
2026-09-23T21:34:21.4427914-03:00,7497732096,8911937536,13539680256,24968847360,12326
2026-09-23T21:34:41.5628716-03:00,7497732096,8911937536,13539680256,24586809344,12345
2026-09-23T21:35:01.6815580-03:00,7416090624,8830132224,13539680256,24979890176,12365
2026-09-23T21:35:21.8057161-03:00,7525548032,8941568000,13539680256,24904798208,12385
2026-09-23T21:35:41.9391868-03:00,7416090624,8830132224,13539680256,24956682240,12404
2026-09-23T21:36:02.0661801-03:00,7611953152,9032200192,13539680256,24789377024,12424
2026-09-23T21:36:22.1968266-03:00,7416090624,8830132224,13539680256,25029468160,12444
2026-09-23T21:36:42.3184300-03:00,7416090624,8830132224,13539680256,24849911808,12464
2026-09-23T21:37:02.4465545-03:00,7416090624,8830132224,13539680256,24909721600,12483
2026-09-23T21:37:22.5866217-03:00,7416090624,8830132224,13539680256,24972554240,12503
2026-09-23T21:37:42.7078599-03:00,7416090624,8830132224,13539680256,25007042560,12523
2026-09-23T21:38:02.8219297-03:00,7416090624,8830132224,13539680256,25040580608,12543
2026-09-23T21:38:22.9347484-03:00,7600455680,9015545856,13539680256,24803569664,12563
2026-09-23T21:38:43.0540559-03:00,7416090624,8830132224,13539680256,25091915776,12583
2026-09-23T21:39:03.1759314-03:00,7435902976,8868773888,13539680256,24940457984,12604
2026-09-23T21:39:23.3074002-03:00,7380656128,8828375040,13539680256,24624574464,12623
2026-09-23T21:39:43.4037396-03:00,7380656128,8828375040,13539680256,25001062400,12643
2026-09-23T21:40:03.5198968-03:00,7380656128,8828375040,13539680256,24982233088,12663
2026-09-23T21:40:23.6271793-03:00,7380656128,8828375040,13539680256,24913178624,12683
2026-09-23T21:40:43.7386217-03:00,7465164800,8913412096,13539680256,24907952128,12702
2026-09-23T21:41:03.8178055-03:00,8208154624,9667678208,13539680256,24167735296,12724
2026-09-23T21:41:23.9279042-03:00,8178270208,9637732352,13539680256,24135356416,12744
2026-09-23T21:41:44.0570838-03:00,8178270208,9637732352,13539680256,24069005312,12764
2026-09-23T21:42:04.1518607-03:00,8178270208,9637732352,13539680256,24070189056,12784
2026-09-23T21:42:24.2582418-03:00,8691277824,10098249728,13539680256,23579160576,12806
2026-09-23T21:42:44.3651952-03:00,8648667136,10055557120,13539680256,23761264640,12826
2026-09-23T21:43:04.4695630-03:00,8648667136,10055557120,13539680256,23819436032,12846
2026-09-23T21:43:24.5653130-03:00,8712597504,10120937472,13539680256,23652544512,12866
2026-09-23T21:43:44.6658927-03:00,8648667136,10055557120,13539680256,23773229056,12886
2026-09-23T21:44:04.7590874-03:00,8648667136,10055557120,13539680256,23720206336,12906
2026-09-23T21:44:24.9617912-03:00,6580846592,8067473408,13539680256,25706913792,12926
2026-09-23T21:44:45.0859023-03:00,6654619648,8140722176,13539680256,24789061632,12946
2026-09-23T21:45:05.2202587-03:00,4603125760,5995814912,13539680256,27104595968,12966
2026-09-23T21:45:25.3328501-03:00,9478750208,11062480896,13539680256,22421319680,12988
2026-09-23T21:45:45.4505023-03:00,9478750208,11062480896,13539680256,22618140672,13008
2026-09-23T21:46:05.5583899-03:00,9327439872,10913300480,13539680256,22868738048,13028
2026-09-23T21:46:25.6776399-03:00,9399345152,10982920192,13539680256,22781943808,13048
2026-09-23T21:46:45.7912088-03:00,9399345152,10982920192,13539680256,22720933888,13068
2026-09-23T21:47:05.8925719-03:00,9399345152,10982920192,13539680256,22739726336,13088
2026-09-23T21:47:26.0015906-03:00,9484931072,11072237568,13539680256,22638960640,13108
2026-09-23T21:47:46.1076150-03:00,9399345152,10982920192,13539680256,22835318784,13128
2026-09-23T21:48:06.2003408-03:00,9399345152,10982920192,13539680256,22843949056,13148
2026-09-23T21:48:26.2934949-03:00,9582100480,11172802560,13539680256,22625902592,13168
2026-09-23T21:48:46.3972434-03:00,9399345152,10982920192,13539680256,22827872256,13188
2026-09-23T21:49:06.4981365-03:00,9399345152,10982920192,13539680256,22781014016,13208
2026-09-23T21:49:26.7496587-03:00,3086581760,4345651200,13539680256,29417132032,13241
2026-09-23T21:49:46.8617953-03:00,8440258560,9868869632,13539680256,23764193280,13302
2026-09-23T21:50:06.9547158-03:00,10088120320,11376619520,13539680256,22426771456,13346
2026-09-23T21:50:27.0877575-03:00,8696594432,10039726080,13539680256,22780207104,13371
2026-09-23T21:50:47.2823900-03:00,5655490560,6911967232,13539680256,25719054336,13394
2026-09-23T21:51:07.4574489-03:00,10504151040,11815215104,13539680256,21190856704,13435
2026-09-23T21:51:27.5751272-03:00,8100438016,9510182912,13539680256,23553208320,13459
2026-09-23T21:51:47.7756175-03:00,6082277376,7339409408,13539680256,26375794688,13507
2026-09-23T21:52:07.9278090-03:00,8458883072,9702793216,13539680256,24035766272,13533
2026-09-23T21:52:28.0555342-03:00,8465797120,9702793216,13539680256,23869579264,13553
2026-09-23T21:52:48.1957570-03:00,8384151552,9620987904,13539680256,24148107264,13573
2026-09-23T21:53:08.2982508-03:00,8384155648,9620987904,13539680256,24178421760,13592
2026-09-23T21:53:28.4447729-03:00,8384155648,9620987904,13539680256,24087883776,13612
2026-09-23T21:53:48.5860148-03:00,8384155648,9620987904,13539680256,24175800320,13632
2026-09-23T21:54:08.6970307-03:00,8461258752,9701031936,13539680256,24159236096,13651
2026-09-23T21:54:28.8135214-03:00,8384106496,9620987904,13539680256,24146735104,13671
2026-09-23T21:54:48.9209411-03:00,8384106496,9620987904,13539680256,24140017664,13691
2026-09-23T21:55:09.0283224-03:00,8345075712,9661890560,13539680256,24164036608,13711
2026-09-23T21:55:29.1364079-03:00,8384106496,9620987904,13539680256,24080130048,13731
2026-09-23T21:55:49.2515041-03:00,8384106496,9620987904,13539680256,24176545792,13751
2026-09-23T21:56:09.3469366-03:00,8477794304,9717620736,13539680256,24035667968,13771
2026-09-23T21:56:29.4583072-03:00,6954999808,8296484864,13539680256,25474490368,13792
2026-09-23T21:56:49.5650272-03:00,6963736576,8305188864,13539680256,25408679936,13812
2026-09-23T21:57:09.6560629-03:00,6978437120,8321626112,13539680256,25417031680,13832
2026-09-23T21:57:29.7745450-03:00,7006744576,8280752128,13539680256,25382731776,13854
2026-09-23T21:57:49.9042976-03:00,7006744576,8280752128,13539680256,25444515840,13874
2026-09-23T21:58:10.0257598-03:00,7029362688,8304549888,13539680256,25418784768,13893
