fonte,periodo,n,prevalencia,ap_modelo,brier_modelo,ap_historico,brier_historico,ap_mesmo_slot_ultimo_dia,brier_mesmo_slot_ultimo_dia,ap_ultimo_valor,brier_ultimo_valor,recall_alerta,precisao_alerta,energia_real_mwh,mae_modelo,wape_modelo,wape_diario_modelo,vies_modelo,mae_historico,wape_historico,wape_diario_historico,vies_historico,mae_mesmo_slot_ultimo_dia,wape_mesmo_slot_ultimo_dia,wape_diario_mesmo_slot_ultimo_dia,vies_mesmo_slot_ultimo_dia,mae_ultimo_valor,wape_ultimo_valor,wape_diario_ultimo_valor,vies_ultimo_valor,mae_zero,wape_zero,wape_diario_zero,vies_zero,cobertura_p10_p90,cobertura_p10_p90_positivo,n_causa,f1_modelo,f1_usina_28d,f1_estado_7d,recorte
eolica,2026-08-31,44064,0.4098810851573944,0.8639264414045821,0.11277458581919605,0.8452642239278236,0.11078765988349915,0.6931081493252556,0.18466322124004364,0.47542287174601905,0.35859203338623047,0.9551519849399258,0.7240713536201469,353581.875,22.33464677144767,1.3916916348399788,1.1576016939876224,0.894039641033725,22.758594512939453,1.4181082248687744,1.227603793144226,1.0642058849334717,20.436189651489258,1.2733970880508423,1.0563573837280273,0.23050880432128906,16.596345901489258,1.034132957458496,0.9651608467102051,-0.6462606191635132,16.048560526647005,1.0000000297613865,0.999999943959158,-1.0,0.9844544299201162,0.9620729749183323,19836,0.7772356642085745,0.8856666657028945,0.4783422189186459,semana
eolica,2026-09-07,51072,0.5180529356002808,0.9347230390143959,0.09359538675981946,0.9144434029659063,0.091150663793087,0.762259464451923,0.2030075192451477,0.6716258589498103,0.32655858993530273,0.9220651598760299,0.8611062087466027,947573.8125,24.624410544237954,0.6635989084572347,0.5073357261617264,-0.12052424349309088,22.84456443786621,0.6156341433525085,0.45094016194343567,-0.12221282720565796,28.21934700012207,0.7604781985282898,0.6457896828651428,-0.1438496708869934,30.482009887695312,0.8214543461799622,0.7349802851676941,-0.467354416847229,37.10736944657082,0.9999999722318544,1.0000000357359904,-1.0,0.8748237781954887,0.7637009600120946,27708,0.7903728716218957,0.8081659833060133,0.4933779169392667,semana
eolica,2026-09-14,51072,0.5727795958518982,0.9752381009996897,0.06783264065151623,0.9768358700383148,0.07031083106994629,0.8739756756886676,0.11969376355409622,0.7250255365703049,0.3414199650287628,0.9358014562608963,0.9307109101417741,1176586.375,26.01809613346937,0.5646828120581235,0.39278386459180714,-0.2526577342980537,26.653518676757812,0.578473687171936,0.42898988723754883,-0.3377320170402527,27.331262588500977,0.5931831002235413,0.41316691040992737,-0.1775590181350708,38.74477767944336,0.8408958911895752,0.7640644907951355,-0.5559163093566895,46.07559315349682,0.9999999760049021,0.9999999728940103,-1.0,0.8331766917293233,0.7168837384199911,30274,0.7428089545876149,0.8724410316782186,0.5827049118592913,semana
eolica,2026-09-21,29184,0.39812910556793213,0.8708699468851978,0.11713776559283376,0.8391475302377536,0.12120915949344635,0.6721865044025271,0.19174890220165253,0.597661015980037,0.247909814119339,0.9810654961700662,0.6861081016010594,336796.5,19.991846371779527,0.8661640553182911,0.6083878981168789,0.11406024601841258,24.40404510498047,1.057326316833496,0.853394091129303,0.38531172275543213,33.63815689086914,1.4574023485183716,1.2376248836517334,0.8673839569091797,26.990966796875,1.1694070100784302,1.0900216102600098,0.032951951026916504,23.080899504008446,0.9999999571328421,1.0000000476569118,-1.0,0.8484443530701754,0.6985110594715552,13149,0.7392201917187956,0.7891411689347633,0.5002397876555587,semana
fotovoltaica,2026-08-31,23520,0.2788265347480774,0.9017460606684152,0.06365097806892905,0.882824188507947,0.06556089967489243,0.6652774410026737,0.12436224520206451,0.2788265306122449,0.2788265347480774,0.9216224458676425,0.7918249705227303,258770.90625,17.22378700321979,0.7827453947321976,0.6561602381286424,0.18567855977039538,15.9900484085083,0.726677417755127,0.6071035265922546,0.07782351970672607,19.92194366455078,0.9053646922111511,0.7656279802322388,0.05796253681182861,22.004329681396484,1.0,1.0,-1.0,22.004328568925562,0.9999999911912996,0.9999999932501897,-1.0,0.9581207482993197,0.849801768831961,7701,0.4556115771873565,0.5271074624397641,0.32666666666666666,semana
fotovoltaica,2026-09-07,27648,0.30233651399612427,0.9184744096243428,0.06937657912420016,0.8664689476474812,0.07549986988306046,0.6054393080587684,0.16550925374031067,0.3023365162037037,0.30233651399612427,0.8962794592654624,0.8121409214092141,411510.4375,16.519917719309,0.5549588096455697,0.45800884751822324,-0.1408615306081069,18.821170806884766,0.6322655081748962,0.5474234819412231,-0.15746015310287476,22.430936813354492,0.7535295486450195,0.6400637030601501,-0.10066556930541992,29.767826080322266,1.0,1.0,-1.0,29.76782460881562,0.9999999268360408,1.0000000028539258,-1.0,0.9386574074074074,0.7971049168560833,9603,0.5076623071554521,0.5053475220821145,0.31030707857871787,semana
fotovoltaica,2026-09-14,28032,0.3671875,0.9687421008021899,0.059513649315005974,0.9627770672577786,0.05930333584547043,0.816076665435504,0.09407106041908264,0.3671875,0.3671875,0.8916739531720587,0.9386377582327674,545869.25,19.120675801311723,0.49095161896586975,0.4326810298558331,-0.36065332291141006,19.632930755615234,0.504104495048523,0.4426362216472626,-0.34071600437164307,20.846717834472656,0.5352702736854553,0.4557265639305115,-0.15536916255950928,38.94615173339844,1.0,1.0,-1.0,38.946147625603274,0.9999999177833436,1.0000000337397275,-1.0,0.905037100456621,0.7413776352861168,11529,0.36406707987747877,0.4730944722686088,0.3287908094484497,semana
fotovoltaica,2026-09-21,16128,0.19921875,0.7644128196182518,0.08899565643383972,0.7177950129297075,0.10521319508552551,0.45365972380563263,0.1902281790971756,0.19921875,0.19921875,0.9200124494242141,0.5880246667992839,120693.5078125,13.975040176175446,0.9337264781114202,0.7994449836987386,0.2619355211759533,18.36143684387207,1.2267985343933105,1.0832542181015015,0.8027656078338623,28.702999114990234,1.9177583456039429,1.8126709461212158,1.2975730895996094,14.96695327758789,1.0,1.0,-1.0,14.966952994023496,1.0000000093733747,0.9999999520434005,-1.0,0.9699900793650794,0.8493619670090259,4265,0.4943319957729799,0.4396341837674162,0.31328196205153697,semana
eolica,2026-09-01,175392,0.4868580102920532,0.9211046985556921,0.094829297325705,0.8992856477865641,0.09501730650663376,0.7655997778458657,0.17226555943489075,0.628524206314482,0.32584723830223083,0.9417971448981742,0.8190929183259831,2814538.5,23.68414762871141,0.7379558000174721,0.5532317534836844,-0.02023347624120797,24.191574096679688,0.7537662982940674,0.587492823600769,-0.0025300979614257812,26.907026290893555,0.8383749127388,0.670943558216095,0.010095477104187012,28.818622589111328,0.8979368805885315,0.8185407519340515,-0.4669839143753052,32.094263182367555,1.0000000014357258,0.9999999994288656,-1.0,0.8858499817551542,0.7807497277230622,90967,0.7649739539745912,0.8386947501817342,0.5227414546387382,mes
fotovoltaica,2026-09-01,95328,0.29816004633903503,0.9073594410037715,0.06838288045873522,0.8666983324204157,0.07331196218729019,0.6582928655073894,0.13853222131729126,0.29816003692514265,0.29816004633903503,0.9031418217640643,0.8107254524208066,1336844.0,17.027802822286343,0.6071113710511146,0.5168483787917296,-0.13103497592704882,18.283580780029297,0.6518850326538086,0.5645642876625061,-0.10005336999893188,22.407182693481445,0.7989084720611572,0.6949650645256042,0.033939480781555176,28.0472469329834,1.0,1.0,-1.0,28.047247931921216,1.0000000190202394,1.000000020798435,-1.0,0.9388742027526016,0.7949899729092637,33098,0.44663287623855225,0.500867026281666,0.3211345829614202,mes
