timestamp,tree_working_set_bytes,max_process_peak_ws_bytes,free_bytes_Y,free_bytes_C
2026-09-24T17:08:53.6855779-03:00,18731008,26513408,590362910720,24552710144
2026-09-24T17:09:23.8574581-03:00,1100443648,1210531840,590362402816,24554287104
2026-09-24T17:09:54.0593212-03:00,1172627456,1255735296,590361485312,24553390080
2026-09-24T17:10:24.2030227-03:00,1222651904,1258147840,590360502272,24551600128
2026-09-24T17:10:54.4026864-03:00,1187713024,1265283072,590359584768,24551534592
2026-09-24T17:11:24.6341847-03:00,1185849344,1265283072,590358667264,24550526976
2026-09-24T17:11:54.8340470-03:00,1177198592,1265283072,590357680128,24549330944
2026-09-24T17:12:25.0703526-03:00,1209573376,1268699136,590356631552,24549240832
2026-09-24T17:12:55.2832271-03:00,1201582080,1268699136,590355775488,24551432192
2026-09-24T17:13:25.4900688-03:00,1230315520,1272320000,590354792448,24550281216
